country,year,production_tonnes,yield_t_ha,area_harvested_ha,producer_price_lcu_tonne,region,subregion,production_growth_rate,production_ma3,production_deviation_from_ma3,production_intensity
Algeria,2000,1556.0,3618.6,430.0,61.83,Northern Africa,North Africa,,1556.0,0.0,3.6186046511627907
Algeria,2001,1087.0,2717.5,400.0,63.33,Northern Africa,North Africa,-30.141388174807194,1321.5,-17.74498675747257,2.7175
Algeria,2002,837.0,3348.0,250.0,62.88,Northern Africa,North Africa,-22.999080036798524,1160.0,-27.844827586206893,3.348
Algeria,2003,981.0,2885.3,340.0,66.91,Northern Africa,North Africa,17.204301075268823,968.3333333333334,1.3080895008605813,2.885294117647059
Algeria,2004,679.0,3172.9,214.0,76.81,Northern Africa,North Africa,-30.78491335372069,832.3333333333334,-18.422106527833403,3.1728971962616823
Algeria,2005,1148.0,3386.4,339.0,73.98,Northern Africa,North Africa,69.0721649484536,936.0,22.64957264957265,3.3864306784660765
Algeria,2006,2456.0,6566.8,374.0,76.11,Northern Africa,North Africa,113.93728222996518,1427.6666666666667,72.02895166939061,6.566844919786096
Algeria,2007,1644.0,8562.5,192.0,85.96,Northern Africa,North Africa,-33.06188925081434,1749.3333333333333,-6.02134146341463,8.5625
Algeria,2008,1015.0,4471.4,227.0,98.49,Northern Africa,North Africa,-38.26034063260341,1705.0,-40.469208211143695,4.47136563876652
Algeria,2009,575.0,3091.4,186.0,92.57,Northern Africa,North Africa,-43.34975369458128,1078.0,-46.66048237476809,3.0913978494623655
Algeria,2010,359.0,2582.7,139.0,93.95,Northern Africa,North Africa,-37.56521739130435,649.6666666666666,-44.740892765520776,2.58273381294964
Algeria,2011,575.0,2337.4,246.0,100.06,Northern Africa,North Africa,60.16713091922006,503.0,14.314115308151093,2.33739837398374
Algeria,2012,1755.0,2558.3,686.0,105.5,Northern Africa,North Africa,205.21739130434784,896.3333333333334,95.79769431015247,2.558309037900875
Algeria,2013,1245.0,3364.9,370.0,109.88,Northern Africa,North Africa,-29.059829059829056,1191.6666666666667,4.475524475524469,3.364864864864865
Algeria,2014,2572.0,2616.5,983.0,114.05,Northern Africa,North Africa,106.58634538152612,1857.3333333333333,38.47810480976311,2.6164801627670395
Algeria,2015,2794.0,3924.2,712.0,96.43,Northern Africa,North Africa,8.63141524105755,2203.6666666666665,26.788685524126464,3.9241573033707864
Algeria,2016,3686.5,4512.2,817.0,89.51,Northern Africa,North Africa,31.943450250536863,3017.5,22.17067108533554,4.5122399020807835
Algeria,2017,2634.0,1300.7,2025.0,94.51,Northern Africa,North Africa,-28.550115285501153,3038.1666666666665,-13.302978770091608,1.3007407407407408
Algeria,2018,5512.0,4441.6,1241.0,99.82,Northern Africa,North Africa,109.26347760060744,3944.1666666666665,39.750686668075225,4.441579371474617
Algeria,2019,6368.0,4153.9,1533.0,100.14,Northern Africa,North Africa,15.52975326560233,4838.0,31.624638280281108,4.153946510110893
Algeria,2020,3221.0,6073.9,530.0,98.09,Northern Africa,North Africa,-49.41896984924623,5033.666666666667,-36.010860207933256,6.077358490566038
Algeria,2021,18491.0,5127.8,3606.0,97.8,Northern Africa,North Africa,474.07637379695745,9360.0,97.55341880341881,5.127842484747643
Algeria,2022,11000.0,5500.0,2000.0,101.64,Northern Africa,North Africa,-40.5116002379536,10904.0,0.880410858400587,5.5
Algeria,2023,12000.0,6000.0,2000.0,114.96,Northern Africa,North Africa,9.090909090909083,13830.333333333334,-13.234195367670102,6.0
Algeria,2024,12000.0,6000.0,2000.0,120.03,Northern Africa,North Africa,0.0,11666.666666666666,2.8571428571428625,6.0
Angola,2000,394607.0,574.5,686853.0,,Southern Africa,Southern Africa,,394607.0,0.0,0.5745144885441281
Angola,2001,428769.0,575.4,745169.0,,Southern Africa,Southern Africa,8.657220981888303,411688.0,4.1490157595072,0.5753983324588113
Angola,2002,546860.0,670.6,815428.0,,Southern Africa,Southern Africa,27.541869864659052,456745.3333333333,19.729739986396506,0.6706416752919939
Angola,2003,618684.0,755.9,818445.0,,Southern Africa,Southern Africa,13.13389167245731,531437.6666666666,16.41703981589563,0.755926177079706
Angola,2004,577000.0,540.4,1067772.0,,Southern Africa,Southern Africa,-6.737526750328115,580848.0,-0.6624796848745282,0.5403775337806198
Angola,2005,734372.0,673.6,1090250.0,,Southern Africa,Southern Africa,27.274176776429805,643352.0,14.147776023079123,0.6735812886952534
Angola,2006,526084.0,468.7,1122456.0,,Southern Africa,Southern Africa,-28.362737141394277,612485.3333333334,-14.10667792861435,0.4686900867383666
Angola,2007,615894.0,509.1,1209857.0,,Southern Africa,Southern Africa,17.071418252598434,625450.0,-1.5278599408425935,0.5090634678313222
Angola,2008,702387.0,794.6,883943.0,,Southern Africa,Southern Africa,14.043488002805681,614788.3333333334,14.248589622986765,0.7946066658144247
Angola,2009,970231.0,661.4,1466891.0,,Southern Africa,Southern Africa,38.13339369891526,762837.3333333334,27.18714168857318,0.6614199691728969
Angola,2010,1072737.0,720.0,1489815.0,40500.0,Southern Africa,Southern Africa,10.565112844260804,915118.3333333334,17.223856295451768,0.7200471199444226
Angola,2010,1072737.0,720.0,1489815.0,40500.0,Southern Africa,Southern Africa,0.0,1038568.3333333334,3.289977709699727,0.7200471199444226
Angola,2010,1072737.0,720.0,1489815.0,440.7,Southern Africa,Southern Africa,0.0,1072737.0,0.0,0.7200471199444226
Angola,2010,1072737.0,720.0,1489815.0,100.93,Southern Africa,Southern Africa,0.0,1072737.0,0.0,0.7200471199444226
Angola,2011,1262222.0,737.6,1711142.0,37400.0,Southern Africa,Southern Africa,17.66369576140283,1135898.6666666667,11.121003751508344,0.7376488917927325
Angola,2011,1262222.0,737.6,1711142.0,37400.0,Southern Africa,Southern Africa,0.0,1199060.3333333333,5.267597043351453,0.7376488917927325
Angola,2011,1262222.0,737.6,1711142.0,398.1,Southern Africa,Southern Africa,0.0,1262222.0,0.0,0.7376488917927325
Angola,2011,1262222.0,737.6,1711142.0,93.2,Southern Africa,Southern Africa,0.0,1262222.0,0.0,0.7376488917927325
Angola,2012,454343.0,777.0,584732.0,66200.0,Southern Africa,Southern Africa,-64.00450950783619,992929.0,-54.242146215892575,0.7770106647147753
Angola,2012,454343.0,777.0,584732.0,66200.0,Southern Africa,Southern Africa,0.0,723636.0,-37.21387548435954,0.7770106647147753
Angola,2012,454343.0,777.0,584732.0,693.4,Southern Africa,Southern Africa,0.0,454343.0,0.0,0.7770106647147753
Angola,2012,454343.0,777.0,584732.0,164.97,Southern Africa,Southern Africa,0.0,454343.0,0.0,0.7770106647147753
Angola,2013,1548750.0,946.7,1635980.0,37420.0,Southern Africa,Southern Africa,240.87682653854029,819145.3333333334,89.06901339444852,0.9466802772650033
Angola,2013,1548750.0,946.7,1635980.0,37420.0,Southern Africa,Southern Africa,0.0,1183947.6666666667,30.812369803507632,0.9466802772650033
Angola,2013,1548750.0,946.7,1635980.0,387.7,Southern Africa,Southern Africa,0.0,1548750.0,0.0,0.9466802772650033
Angola,2013,1548750.0,946.7,1635980.0,93.25,Southern Africa,Southern Africa,0.0,1548750.0,0.0,0.9466802772650033
Angola,2014,1686869.0,1038.6,1624186.0,37830.0,Southern Africa,Southern Africa,8.918095238095237,1594789.6666666667,5.773760343317996,1.0385934862140174
Angola,2014,1686869.0,1038.6,1624186.0,37830.0,Southern Africa,Southern Africa,0.0,1640829.3333333333,2.805877840636691,1.0385934862140174
Angola,2014,1686869.0,1038.6,1624186.0,384.8,Southern Africa,Southern Africa,0.0,1686869.0,0.0,1.0385934862140174
Angola,2014,1686869.0,1038.6,1624186.0,94.27,Southern Africa,Southern Africa,0.0,1686869.0,0.0,1.0385934862140174
Angola,2015,1878305.0,1123.4,1671922.0,103.51,Southern Africa,Southern Africa,11.348599090978606,1750681.0,7.2899631629063215,1.123440567203494
Angola,2016,2238456.0,978.5,2287574.0,102.22,Southern Africa,Southern Africa,19.17425551228369,1934543.3333333333,15.709788528903468,0.9785283448754007
Angola,2017,2380522.0,893.5,2664361.0,101.06,Southern Africa,Southern Africa,6.3466067682366845,2165761.0,9.91619112173504,0.8934682649986244
Angola,2018,2765316.0,1047.7,2639535.0,110.22,Southern Africa,Southern Africa,16.164269853418702,2461431.3333333335,12.345851885095575,1.0476527115571492
Angola,2019,2818684.0,1066.6,2642691.0,110.88,Southern Africa,Southern Africa,1.9299060215902886,2654840.6666666665,6.171494033163579,1.0665961325028162
Angola,2020,2972177.0,1099.3,2703660.0,111.72,Southern Africa,Southern Africa,5.445555443604189,2852059.0,4.211623953080915,1.099316112233047
Angola,2021,2970208.0,1083.6,2741091.0,112.45,Southern Africa,Southern Africa,-0.0662477369281822,2920356.3333333335,1.707040544938061,1.083586061170534
Angola,2022,3089902.0,1120.3,2758105.0,112.84,Southern Africa,Southern Africa,4.02981878710178,3010762.3333333335,2.6285590792232303,1.1202989008757824
Angola,2023,3214698.0,1155.1,2783097.0,109.28,Southern Africa,Southern Africa,4.038833594075153,3091602.6666666665,3.9816026380276606,1.155079395364229
Angola,2024,3352459.0,1189.0,2819479.0,109.42,Southern Africa,Southern Africa,4.285348110460152,3219019.6666666665,4.145340729511961,1.1890349245374765
Benin,2000,750442.0,1148.1,653630.0,95.26,Western Africa,West Africa,,750442.0,0.0,1.1481143766350994
Benin,2001,685902.0,1100.2,623412.0,97.78,Western Africa,West Africa,-8.600264910546052,718172.0,-4.493352567351554,1.1002386864545437
Benin,2002,797496.0,1164.4,684882.0,99.96,Western Africa,West Africa,16.269671177515164,744613.3333333334,7.102030584106286,1.1644283248793224
Benin,2003,788320.0,1189.9,662533.0,101.93,Western Africa,West Africa,-1.150601382326677,757239.3333333334,4.104470713354381,1.1898577127478933
Benin,2004,842017.0,1179.0,714154.0,103.74,Western Africa,West Africa,6.811573980109609,809277.6666666666,4.045500658406081,1.1790412152000829
Benin,2005,864698.0,1144.7,755397.0,105.45,Western Africa,West Africa,2.6936510783036383,831678.3333333334,3.9702449063840737,1.1446934525818875
Benin,2006,864772.0,1227.3,704610.0,107.1,Western Africa,West Africa,0.008557901140049395,857162.3333333334,0.8877742722401428,1.227305885525326
Benin,2007,931600.0,1334.4,698120.0,108.7,Western Africa,West Africa,7.7278172743798335,887023.3333333334,5.0254221046421135,1.3344410703030998
Benin,2008,978063.0,1127.9,867154.0,110.27,Western Africa,West Africa,4.987440961786183,924811.6666666666,5.758073265367548,1.1279000039208722
Benin,2009,1205200.0,1397.7,862281.0,179000.0,Western Africa,West Africa,23.223146157251627,1038287.6666666666,16.075731099570035,1.3976882246042763
Benin,2009,1205200.0,1397.7,862281.0,179000.0,Western Africa,West Africa,0.0,1129487.6666666667,6.703245689859967,1.3976882246042763
Benin,2009,1205200.0,1397.7,862281.0,379.1,Western Africa,West Africa,0.0,1205200.0,0.0,1.3976882246042763
Benin,2009,1205200.0,1397.7,862281.0,113.34,Western Africa,West Africa,0.0,1205200.0,0.0,1.3976882246042763
Benin,2010,1012630.0,1102.8,918237.0,124000.0,Western Africa,West Africa,-15.978260869565219,1141010.0,-11.251435132032148,1.102798079362953
Benin,2010,1012630.0,1102.8,918237.0,124000.0,Western Africa,West Africa,0.0,1076820.0,-5.961070559610706,1.102798079362953
Benin,2010,1012630.0,1102.8,918237.0,250.4,Western Africa,West Africa,0.0,1012630.0,0.0,1.102798079362953
Benin,2010,1012630.0,1102.8,918237.0,78.51,Western Africa,West Africa,0.0,1012630.0,0.0,1.102798079362953
Benin,2011,1165957.0,1421.6,820161.0,148000.0,Western Africa,West Africa,15.141463318290004,1063739.0,9.609312058691089,1.421619657603812
Benin,2011,1165957.0,1421.6,820161.0,129000.0,Western Africa,West Africa,0.0,1114848.0,4.584391773587072,1.421619657603812
Benin,2011,1165957.0,1421.6,820161.0,132000.0,Western Africa,West Africa,0.0,1165957.0,0.0,1.421619657603812
Benin,2011,1165957.0,1421.6,820161.0,140000.0,Western Africa,West Africa,0.0,1165957.0,0.0,1.421619657603812
Benin,2011,1165957.0,1421.6,820161.0,167000.0,Western Africa,West Africa,0.0,1165957.0,0.0,1.421619657603812
Benin,2011,1165957.0,1421.6,820161.0,183000.0,Western Africa,West Africa,0.0,1165957.0,0.0,1.421619657603812
Benin,2011,1165957.0,1421.6,820161.0,168000.0,Western Africa,West Africa,0.0,1165957.0,0.0,1.421619657603812
Benin,2011,1165957.0,1421.6,820161.0,162000.0,Western Africa,West Africa,0.0,1165957.0,0.0,1.421619657603812
Benin,2011,1165957.0,1421.6,820161.0,175000.0,Western Africa,West Africa,0.0,1165957.0,0.0,1.421619657603812
Benin,2011,1165957.0,1421.6,820161.0,128000.0,Western Africa,West Africa,0.0,1165957.0,0.0,1.421619657603812
Benin,2011,1165957.0,1421.6,820161.0,123000.0,Western Africa,West Africa,0.0,1165957.0,0.0,1.421619657603812
Benin,2011,1165957.0,1421.6,820161.0,127000.0,Western Africa,West Africa,0.0,1165957.0,0.0,1.421619657603812
Benin,2011,1165957.0,1421.6,820161.0,147000.0,Western Africa,West Africa,0.0,1165957.0,0.0,1.421619657603812
Benin,2011,1165957.0,1421.6,820161.0,148000.0,Western Africa,West Africa,0.0,1165957.0,0.0,1.421619657603812
Benin,2011,1165957.0,1421.6,820161.0,313.6,Western Africa,West Africa,0.0,1165957.0,0.0,1.421619657603812
Benin,2011,1165957.0,1421.6,820161.0,93.71,Western Africa,West Africa,0.0,1165957.0,0.0,1.421619657603812
Benin,2012,1185019.9,1262.2,938846.0,152000.0,Western Africa,West Africa,1.6349573783595694,1172311.3,1.0840635930063849,1.2622090310871004
Benin,2012,1185019.9,1262.2,938846.0,86.17,Western Africa,West Africa,0.0,1178665.5999999999,0.5391096507779686,1.2622090310871004
Benin,2013,1316597.69,1308.4,1006289.0,88.77,Western Africa,West Africa,11.103424507892235,1228879.1633333333,7.138092115479459,1.308369355125615
Benin,2014,1354344.16,1399.1,968030.0,105.25,Western Africa,West Africa,2.8669706993029953,1285320.5833333333,5.37014481536286,1.399072508083427
Benin,2015,1286059.66,1281.3,1003715.0,93.71,Western Africa,West Africa,-5.041886842115528,1319000.5033333332,-2.49740945891122,1.2812996318676118
Benin,2016,1376682.55,1376.2,1000361.0,159583.3,Western Africa,West Africa,7.046554123313387,1339028.79,2.812020195622531,1.3761857469453527
Benin,2016,1376682.55,1376.2,1000361.0,156818.0,Western Africa,West Africa,0.0,1346474.92,2.2434602792304608,1.3761857469453527
Benin,2016,1376682.55,1376.2,1000361.0,158182.0,Western Africa,West Africa,0.0,1376682.55,0.0,1.3761857469453527
Benin,2016,1376682.55,1376.2,1000361.0,165000.0,Western Africa,West Africa,0.0,1376682.55,0.0,1.3761857469453527
Benin,2016,1376682.55,1376.2,1000361.0,190455.0,Western Africa,West Africa,0.0,1376682.55,0.0,1.3761857469453527
Benin,2016,1376682.55,1376.2,1000361.0,179091.0,Western Africa,West Africa,0.0,1376682.55,0.0,1.3761857469453527
Benin,2016,1376682.55,1376.2,1000361.0,175909.0,Western Africa,West Africa,0.0,1376682.55,0.0,1.3761857469453527
Benin,2016,1376682.55,1376.2,1000361.0,171818.0,Western Africa,West Africa,0.0,1376682.55,0.0,1.3761857469453527
Benin,2016,1376682.55,1376.2,1000361.0,158636.0,Western Africa,West Africa,0.0,1376682.55,0.0,1.3761857469453527
Benin,2016,1376682.55,1376.2,1000361.0,146818.0,Western Africa,West Africa,0.0,1376682.55,0.0,1.3761857469453527
Benin,2016,1376682.55,1376.2,1000361.0,137727.0,Western Africa,West Africa,0.0,1376682.55,0.0,1.3761857469453527
Benin,2016,1376682.55,1376.2,1000361.0,136364.0,Western Africa,West Africa,0.0,1376682.55,0.0,1.3761857469453527
Benin,2016,1376682.55,1376.2,1000361.0,138182.0,Western Africa,West Africa,0.0,1376682.55,0.0,1.3761857469453527
Benin,2016,1376682.55,1376.2,1000361.0,159583.3,Western Africa,West Africa,0.0,1376682.55,0.0,1.3761857469453527
Benin,2016,1376682.55,1376.2,1000361.0,269.3,Western Africa,West Africa,0.0,1376682.55,0.0,1.3761857469453527
Benin,2016,1376682.55,1376.2,1000361.0,101.04,Western Africa,West Africa,0.0,1376682.55,0.0,1.3761857469453527
Benin,2017,1454284.09,1321.5,1100513.0,161302.8,Western Africa,West Africa,5.636850703163199,1402549.7300000002,3.6885936301167632,1.3214601644869257
Benin,2017,1454284.09,1321.5,1100513.0,161302.8,Western Africa,West Africa,0.0,1428416.9100000001,1.810898472211445,1.3214601644869257
Benin,2017,1454284.09,1321.5,1100513.0,277.8,Western Africa,West Africa,0.0,1454284.09,0.0,1.3214601644869257
Benin,2017,1454284.09,1321.5,1100513.0,102.13,Western Africa,West Africa,0.0,1454284.09,0.0,1.3214601644869257
Benin,2018,1509758.35,1304.0,1157805.0,136090.2,Western Africa,West Africa,3.814540802684574,1472775.51,2.511098246059244,1.3039832700670666
Benin,2018,1509758.35,1304.0,1157805.0,140091.0,Western Africa,West Africa,0.0,1491266.9300000004,1.2399805580077934,1.3039832700670666
Benin,2018,1509758.35,1304.0,1157805.0,142818.0,Western Africa,West Africa,0.0,1509758.35,0.0,1.3039832700670666
Benin,2018,1509758.35,1304.0,1157805.0,157364.0,Western Africa,West Africa,0.0,1509758.35,0.0,1.3039832700670666
Benin,2018,1509758.35,1304.0,1157805.0,167182.0,Western Africa,West Africa,0.0,1509758.35,0.0,1.3039832700670666
Benin,2018,1509758.35,1304.0,1157805.0,160500.0,Western Africa,West Africa,0.0,1509758.35,0.0,1.3039832700670666
Benin,2018,1509758.35,1304.0,1157805.0,136333.0,Western Africa,West Africa,0.0,1509758.35,0.0,1.3039832700670666
Benin,2018,1509758.35,1304.0,1157805.0,142205.0,Western Africa,West Africa,0.0,1509758.35,0.0,1.3039832700670666
Benin,2018,1509758.35,1304.0,1157805.0,125698.0,Western Africa,West Africa,0.0,1509758.35,0.0,1.3039832700670666
Benin,2018,1509758.35,1304.0,1157805.0,121957.0,Western Africa,West Africa,0.0,1509758.35,0.0,1.3039832700670666
Benin,2018,1509758.35,1304.0,1157805.0,119235.0,Western Africa,West Africa,0.0,1509758.35,0.0,1.3039832700670666
Benin,2018,1509758.35,1304.0,1157805.0,108142.0,Western Africa,West Africa,0.0,1509758.35,0.0,1.3039832700670666
Benin,2018,1509758.35,1304.0,1157805.0,111557.0,Western Africa,West Africa,0.0,1509758.35,0.0,1.3039832700670666
Benin,2018,1509758.35,1304.0,1157805.0,136090.2,Western Africa,West Africa,0.0,1509758.35,0.0,1.3039832700670666
Benin,2018,1509758.35,1304.0,1157805.0,245.0,Western Africa,West Africa,0.0,1509758.35,0.0,1.3039832700670666
Benin,2018,1509758.35,1304.0,1157805.0,86.17,Western Africa,West Africa,0.0,1509758.35,0.0,1.3039832700670666
Benin,2019,1580750.0,1075.2,1470250.0,140196.2,Western Africa,West Africa,4.702186280340825,1533422.2333333334,3.086414533313901,1.0751572861758205
Benin,2019,1580750.0,1075.2,1470250.0,140196.2,Western Africa,West Africa,0.0,1557086.1166666665,1.5197543077445206,1.0751572861758205
Benin,2019,1580750.0,1075.2,1470250.0,239.3,Western Africa,West Africa,0.0,1580750.0,0.0,1.0751572861758205
Benin,2019,1580750.0,1075.2,1470250.0,88.77,Western Africa,West Africa,0.0,1580750.0,0.0,1.0751572861758205
Benin,2020,1611615.13,1271.8,1267159.0,166221.5,Western Africa,West Africa,1.952562391269952,1591038.3766666667,1.2932908240995968,1.2718333926523822
Benin,2020,1611615.13,1271.8,1267159.0,138537.8,Western Africa,West Africa,0.0,1601326.7533333332,0.642490774930872,1.2718333926523822
Benin,2020,1611615.13,1271.8,1267159.0,146909.1,Western Africa,West Africa,0.0,1611615.13,0.0,1.2718333926523822
Benin,2020,1611615.13,1271.8,1267159.0,153909.1,Western Africa,West Africa,0.0,1611615.13,0.0,1.2718333926523822
Benin,2020,1611615.13,1271.8,1267159.0,153957.2,Western Africa,West Africa,0.0,1611615.13,0.0,1.2718333926523822
Benin,2020,1611615.13,1271.8,1267159.0,171939.2,Western Africa,West Africa,0.0,1611615.13,0.0,1.2718333926523822
Benin,2020,1611615.13,1271.8,1267159.0,178636.4,Western Africa,West Africa,0.0,1611615.13,0.0,1.2718333926523822
Benin,2020,1611615.13,1271.8,1267159.0,194805.5,Western Africa,West Africa,0.0,1611615.13,0.0,1.2718333926523822
Benin,2020,1611615.13,1271.8,1267159.0,187379.2,Western Africa,West Africa,0.0,1611615.13,0.0,1.2718333926523822
Benin,2020,1611615.13,1271.8,1267159.0,175552.7,Western Africa,West Africa,0.0,1611615.13,0.0,1.2718333926523822
Benin,2020,1611615.13,1271.8,1267159.0,156254.3,Western Africa,West Africa,0.0,1611615.13,0.0,1.2718333926523822
Benin,2020,1611615.13,1271.8,1267159.0,164197.7,Western Africa,West Africa,0.0,1611615.13,0.0,1.2718333926523822
Benin,2020,1611615.13,1271.8,1267159.0,172579.5,Western Africa,West Africa,0.0,1611615.13,0.0,1.2718333926523822
Benin,2020,1611615.13,1271.8,1267159.0,166221.5,Western Africa,West Africa,0.0,1611615.13,0.0,1.2718333926523822
Benin,2020,1611615.13,1271.8,1267159.0,289.4,Western Africa,West Africa,0.0,1611615.13,0.0,1.2718333926523822
Benin,2020,1611615.13,1271.8,1267159.0,105.25,Western Africa,West Africa,0.0,1611615.13,0.0,1.2718333926523822
Benin,2021,1628148.88,1206.4,1349543.0,212727.6,Western Africa,West Africa,1.0259118130766076,1617126.38,0.6816103018491356,1.2064446112498823
Benin,2021,1628148.88,1206.4,1349543.0,204505.2,Western Africa,West Africa,0.0,1622637.63,0.3396476143598371,1.2064446112498823
Benin,2021,1628148.88,1206.4,1349543.0,216302.7,Western Africa,West Africa,0.0,1628148.88,0.0,1.2064446112498823
Benin,2021,1628148.88,1206.4,1349543.0,230031.5,Western Africa,West Africa,0.0,1628148.88,0.0,1.2064446112498823
Benin,2021,1628148.88,1206.4,1349543.0,226099.8,Western Africa,West Africa,0.0,1628148.88,0.0,1.2064446112498823
Benin,2021,1628148.88,1206.4,1349543.0,237609.0,Western Africa,West Africa,0.0,1628148.88,0.0,1.2064446112498823
Benin,2021,1628148.88,1206.4,1349543.0,246348.4,Western Africa,West Africa,0.0,1628148.88,0.0,1.2064446112498823
Benin,2021,1628148.88,1206.4,1349543.0,210942.1,Western Africa,West Africa,0.0,1628148.88,0.0,1.2064446112498823
Benin,2021,1628148.88,1206.4,1349543.0,209489.3,Western Africa,West Africa,0.0,1628148.88,0.0,1.2064446112498823
Benin,2021,1628148.88,1206.4,1349543.0,203333.3,Western Africa,West Africa,0.0,1628148.88,0.0,1.2064446112498823
Benin,2021,1628148.88,1206.4,1349543.0,191622.2,Western Africa,West Africa,0.0,1628148.88,0.0,1.2064446112498823
Benin,2021,1628148.88,1206.4,1349543.0,177929.2,Western Africa,West Africa,0.0,1628148.88,0.0,1.2064446112498823
Benin,2021,1628148.88,1206.4,1349543.0,198518.0,Western Africa,West Africa,0.0,1628148.88,0.0,1.2064446112498823
Benin,2021,1628148.88,1206.4,1349543.0,212727.6,Western Africa,West Africa,0.0,1628148.88,0.0,1.2064446112498823
Benin,2021,1628148.88,1206.4,1349543.0,383.6,Western Africa,West Africa,0.0,1628148.88,0.0,1.2064446112498823
Benin,2021,1628148.88,1206.4,1349543.0,134.69,Western Africa,West Africa,0.0,1628148.88,0.0,1.2064446112498823
Benin,2022,1619605.06,1164.3,1391073.0,200988.6,Western Africa,West Africa,-0.524756679499716,1625300.9400000002,-0.3504507909778309,1.164284735596191
Benin,2022,1619605.06,1164.3,1391073.0,228693.4,Western Africa,West Africa,0.0,1622453.0,-0.1755329738365268,1.164284735596191
Benin,2022,1619605.06,1164.3,1391073.0,227093.0,Western Africa,West Africa,0.0,1619605.06,0.0,1.164284735596191
Benin,2022,1619605.06,1164.3,1391073.0,230031.5,Western Africa,West Africa,0.0,1619605.06,0.0,1.164284735596191
Benin,2022,1619605.06,1164.3,1391073.0,224983.2,Western Africa,West Africa,0.0,1619605.06,0.0,1.164284735596191
Benin,2022,1619605.06,1164.3,1391073.0,261648.4,Western Africa,West Africa,0.0,1619605.06,0.0,1.164284735596191
Benin,2022,1619605.06,1164.3,1391073.0,178312.2,Western Africa,West Africa,0.0,1619605.06,0.0,1.164284735596191
Benin,2022,1619605.06,1164.3,1391073.0,203553.3,Western Africa,West Africa,0.0,1619605.06,0.0,1.164284735596191
Benin,2022,1619605.06,1164.3,1391073.0,171725.1,Western Africa,West Africa,0.0,1619605.06,0.0,1.164284735596191
Benin,2022,1619605.06,1164.3,1391073.0,174916.0,Western Africa,West Africa,0.0,1619605.06,0.0,1.164284735596191
Benin,2022,1619605.06,1164.3,1391073.0,169370.4,Western Africa,West Africa,0.0,1619605.06,0.0,1.164284735596191
Benin,2022,1619605.06,1164.3,1391073.0,163899.2,Western Africa,West Africa,0.0,1619605.06,0.0,1.164284735596191
Benin,2022,1619605.06,1164.3,1391073.0,177637.0,Western Africa,West Africa,0.0,1619605.06,0.0,1.164284735596191
Benin,2022,1619605.06,1164.3,1391073.0,200988.6,Western Africa,West Africa,0.0,1619605.06,0.0,1.164284735596191
Benin,2022,1619605.06,1164.3,1391073.0,322.7,Western Africa,West Africa,0.0,1619605.06,0.0,1.164284735596191
Benin,2022,1619605.06,1164.3,1391073.0,127.26,Western Africa,West Africa,0.0,1619605.06,0.0,1.164284735596191
Benin,2023,2059254.0,991.9,2075990.0,180424.7,Western Africa,West Africa,27.14544124726308,1766154.7066666668,16.595335177998706,0.991938304134413
Benin,2023,2059254.0,991.9,2075990.0,185098.0,Western Africa,West Africa,0.0,1912704.3533333335,7.6619079373803665,0.991938304134413
Benin,2023,2059254.0,991.9,2075990.0,167456.3,Western Africa,West Africa,0.0,2059254.0,0.0,0.991938304134413
Benin,2023,2059254.0,991.9,2075990.0,179947.7,Western Africa,West Africa,0.0,2059254.0,0.0,0.991938304134413
Benin,2023,2059254.0,991.9,2075990.0,182515.8,Western Africa,West Africa,0.0,2059254.0,0.0,0.991938304134413
Benin,2023,2059254.0,991.9,2075990.0,183804.2,Western Africa,West Africa,0.0,2059254.0,0.0,0.991938304134413
Benin,2023,2059254.0,991.9,2075990.0,197747.0,Western Africa,West Africa,0.0,2059254.0,0.0,0.991938304134413
Benin,2023,2059254.0,991.9,2075990.0,165325.6,Western Africa,West Africa,0.0,2059254.0,0.0,0.991938304134413
Benin,2023,2059254.0,991.9,2075990.0,174100.6,Western Africa,West Africa,0.0,2059254.0,0.0,0.991938304134413
Benin,2023,2059254.0,991.9,2075990.0,169754.1,Western Africa,West Africa,0.0,2059254.0,0.0,0.991938304134413
Benin,2023,2059254.0,991.9,2075990.0,196827.1,Western Africa,West Africa,0.0,2059254.0,0.0,0.991938304134413
Benin,2023,2059254.0,991.9,2075990.0,177925.0,Western Africa,West Africa,0.0,2059254.0,0.0,0.991938304134413
Benin,2023,2059254.0,991.9,2075990.0,184595.2,Western Africa,West Africa,0.0,2059254.0,0.0,0.991938304134413
Benin,2023,2059254.0,991.9,2075990.0,180424.7,Western Africa,West Africa,0.0,2059254.0,0.0,0.991938304134413
Benin,2023,2059254.0,991.9,2075990.0,297.4,Western Africa,West Africa,0.0,2059254.0,0.0,0.991938304134413
Benin,2023,2059254.0,991.9,2075990.0,114.24,Western Africa,West Africa,0.0,2059254.0,0.0,0.991938304134413
Benin,2024,2094824.35,1190.5,1759588.0,247080.3,Western Africa,West Africa,1.7273415518435309,2071110.7833333332,1.1449685288442788,1.1905197978163071
Benin,2024,2094824.35,1190.5,1759588.0,214677.5,Western Africa,West Africa,0.0,2082967.5666666667,0.5692255377892238,1.1905197978163071
Benin,2024,2094824.35,1190.5,1759588.0,249477.5,Western Africa,West Africa,0.0,2094824.35,0.0,1.1905197978163071
Benin,2024,2094824.35,1190.5,1759588.0,289387.5,Western Africa,West Africa,0.0,2094824.35,0.0,1.1905197978163071
Benin,2024,2094824.35,1190.5,1759588.0,315247.5,Western Africa,West Africa,0.0,2094824.35,0.0,1.1905197978163071
Benin,2024,2094824.35,1190.5,1759588.0,307022.5,Western Africa,West Africa,0.0,2094824.35,0.0,1.1905197978163071
Benin,2024,2094824.35,1190.5,1759588.0,289283.3,Western Africa,West Africa,0.0,2094824.35,0.0,1.1905197978163071
Benin,2024,2094824.35,1190.5,1759588.0,279641.7,Western Africa,West Africa,0.0,2094824.35,0.0,1.1905197978163071
Benin,2024,2094824.35,1190.5,1759588.0,246078.3,Western Africa,West Africa,0.0,2094824.35,0.0,1.1905197978163071
Benin,2024,2094824.35,1190.5,1759588.0,218104.5,Western Africa,West Africa,0.0,2094824.35,0.0,1.1905197978163071
Benin,2024,2094824.35,1190.5,1759588.0,184237.9,Western Africa,West Africa,0.0,2094824.35,0.0,1.1905197978163071
Benin,2024,2094824.35,1190.5,1759588.0,176638.3,Western Africa,West Africa,0.0,2094824.35,0.0,1.1905197978163071
Benin,2024,2094824.35,1190.5,1759588.0,195166.7,Western Africa,West Africa,0.0,2094824.35,0.0,1.1905197978163071
Benin,2024,2094824.35,1190.5,1759588.0,247080.3,Western Africa,West Africa,0.0,2094824.35,0.0,1.1905197978163071
Benin,2024,2094824.35,1190.5,1759588.0,407.5,Western Africa,West Africa,0.0,2094824.35,0.0,1.1905197978163071
Benin,2024,2094824.35,1190.5,1759588.0,156.44,Western Africa,West Africa,0.0,2094824.35,0.0,1.1905197978163071
Botswana,2000,9347.0,112.3,83258.0,643.0,Southern Africa,Southern Africa,,9347.0,0.0,0.11226548800115305
Botswana,2000,9347.0,112.3,83258.0,643.0,Southern Africa,Southern Africa,0.0,9347.0,0.0,0.11226548800115305
Botswana,2000,9347.0,112.3,83258.0,126.0,Southern Africa,Southern Africa,0.0,9347.0,0.0,0.11226548800115305
Botswana,2000,9347.0,112.3,83258.0,31.12,Southern Africa,Southern Africa,0.0,9347.0,0.0,0.11226548800115305
Botswana,2001,4976.0,199.2,24977.0,508.0,Southern Africa,Southern Africa,-46.76366748689419,7890.0,-36.93282636248416,0.19922328542258877
Botswana,2001,4976.0,199.2,24977.0,508.0,Southern Africa,Southern Africa,0.0,6433.0,-22.648841908907198,0.19922328542258877
Botswana,2001,4976.0,199.2,24977.0,87.0,Southern Africa,Southern Africa,0.0,4976.0,0.0,0.19922328542258877
Botswana,2001,4976.0,199.2,24977.0,24.59,Southern Africa,Southern Africa,0.0,4976.0,0.0,0.19922328542258877
Botswana,2002,16447.0,294.7,55803.0,711.0,Southern Africa,Southern Africa,230.5265273311897,8799.666666666666,86.90480700026517,0.2947332580685626
Botswana,2002,16447.0,294.7,55803.0,711.0,Southern Africa,Southern Africa,0.0,12623.333333333334,30.290467388434113,0.2947332580685626
Botswana,2002,16447.0,294.7,55803.0,112.4,Southern Africa,Southern Africa,0.0,16447.0,0.0,0.2947332580685626
Botswana,2002,16447.0,294.7,55803.0,34.41,Southern Africa,Southern Africa,0.0,16447.0,0.0,0.2947332580685626
Botswana,2003,1633.0,214.4,7617.0,933.0,Southern Africa,Southern Africa,-90.07113759348209,11509.0,-85.81110435311496,0.2143888670080084
Botswana,2003,1633.0,214.4,7617.0,933.0,Southern Africa,Southern Africa,0.0,6571.0,-75.14837924212449,0.2143888670080084
Botswana,2003,1633.0,214.4,7617.0,188.5,Southern Africa,Southern Africa,0.0,1633.0,0.0,0.2143888670080084
Botswana,2003,1633.0,214.4,7617.0,45.16,Southern Africa,Southern Africa,0.0,1633.0,0.0,0.2143888670080084
Botswana,2004,7529.0,174.3,43208.0,950.0,Southern Africa,Southern Africa,361.053276178812,3598.3333333333335,109.235757295044,0.17425013886317348
Botswana,2004,7529.0,174.3,43208.0,950.0,Southern Africa,Southern Africa,0.0,5563.666666666667,35.32442633754717,0.17425013886317348
Botswana,2004,7529.0,174.3,43208.0,202.4,Southern Africa,Southern Africa,0.0,7529.0,0.0,0.17425013886317348
Botswana,2004,7529.0,174.3,43208.0,45.98,Southern Africa,Southern Africa,0.0,7529.0,0.0,0.17425013886317348
Botswana,2005,16080.0,229.7,70000.0,42.31,Southern Africa,Southern Africa,113.57417983795987,10379.333333333334,54.92324490975656,0.2297142857142857
Botswana,2006,15162.0,251.1,60373.0,42.65,Southern Africa,Southern Africa,-5.708955223880596,12923.666666666666,17.31964612726007,0.2511387540788101
Botswana,2007,2158.0,121.9,17705.0,44.9,Southern Africa,Southern Africa,-85.76704920195225,11133.333333333334,-80.61676646706587,0.12188647274781135
Botswana,2008,8967.0,184.4,48633.0,49.67,Southern Africa,Southern Africa,315.5236329935125,8762.333333333334,2.3357553163160425,0.18438097588057492
Botswana,2009,20093.0,242.9,82710.0,48.88,Southern Africa,Southern Africa,124.0771718523475,10406.0,93.09052469729002,0.2429331398863499
Botswana,2010,10572.0,161.7,65388.0,50.77,Southern Africa,Southern Africa,-47.38466132483949,13210.666666666666,-19.97375857892612,0.16168104239309966
Botswana,2011,35222.0,347.3,101425.0,2000.0,Southern Africa,Southern Africa,233.16307226636397,21962.333333333332,60.37458072153839,0.34727138279516884
Botswana,2011,35222.0,347.3,101425.0,2000.0,Southern Africa,Southern Africa,0.0,27005.333333333332,30.426088673842212,0.34727138279516884
Botswana,2011,35222.0,347.3,101425.0,292.5,Southern Africa,Southern Africa,0.0,35222.0,0.0,0.34727138279516884
Botswana,2011,35222.0,347.3,101425.0,96.8,Southern Africa,Southern Africa,0.0,35222.0,0.0,0.34727138279516884
Botswana,2012,7677.0,137.0,56051.0,2000.0,Southern Africa,Southern Africa,-78.20396343194595,26040.333333333332,-70.51881056310083,0.13696455014183512
Botswana,2012,7677.0,137.0,56051.0,2000.0,Southern Africa,Southern Africa,0.0,16858.666666666668,-54.46259095223031,0.13696455014183512
Botswana,2012,7677.0,137.0,56051.0,262.5,Southern Africa,Southern Africa,0.0,7677.0,0.0,0.13696455014183512
Botswana,2012,7677.0,137.0,56051.0,96.8,Southern Africa,Southern Africa,0.0,7677.0,0.0,0.13696455014183512
Botswana,2013,3844.0,84.9,45267.0,3320.0,Southern Africa,Southern Africa,-49.92835743128826,6399.333333333333,-39.9312428377956,0.08491837320785561
Botswana,2013,3844.0,84.9,45267.0,3320.0,Southern Africa,Southern Africa,0.0,5121.666666666667,-24.946306540839576,0.08491837320785561
Botswana,2013,3844.0,84.9,45267.0,395.3,Southern Africa,Southern Africa,0.0,3844.0,0.0,0.08491837320785561
Botswana,2013,3844.0,84.9,45267.0,160.68,Southern Africa,Southern Africa,0.0,3844.0,0.0,0.08491837320785561
Botswana,2014,28550.0,274.0,104197.0,2160.0,Southern Africa,Southern Africa,642.7159209157128,12079.333333333334,136.35410342734144,0.27400021113851647
Botswana,2014,28550.0,274.0,104197.0,2160.0,Southern Africa,Southern Africa,0.0,20314.666666666668,40.5388553426096,0.27400021113851647
Botswana,2014,28550.0,274.0,104197.0,240.6,Southern Africa,Southern Africa,0.0,28550.0,0.0,0.27400021113851647
Botswana,2014,28550.0,274.0,104197.0,104.54,Southern Africa,Southern Africa,0.0,28550.0,0.0,0.27400021113851647
Botswana,2015,3792.0,255.2,14857.0,97.48,Southern Africa,Southern Africa,-86.71803852889668,20297.333333333332,-81.31774288904946,0.2552332233963788
Botswana,2016,15095.45,250.3,60320.0,97.98,Southern Africa,Southern Africa,298.0867616033755,15812.483333333332,-4.534602935022843,0.25025613395225466
Botswana,2017,12265.0,240.3,51030.0,103.58,Southern Africa,Southern Africa,-18.750351927236352,10384.15,18.112700606212357,0.2403488144228885
Botswana,2018,24633.18,321.5,76608.0,108.14,Southern Africa,Southern Africa,100.84125560538118,17331.210000000003,42.13191115911697,0.3215484022556391
Botswana,2019,7277.64,202.9,35862.0,97.62,Southern Africa,Southern Africa,-70.45594600453535,14725.273333333336,-50.57721622371696,0.20293458256650496
Botswana,2020,61946.57,667.0,92872.0,94.86,Southern Africa,Southern Africa,751.190358412892,31285.796666666665,98.00221378412505,0.6670101860625377
Botswana,2021,67436.11,798.0,84503.0,90.6,Southern Africa,Southern Africa,8.861733587509368,45553.44,48.03736007642891,0.7980321408707384
Botswana,2022,29782.35,438.4,67932.0,93.83,Southern Africa,Southern Africa,-55.83619814369483,53055.01,-43.86515052961069,0.43841414944356116
Botswana,2023,32740.39,609.4,53729.0,91.56,Southern Africa,Southern Africa,9.932191381808364,43319.61666666667,-24.421330290318824,0.6093616110480373
Botswana,2024,18000.0,600.0,30000.0,91.53,Southern Africa,Southern Africa,-45.022035473615304,26840.91333333334,-32.938198575955084,0.6
Burkina Faso,2000,423494.0,1754.3,241401.0,65000.0,Western Africa,West Africa,,423494.0,0.0,1.7543175048984885
Burkina Faso,2000,423494.0,1754.3,241401.0,65000.0,Western Africa,West Africa,0.0,423494.0,0.0,1.7543175048984885
Burkina Faso,2000,423494.0,1754.3,241401.0,91.3,Western Africa,West Africa,0.0,423494.0,0.0,1.7543175048984885
Burkina Faso,2000,423494.0,1754.3,241401.0,48.57,Western Africa,West Africa,0.0,423494.0,0.0,1.7543175048984885
Burkina Faso,2001,606291.0,1811.5,334682.0,82000.0,Western Africa,West Africa,43.16401176876177,484426.3333333333,25.15649094220725,1.8115434950191525
Burkina Faso,2001,606291.0,1811.5,334682.0,82000.0,Western Africa,West Africa,0.0,545358.6666666666,11.172891723856356,1.8115434950191525
Burkina Faso,2001,606291.0,1811.5,334682.0,111.9,Western Africa,West Africa,0.0,606291.0,0.0,1.8115434950191525
Burkina Faso,2001,606291.0,1811.5,334682.0,61.28,Western Africa,West Africa,0.0,606291.0,0.0,1.8115434950191525
Burkina Faso,2002,653081.0,1738.1,375755.0,101000.0,Western Africa,West Africa,7.717416224222351,621887.6666666666,5.015911233700841,1.7380500592141155
Burkina Faso,2002,653081.0,1738.1,375755.0,101000.0,Western Africa,West Africa,0.0,637484.3333333334,2.446596073210682,1.7380500592141155
Burkina Faso,2002,653081.0,1738.1,375755.0,144.9,Western Africa,West Africa,0.0,653081.0,0.0,1.7380500592141155
Burkina Faso,2002,653081.0,1738.1,375755.0,75.48,Western Africa,West Africa,0.0,653081.0,0.0,1.7380500592141155
Burkina Faso,2003,665508.0,1528.4,435425.0,87000.0,Western Africa,West Africa,1.9028267550273315,657223.3333333334,1.2605557725177075,1.5284101739679623
Burkina Faso,2003,665508.0,1528.4,435425.0,87000.0,Western Africa,West Africa,0.0,661365.6666666666,0.6263302651029722,1.5284101739679623
Burkina Faso,2003,665508.0,1528.4,435425.0,149.7,Western Africa,West Africa,0.0,665508.0,0.0,1.5284101739679623
Burkina Faso,2003,665508.0,1528.4,435425.0,65.02,Western Africa,West Africa,0.0,665508.0,0.0,1.5284101739679623
Burkina Faso,2004,481474.0,1266.6,380124.0,89175.0,Western Africa,West Africa,-27.65316119415544,604163.3333333334,-20.307312040342296,1.2666235228504383
Burkina Faso,2004,481474.0,1266.6,380124.0,89175.0,Western Africa,West Africa,0.0,542818.6666666666,-11.301134326011871,1.2666235228504383
Burkina Faso,2004,481474.0,1266.6,380124.0,168.8,Western Africa,West Africa,0.0,481474.0,0.0,1.2666235228504383
Burkina Faso,2004,481474.0,1266.6,380124.0,66.64,Western Africa,West Africa,0.0,481474.0,0.0,1.2666235228504383
Burkina Faso,2005,799052.0,1805.8,442497.0,101300.0,Western Africa,West Africa,65.95953260196812,587333.3333333334,36.047446083995446,1.8057794742111246
Burkina Faso,2005,799052.0,1805.8,442497.0,101300.0,Western Africa,West Africa,0.0,693192.6666666666,15.271271382944047,1.8057794742111246
Burkina Faso,2005,799052.0,1805.8,442497.0,192.0,Western Africa,West Africa,0.0,799052.0,0.0,1.8057794742111246
Burkina Faso,2005,799052.0,1805.8,442497.0,75.7,Western Africa,West Africa,0.0,799052.0,0.0,1.8057794742111246
Burkina Faso,2006,866664.0,1944.4,445732.0,104339.0,Western Africa,West Africa,8.461526909387619,821589.3333333334,5.486277004569999,1.944361185645186
Burkina Faso,2006,866664.0,1944.4,445732.0,104339.0,Western Africa,West Africa,0.0,844126.6666666666,2.6698994621660304,1.944361185645186
Burkina Faso,2006,866664.0,1944.4,445732.0,199.5,Western Africa,West Africa,0.0,866664.0,0.0,1.944361185645186
Burkina Faso,2006,866664.0,1944.4,445732.0,77.97,Western Africa,West Africa,0.0,866664.0,0.0,1.944361185645186
Burkina Faso,2007,553874.0,1173.6,471927.0,131832.0,Western Africa,West Africa,-36.09126489619968,762400.6666666666,-27.351322707832537,1.173643381285665
Burkina Faso,2007,553874.0,1173.6,471927.0,131832.0,Western Africa,West Africa,0.0,658137.3333333334,-15.842184913786998,1.173643381285665
Burkina Faso,2007,553874.0,1173.6,471927.0,275.1,Western Africa,West Africa,0.0,553874.0,0.0,1.173643381285665
Burkina Faso,2007,553874.0,1173.6,471927.0,98.52,Western Africa,West Africa,0.0,553874.0,0.0,1.173643381285665
Burkina Faso,2008,1013634.0,1666.2,608368.0,90.56,Western Africa,West Africa,83.0080487619928,707127.3333333334,43.345328658393434,1.6661527233516555
Burkina Faso,2009,894558.0,1528.6,585230.0,93.32,Western Africa,West Africa,-11.747435464871936,820688.6666666666,9.000895995476975,1.5285580028364916
Burkina Faso,2010,1133452.0,1434.2,790321.0,95.82,Western Africa,West Africa,26.705255556375327,1013881.3333333334,11.793359117635065,1.4341666234352877
Burkina Faso,2011,1076753.0,1535.6,701196.0,98.13,Western Africa,West Africa,-5.002329167887131,1034921.0,4.042047653878895,1.5355948978602274
Burkina Faso,2012,1556316.0,1838.6,846488.0,100.3,Western Africa,West Africa,44.53788380436367,1255507.0,23.959165500471123,1.8385564827853438
Burkina Faso,2013,1585418.0,1735.3,913630.0,99.01,Western Africa,West Africa,1.8699287291269906,1406162.3333333333,12.747864340935514,1.7352954697196896
Burkina Faso,2014,1433085.0,1910.9,749935.0,100.62,Western Africa,West Africa,-9.60838088125655,1524939.6666666667,-6.023495137184668,1.9109456152866582
Burkina Faso,2015,1469612.0,1792.0,820117.0,98.86,Western Africa,West Africa,2.5488369496575514,1496038.3333333333,-1.766420869340464,1.7919540748454184
Burkina Faso,2016,1602525.0,1757.7,911728.0,100.52,Western Africa,West Africa,9.044087827263247,1501740.6666666667,6.711167618377069,1.757678825263675
Burkina Faso,2017,1533431.0,1603.4,956386.0,697.0,Western Africa,West Africa,-4.31157080232758,1535189.3333333333,-0.11453527556209717,1.6033599404424574
Burkina Faso,2017,1533431.0,1603.4,956386.0,704.0,Western Africa,West Africa,0.0,1556462.3333333333,-1.47972314138879,1.6033599404424574
Burkina Faso,2017,1533431.0,1603.4,956386.0,733.0,Western Africa,West Africa,0.0,1533431.0,0.0,1.6033599404424574
Burkina Faso,2017,1533431.0,1603.4,956386.0,736.0,Western Africa,West Africa,0.0,1533431.0,0.0,1.6033599404424574
Burkina Faso,2017,1533431.0,1603.4,956386.0,773.0,Western Africa,West Africa,0.0,1533431.0,0.0,1.6033599404424574
Burkina Faso,2017,1533431.0,1603.4,956386.0,778.0,Western Africa,West Africa,0.0,1533431.0,0.0,1.6033599404424574
Burkina Faso,2017,1533431.0,1603.4,956386.0,775.0,Western Africa,West Africa,0.0,1533431.0,0.0,1.6033599404424574
Burkina Faso,2017,1533431.0,1603.4,956386.0,751.0,Western Africa,West Africa,0.0,1533431.0,0.0,1.6033599404424574
Burkina Faso,2017,1533431.0,1603.4,956386.0,742.0,Western Africa,West Africa,0.0,1533431.0,0.0,1.6033599404424574
Burkina Faso,2017,1533431.0,1603.4,956386.0,751.0,Western Africa,West Africa,0.0,1533431.0,0.0,1.6033599404424574
Burkina Faso,2017,1533431.0,1603.4,956386.0,753.0,Western Africa,West Africa,0.0,1533431.0,0.0,1.6033599404424574
Burkina Faso,2017,1533431.0,1603.4,956386.0,767.0,Western Africa,West Africa,0.0,1533431.0,0.0,1.6033599404424574
Burkina Faso,2017,1533431.0,1603.4,956386.0,102.34,Western Africa,West Africa,0.0,1533431.0,0.0,1.6033599404424574
Burkina Faso,2018,1700127.04,1668.1,1019181.0,104.92,Western Africa,West Africa,10.870788447605406,1588996.3466666667,6.993766446754828,1.6681306264539861
Burkina Faso,2019,1710897.56,1685.8,1014907.0,108.53,Western Africa,West Africa,0.6335126579717354,1648151.8666666665,3.8070334780638095,1.6857678191203727
Burkina Faso,2020,1920101.0,1762.5,1089389.0,124000.0,Western Africa,West Africa,12.227701113794321,1777041.8666666665,8.050408716688287,1.7625485478557246
Burkina Faso,2020,1920101.0,1762.5,1089389.0,124000.0,Western Africa,West Africa,0.0,1850366.5200000003,3.7686847036121116,1.7625485478557246
Burkina Faso,2020,1920101.0,1762.5,1089389.0,215.4,Western Africa,West Africa,0.0,1920101.0,0.0,1.7625485478557246
Burkina Faso,2020,1920101.0,1762.5,1089389.0,92.67,Western Africa,West Africa,0.0,1920101.0,0.0,1.7625485478557246
Burkina Faso,2021,1853510.0,1520.8,1218764.0,171000.0,Western Africa,West Africa,-3.468098813552001,1897904.0,-2.3391067198340907,1.5208112481169447
Burkina Faso,2021,1853510.0,1520.8,1218764.0,171000.0,Western Africa,West Africa,0.0,1875707.0,-1.1833937816513986,1.5208112481169447
Burkina Faso,2021,1853510.0,1520.8,1218764.0,308.4,Western Africa,West Africa,0.0,1853510.0,0.0,1.5208112481169447
Burkina Faso,2021,1853510.0,1520.8,1218764.0,127.79,Western Africa,West Africa,0.0,1853510.0,0.0,1.5208112481169447
Burkina Faso,2022,1810276.28,1660.2,1090429.0,232000.0,Western Africa,West Africa,-2.332532330551218,1839098.76,-1.5672067551173805,1.6601505279114916
Burkina Faso,2022,1810276.28,1660.2,1090429.0,206000.0,Western Africa,West Africa,0.0,1824687.5200000003,-0.7897922160392822,1.6601505279114916
Burkina Faso,2022,1810276.28,1660.2,1090429.0,210000.0,Western Africa,West Africa,0.0,1810276.28,0.0,1.6601505279114916
Burkina Faso,2022,1810276.28,1660.2,1090429.0,228000.0,Western Africa,West Africa,0.0,1810276.28,0.0,1.6601505279114916
Burkina Faso,2022,1810276.28,1660.2,1090429.0,258000.0,Western Africa,West Africa,0.0,1810276.28,0.0,1.6601505279114916
Burkina Faso,2022,1810276.28,1660.2,1090429.0,259000.0,Western Africa,West Africa,0.0,1810276.28,0.0,1.6601505279114916
Burkina Faso,2022,1810276.28,1660.2,1090429.0,259000.0,Western Africa,West Africa,0.0,1810276.28,0.0,1.6601505279114916
Burkina Faso,2022,1810276.28,1660.2,1090429.0,257000.0,Western Africa,West Africa,0.0,1810276.28,0.0,1.6601505279114916
Burkina Faso,2022,1810276.28,1660.2,1090429.0,254000.0,Western Africa,West Africa,0.0,1810276.28,0.0,1.6601505279114916
Burkina Faso,2022,1810276.28,1660.2,1090429.0,243000.0,Western Africa,West Africa,0.0,1810276.28,0.0,1.6601505279114916
Burkina Faso,2022,1810276.28,1660.2,1090429.0,202000.0,Western Africa,West Africa,0.0,1810276.28,0.0,1.6601505279114916
Burkina Faso,2022,1810276.28,1660.2,1090429.0,194000.0,Western Africa,West Africa,0.0,1810276.28,0.0,1.6601505279114916
Burkina Faso,2022,1810276.28,1660.2,1090429.0,214000.0,Western Africa,West Africa,0.0,1810276.28,0.0,1.6601505279114916
Burkina Faso,2022,1810276.28,1660.2,1090429.0,232000.0,Western Africa,West Africa,0.0,1810276.28,0.0,1.6601505279114916
Burkina Faso,2022,1810276.28,1660.2,1090429.0,371.9,Western Africa,West Africa,0.0,1810276.28,0.0,1.6601505279114916
Burkina Faso,2022,1810276.28,1660.2,1090429.0,173.37,Western Africa,West Africa,0.0,1810276.28,0.0,1.6601505279114916
Burkina Faso,2023,1995359.46,1636.7,1219167.0,115.25,Western Africa,West Africa,10.224029450355498,1871970.673333333,6.591384599362021,1.6366580296218647
Burkina Faso,2024,1850000.0,1681.8,1100000.0,130.48,Western Africa,West Africa,-7.284875878955665,1885211.9133333333,-1.8677960331299555,1.6818181818181819
Burundi,2000,117840.0,1052.1,112000.0,182300.0,Eastern Africa,East Africa,,117840.0,0.0,1.052142857142857
Burundi,2000,117840.0,1052.1,112000.0,182300.0,Eastern Africa,East Africa,0.0,117840.0,0.0,1.052142857142857
Burundi,2000,117840.0,1052.1,112000.0,253.0,Eastern Africa,East Africa,0.0,117840.0,0.0,1.052142857142857
Burundi,2000,117840.0,1052.1,112000.0,29.53,Eastern Africa,East Africa,0.0,117840.0,0.0,1.052142857142857
Burundi,2001,124395.0,1081.7,115000.0,182500.0,Eastern Africa,East Africa,5.562627291242372,120025.0,3.640908144136638,1.081695652173913
Burundi,2001,124395.0,1081.7,115000.0,182500.0,Eastern Africa,East Africa,0.0,122210.0,1.787906063333606,1.081695652173913
Burundi,2001,124395.0,1081.7,115000.0,219.8,Eastern Africa,East Africa,0.0,124395.0,0.0,1.081695652173913
Burundi,2001,124395.0,1081.7,115000.0,29.56,Eastern Africa,East Africa,0.0,124395.0,0.0,1.081695652173913
Burundi,2002,126799.0,1093.1,116000.0,174483.0,Eastern Africa,East Africa,1.9325535592266574,125196.33333333333,1.2801226872991527,1.093094827586207
Burundi,2002,126799.0,1093.1,116000.0,174483.0,Eastern Africa,East Africa,0.0,125997.66666666667,0.6359906135827873,1.093094827586207
Burundi,2002,126799.0,1093.1,116000.0,187.5,Eastern Africa,East Africa,0.0,126799.0,0.0,1.093094827586207
Burundi,2002,126799.0,1093.1,116000.0,28.26,Eastern Africa,East Africa,0.0,126799.0,0.0,1.093094827586207
Burundi,2003,120575.0,1067.0,113000.0,196542.0,Eastern Africa,East Africa,-4.90855606116768,124724.33333333333,-3.326803377047512,1.0670353982300884
Burundi,2003,120575.0,1067.0,113000.0,196542.0,Eastern Africa,East Africa,0.0,122649.66666666667,-1.6915387730364846,1.0670353982300884
Burundi,2003,120575.0,1067.0,113000.0,181.5,Eastern Africa,East Africa,0.0,120575.0,0.0,1.0670353982300884
Burundi,2003,120575.0,1067.0,113000.0,31.84,Eastern Africa,East Africa,0.0,120575.0,0.0,1.0670353982300884
Burundi,2004,123199.0,1080.7,114000.0,260800.0,Eastern Africa,East Africa,2.176238855484147,121449.66666666667,1.4403772207416474,1.0806929824561404
Burundi,2004,123199.0,1080.7,114000.0,260800.0,Eastern Africa,East Africa,0.0,122324.33333333333,0.715038981069456,1.0806929824561404
Burundi,2004,123199.0,1080.7,114000.0,236.9,Eastern Africa,East Africa,0.0,123199.0,0.0,1.0806929824561404
Burundi,2004,123199.0,1080.7,114000.0,42.25,Eastern Africa,East Africa,0.0,123199.0,0.0,1.0806929824561404
Burundi,2005,125666.0,1083.3,116000.0,339900.0,Eastern Africa,East Africa,2.002451318598375,124021.33333333333,1.3261159370430935,1.0833275862068965
Burundi,2005,125666.0,1083.3,116000.0,339900.0,Eastern Africa,East Africa,0.0,124843.66666666667,0.6586904688797417,1.0833275862068965
Burundi,2005,125666.0,1083.3,116000.0,314.3,Eastern Africa,East Africa,0.0,125666.0,0.0,1.0833275862068965
Burundi,2005,125666.0,1083.3,116000.0,55.06,Eastern Africa,East Africa,0.0,125666.0,0.0,1.0833275862068965
Burundi,2006,116825.0,1015.9,115000.0,300200.0,Eastern Africa,East Africa,-7.035315837219292,122719.0,-4.802842265663833,1.0158695652173912
Burundi,2006,116825.0,1015.9,115000.0,300200.0,Eastern Africa,East Africa,0.0,119772.0,-2.4605082991016265,1.0158695652173912
Burundi,2006,116825.0,1015.9,115000.0,291.8,Eastern Africa,East Africa,0.0,116825.0,0.0,1.0158695652173912
Burundi,2006,116825.0,1015.9,115000.0,48.63,Eastern Africa,East Africa,0.0,116825.0,0.0,1.0158695652173912
Burundi,2007,115507.0,1020.4,113202.0,339200.0,Eastern Africa,East Africa,-1.1281831799700437,116385.66666666667,-0.7549612352036518,1.0203618310630553
Burundi,2007,115507.0,1020.4,113202.0,339200.0,Eastern Africa,East Africa,0.0,115946.33333333333,-0.37891093293161077,1.0203618310630553
Burundi,2007,115507.0,1020.4,113202.0,313.5,Eastern Africa,East Africa,0.0,115507.0,0.0,1.0203618310630553
Burundi,2007,115507.0,1020.4,113202.0,54.95,Eastern Africa,East Africa,0.0,115507.0,0.0,1.0203618310630553
Burundi,2008,117681.0,1004.1,117200.0,62.3,Eastern Africa,East Africa,1.8821370133411897,116231.66666666667,1.2469350005018671,1.00410409556314
Burundi,2009,120379.0,1003.2,120000.0,69.86,Eastern Africa,East Africa,2.292638573771466,117855.66666666667,2.141036918038161,1.0031583333333334
Burundi,2010,126412.0,1059.5,119309.0,75.9,Eastern Africa,East Africa,5.011671470937618,121490.66666666667,4.050791281634799,1.0595344860823577
Burundi,2011,128483.0,1108.7,115882.0,84.66,Eastern Africa,East Africa,1.6382938328639796,125091.33333333333,2.711352238630978,1.1087399250962187
Burundi,2012,140536.0,1176.3,119478.0,558000.0,Eastern Africa,East Africa,9.38100760411884,131810.33333333334,6.619865412676288,1.1762500209243543
Burundi,2012,140536.0,1176.3,119478.0,558000.0,Eastern Africa,East Africa,0.0,136518.33333333334,2.9429502752987924,1.1762500209243543
Burundi,2012,140536.0,1176.3,119478.0,386.8,Eastern Africa,East Africa,0.0,140536.0,0.0,1.1762500209243543
Burundi,2012,140536.0,1176.3,119478.0,90.39,Eastern Africa,East Africa,0.0,140536.0,0.0,1.1762500209243543
Burundi,2013,162417.0,1321.8,122871.0,571392.0,Eastern Africa,East Africa,15.569676097227747,147829.66666666666,9.867663008552643,1.3218497448543594
Burundi,2013,162417.0,1321.8,122871.0,571392.0,Eastern Africa,East Africa,0.0,155123.33333333334,4.701850140748216,1.3218497448543594
Burundi,2013,162417.0,1321.8,122871.0,367.4,Eastern Africa,East Africa,0.0,162417.0,0.0,1.3218497448543594
Burundi,2013,162417.0,1321.8,122871.0,92.56,Eastern Africa,East Africa,0.0,162417.0,0.0,1.3218497448543594
Burundi,2014,127829.0,1314.5,97242.0,476000.0,Eastern Africa,East Africa,-21.29580031646934,150887.66666666666,-15.282008911706937,1.314545155385533
Burundi,2014,127829.0,1314.5,97242.0,476000.0,Eastern Africa,East Africa,0.0,139358.33333333334,-8.273156730251756,1.314545155385533
Burundi,2014,127829.0,1314.5,97242.0,307.8,Eastern Africa,East Africa,0.0,127829.0,0.0,1.314545155385533
Burundi,2014,127829.0,1314.5,97242.0,77.11,Eastern Africa,East Africa,0.0,127829.0,0.0,1.314545155385533
Burundi,2015,160713.0,1326.2,121179.0,103.55,Eastern Africa,East Africa,25.72499198147524,138790.33333333334,15.79552850702858,1.3262446463496151
Burundi,2016,243740.0,1483.5,164306.0,119.35,Eastern Africa,East Africa,51.66165773770635,177427.33333333334,37.37454958086126,1.4834516085839835
Burundi,2017,228355.0,1297.7,175965.0,1097000.0,Eastern Africa,East Africa,-6.3120538278493505,210936.0,8.25795501953199,1.2977296621487227
Burundi,2017,228355.0,1297.7,175965.0,1097000.0,Eastern Africa,East Africa,0.0,233483.33333333334,-2.196445142408456,1.2977296621487227
Burundi,2017,228355.0,1297.7,175965.0,634.5,Eastern Africa,East Africa,0.0,228355.0,0.0,1.2977296621487227
Burundi,2017,228355.0,1297.7,175965.0,177.7,Eastern Africa,East Africa,0.0,228355.0,0.0,1.2977296621487227
Burundi,2018,290498.0,1528.9,190003.0,617000.0,Eastern Africa,East Africa,27.213330121959235,249069.33333333334,16.63338722283487,1.5289127013783992
Burundi,2018,290498.0,1528.9,190003.0,617000.0,Eastern Africa,East Africa,0.0,269783.6666666667,7.678127289643176,1.5289127013783992
Burundi,2018,290498.0,1528.9,190003.0,346.1,Eastern Africa,East Africa,0.0,290498.0,0.0,1.5289127013783992
Burundi,2018,290498.0,1528.9,190003.0,99.95,Eastern Africa,East Africa,0.0,290498.0,0.0,1.5289127013783992
Burundi,2019,270813.0,1000.2,270755.0,810000.0,Eastern Africa,East Africa,-6.776294501166957,283936.3333333333,-4.621928155255456,1.0002142158039555
Burundi,2019,270813.0,1000.2,270755.0,795000.0,Eastern Africa,East Africa,0.0,277374.6666666667,-2.3656330066192126,1.0002142158039555
Burundi,2019,270813.0,1000.2,270755.0,752000.0,Eastern Africa,East Africa,0.0,270813.0,0.0,1.0002142158039555
Burundi,2019,270813.0,1000.2,270755.0,625000.0,Eastern Africa,East Africa,0.0,270813.0,0.0,1.0002142158039555
Burundi,2019,270813.0,1000.2,270755.0,482000.0,Eastern Africa,East Africa,0.0,270813.0,0.0,1.0002142158039555
Burundi,2019,270813.0,1000.2,270755.0,514000.0,Eastern Africa,East Africa,0.0,270813.0,0.0,1.0002142158039555
Burundi,2019,270813.0,1000.2,270755.0,530000.0,Eastern Africa,East Africa,0.0,270813.0,0.0,1.0002142158039555
Burundi,2019,270813.0,1000.2,270755.0,706000.0,Eastern Africa,East Africa,0.0,270813.0,0.0,1.0002142158039555
Burundi,2019,270813.0,1000.2,270755.0,829000.0,Eastern Africa,East Africa,0.0,270813.0,0.0,1.0002142158039555
Burundi,2019,270813.0,1000.2,270755.0,953000.0,Eastern Africa,East Africa,0.0,270813.0,0.0,1.0002142158039555
Burundi,2019,270813.0,1000.2,270755.0,1023000.0,Eastern Africa,East Africa,0.0,270813.0,0.0,1.0002142158039555
Burundi,2019,270813.0,1000.2,270755.0,1177000.0,Eastern Africa,East Africa,0.0,270813.0,0.0,1.0002142158039555
Burundi,2019,270813.0,1000.2,270755.0,1272000.0,Eastern Africa,East Africa,0.0,270813.0,0.0,1.0002142158039555
Burundi,2019,270813.0,1000.2,270755.0,810000.0,Eastern Africa,East Africa,0.0,270813.0,0.0,1.0002142158039555
Burundi,2019,270813.0,1000.2,270755.0,438.9,Eastern Africa,East Africa,0.0,270813.0,0.0,1.0002142158039555
Burundi,2019,270813.0,1000.2,270755.0,131.21,Eastern Africa,East Africa,0.0,270813.0,0.0,1.0002142158039555
Burundi,2020,405650.0,1167.2,347527.0,1222000.0,Eastern Africa,East Africa,49.78970728879337,315758.6666666667,28.468366136163052,1.1672474368897956
Burundi,2020,405650.0,1167.2,347527.0,128.42,Eastern Africa,East Africa,0.0,360704.3333333333,12.460528613924799,1.1672474368897956
Burundi,2021,610450.0,1219.9,500407.0,117.84,Eastern Africa,East Africa,50.486872920004934,473916.6666666667,28.80956567610339,1.2199069957054958
Burundi,2022,781721.0,1235.8,632566.0,117.42,Eastern Africa,East Africa,28.05651568515031,599273.6666666666,30.44474394280633,1.2357935772709883
Burundi,2023,602629.0,1208.1,498839.0,111.97,Eastern Africa,East Africa,-22.90996404087904,664933.3333333334,-9.370012031281338,1.2080631225706089
Burundi,2024,590000.0,1226.5,481036.0,117.02,Eastern Africa,East Africa,-2.09565088968503,658116.6666666666,-10.350241851748672,1.2265194288992924
Cameroon,2000,741447.0,2461.5,301212.0,58.09,Central Africa,Middle Africa,,741447.0,0.0,2.4615453567586947
Cameroon,2001,738627.0,2440.4,302667.0,130000.0,Central Africa,Middle Africa,-0.38033736733711354,740037.0,-0.19053101398984104,2.440394889432941
Cameroon,2001,738627.0,2440.4,302667.0,130000.0,Central Africa,Middle Africa,0.0,739567.0,-0.1271013985210265,2.440394889432941
Cameroon,2001,738627.0,2440.4,302667.0,177.3,Central Africa,Middle Africa,0.0,738627.0,0.0,2.440394889432941
Cameroon,2001,738627.0,2440.4,302667.0,60.41,Central Africa,Middle Africa,0.0,738627.0,0.0,2.440394889432941
Cameroon,2002,861456.0,2067.9,416579.0,130000.0,Central Africa,Middle Africa,16.629367732292486,779570.0,10.503995792552304,2.067929492365194
Cameroon,2002,861456.0,2067.9,416579.0,130000.0,Central Africa,Middle Africa,0.0,820513.0,4.989927033453461,2.067929492365194
Cameroon,2002,861456.0,2067.9,416579.0,186.5,Central Africa,Middle Africa,0.0,861456.0,0.0,2.067929492365194
Cameroon,2002,861456.0,2067.9,416579.0,60.41,Central Africa,Middle Africa,0.0,861456.0,0.0,2.067929492365194
Cameroon,2003,912280.0,1990.8,458237.0,138500.0,Central Africa,Middle Africa,5.899778978845127,878397.3333333334,3.857328042890229,1.9908475308628504
Cameroon,2003,912280.0,1990.8,458237.0,138500.0,Central Africa,Middle Africa,0.0,895338.6666666666,1.8921704114942026,1.9908475308628504
Cameroon,2003,912280.0,1990.8,458237.0,238.3,Central Africa,Middle Africa,0.0,912280.0,0.0,1.9908475308628504
Cameroon,2003,912280.0,1990.8,458237.0,64.36,Central Africa,Middle Africa,0.0,912280.0,0.0,1.9908475308628504
Cameroon,2004,966106.0,1916.6,504060.0,67.82,Central Africa,Middle Africa,5.900162230894024,930222.0,3.8575737834624424,1.916648811649407
Cameroon,2005,1050396.0,2133.4,492347.0,69.8,Central Africa,Middle Africa,8.7247155074081,976260.6666666666,7.593805206396384,2.1334465326284104
Cameroon,2006,1249489.0,2222.4,562235.0,74.55,Central Africa,Middle Africa,18.95408969569572,1088663.6666666667,14.772729012419195,2.2223607566231203
Cameroon,2007,1322160.0,2000.0,661080.0,81.03,Central Africa,Middle Africa,5.816057604348668,1207348.3333333333,9.509406978654331,2.0
Cameroon,2008,1394832.0,2000.0,697416.0,211543.2,Central Africa,Middle Africa,5.496460337629339,1322160.3333333333,5.496433740638118,2.0
Cameroon,2008,1394832.0,2000.0,697416.0,211543.2,Central Africa,Middle Africa,0.0,1370608.0,1.767390822175268,2.0
Cameroon,2008,1394832.0,2000.0,697416.0,472.4,Central Africa,Middle Africa,0.0,1394832.0,0.0,2.0
Cameroon,2008,1394832.0,2000.0,697416.0,98.3,Central Africa,Middle Africa,0.0,1394832.0,0.0,2.0
Cameroon,2009,1625213.0,1978.7,821371.0,176260.1,Central Africa,Middle Africa,16.51675613980752,1471625.6666666667,10.436576149233597,1.9786588520899813
Cameroon,2009,1625213.0,1978.7,821371.0,176260.1,Central Africa,Middle Africa,0.0,1548419.3333333333,4.959487718443201,1.9786588520899813
Cameroon,2009,1625213.0,1978.7,821371.0,373.3,Central Africa,Middle Africa,0.0,1625213.0,0.0,1.9786588520899813
Cameroon,2009,1625213.0,1978.7,821371.0,81.91,Central Africa,Middle Africa,0.0,1625213.0,0.0,1.9786588520899813
Cameroon,2010,1670321.0,1974.1,846130.0,156260.9,Central Africa,Middle Africa,2.775513117357531,1640249.0,1.8333801758147694,1.974071360192878
Cameroon,2010,1670321.0,1974.1,846130.0,156260.9,Central Africa,Middle Africa,0.0,1655285.0,0.9083632123773248,1.974071360192878
Cameroon,2010,1670321.0,1974.1,846130.0,315.5,Central Africa,Middle Africa,0.0,1670321.0,0.0,1.974071360192878
Cameroon,2010,1670321.0,1974.1,846130.0,72.61,Central Africa,Middle Africa,0.0,1670321.0,0.0,1.974071360192878
Cameroon,2011,1572067.0,2024.0,776694.0,192157.2,Central Africa,Middle Africa,-5.882342376106154,1637569.6666666667,-3.9999926720674934,2.0240493682196594
Cameroon,2011,1572067.0,2024.0,776694.0,192157.2,Central Africa,Middle Africa,0.0,1604818.3333333333,-2.0408125114888342,2.0240493682196594
Cameroon,2011,1572067.0,2024.0,776694.0,407.2,Central Africa,Middle Africa,0.0,1572067.0,0.0,2.0240493682196594
Cameroon,2011,1572067.0,2024.0,776694.0,89.29,Central Africa,Middle Africa,0.0,1572067.0,0.0,2.0240493682196594
Cameroon,2012,1749976.0,1715.2,1020303.0,213868.8,Central Africa,Middle Africa,11.316884076823698,1631370.0,7.2703310714307605,1.715153243693295
Cameroon,2012,1749976.0,1715.2,1020303.0,228631.0,Central Africa,Middle Africa,0.0,1690673.0,3.507656418479505,1.715153243693295
Cameroon,2012,1749976.0,1715.2,1020303.0,228997.0,Central Africa,Middle Africa,0.0,1749976.0,0.0,1.715153243693295
Cameroon,2012,1749976.0,1715.2,1020303.0,229681.0,Central Africa,Middle Africa,0.0,1749976.0,0.0,1.715153243693295
Cameroon,2012,1749976.0,1715.2,1020303.0,246348.0,Central Africa,Middle Africa,0.0,1749976.0,0.0,1.715153243693295
Cameroon,2012,1749976.0,1715.2,1020303.0,270364.0,Central Africa,Middle Africa,0.0,1749976.0,0.0,1.715153243693295
Cameroon,2012,1749976.0,1715.2,1020303.0,252656.0,Central Africa,Middle Africa,0.0,1749976.0,0.0,1.715153243693295
Cameroon,2012,1749976.0,1715.2,1020303.0,230153.0,Central Africa,Middle Africa,0.0,1749976.0,0.0,1.715153243693295
Cameroon,2012,1749976.0,1715.2,1020303.0,228375.0,Central Africa,Middle Africa,0.0,1749976.0,0.0,1.715153243693295
Cameroon,2012,1749976.0,1715.2,1020303.0,220594.0,Central Africa,Middle Africa,0.0,1749976.0,0.0,1.715153243693295
Cameroon,2012,1749976.0,1715.2,1020303.0,186803.0,Central Africa,Middle Africa,0.0,1749976.0,0.0,1.715153243693295
Cameroon,2012,1749976.0,1715.2,1020303.0,192028.0,Central Africa,Middle Africa,0.0,1749976.0,0.0,1.715153243693295
Cameroon,2012,1749976.0,1715.2,1020303.0,208257.0,Central Africa,Middle Africa,0.0,1749976.0,0.0,1.715153243693295
Cameroon,2012,1749976.0,1715.2,1020303.0,213868.8,Central Africa,Middle Africa,0.0,1749976.0,0.0,1.715153243693295
Cameroon,2012,1749976.0,1715.2,1020303.0,418.9,Central Africa,Middle Africa,0.0,1749976.0,0.0,1.715153243693295
Cameroon,2012,1749976.0,1715.2,1020303.0,99.38,Central Africa,Middle Africa,0.0,1749976.0,0.0,1.715153243693295
Cameroon,2013,1647036.0,1978.7,832400.0,104.54,Central Africa,Middle Africa,-5.8823663867390135,1715662.6666666667,-4.000009325842614,1.978659298414224
Cameroon,2014,1959262.0,1764.5,1110400.0,108.86,Central Africa,Middle Africa,18.956841259086012,1785424.6666666667,9.736469792247366,1.7644650576368877
Cameroon,2015,2070572.0,1740.6,1189547.0,94.99,Central Africa,Middle Africa,5.6812207861939745,1892290.0,9.421494591209592,1.7406390836175452
Cameroon,2016,2195941.0,1980.0,1109061.0,96.16,Central Africa,Middle Africa,6.054800316047926,2075258.3333333333,5.815308134328662,1.9800001983660052
Cameroon,2017,2169226.1,1840.0,1178927.0,97.65,Central Africa,Middle Africa,-1.2165581862171981,2145246.3666666667,1.1178078987073947,1.840000356256155
Cameroon,2018,2398636.7,1845.6,1299661.0,104.24,Central Africa,Middle Africa,10.575688721429266,2254601.266666667,6.38851026400262,1.8455864259987798
Cameroon,2019,2217214.9,1905.5,1163612.0,102.01,Central Africa,Middle Africa,-7.5635380714386695,2261692.566666667,-1.9665655413201963,1.9054589502342705
Cameroon,2020,2087957.1,1784.7,1169941.0,100.4,Central Africa,Middle Africa,-5.829737117498168,2234602.9,-6.562499314755199,1.7846687140633588
Cameroon,2021,2100000.0,1770.7,1186000.0,102.74,Central Africa,Middle Africa,0.5767790918692617,2135057.3333333335,-1.6419855704109187,1.7706576728499157
Cameroon,2022,2200000.0,1692.3,1300000.0,101.32,Central Africa,Middle Africa,4.761904761904767,2129319.033333333,3.3194164688426038,1.6923076923076923
Cameroon,2023,2200000.0,1833.3,1200000.0,103.34,Central Africa,Middle Africa,0.0,2166666.6666666665,1.5384615384615457,1.8333333333333333
Cameroon,2024,2200000.0,1833.3,1200000.0,112.31,Central Africa,Middle Africa,0.0,2200000.0,0.0,1.8333333333333333
Central African Republic,2000,100700.0,1060.0,95000.0,,Central Africa,Middle Africa,,100700.0,0.0,1.06
Central African Republic,2001,107000.0,1070.0,100000.0,,Central Africa,Middle Africa,6.256206554121158,103850.0,3.033220991815118,1.07
Central African Republic,2002,113000.0,982.6,115000.0,,Central Africa,Middle Africa,5.607476635514019,106900.0,5.706267539756782,0.9826086956521739
Central African Republic,2003,119000.0,952.0,125000.0,,Central Africa,Middle Africa,5.3097345132743445,113000.0,5.3097345132743365,0.952
Central African Republic,2004,125000.0,961.5,130000.0,,Central Africa,Middle Africa,5.042016806722693,119000.0,5.042016806722689,0.9615384615384616
Central African Republic,2005,131000.0,903.4,145000.0,,Central Africa,Middle Africa,4.800000000000004,125000.0,4.8,0.903448275862069
Central African Republic,2006,131000.0,896.8,146082.0,,Central Africa,Middle Africa,0.0,129000.0,1.550387596899225,0.8967566161470955
Central African Republic,2007,139776.0,850.0,164442.0,,Central Africa,Middle Africa,6.699236641221384,133925.33333333334,4.368603400899997,0.8500018243514431
Central African Republic,2008,146765.0,850.0,172665.0,,Central Africa,Middle Africa,5.000143086080588,139180.33333333334,5.449524717333141,0.8499985521095763
Central African Republic,2009,151168.0,850.0,177845.0,,Central Africa,Middle Africa,3.0000340680679916,145903.0,3.608561852737778,0.8499985942815373
Central African Republic,2010,83308.0,826.7,100776.0,,Central Africa,Middle Africa,-44.89045300592718,127080.33333333333,-34.44461639750184,0.8266650789870604
Central African Republic,2011,84373.0,827.5,101957.0,,Central Africa,Middle Africa,1.2783886301435565,106283.0,-20.614773764383767,0.827535137361829
Central African Republic,2012,84365.0,804.1,104917.0,276000.0,Central Africa,Middle Africa,-0.009481706233038789,84015.33333333333,0.41619386937305675,0.8041118217257451
Central African Republic,2012,84365.0,804.1,104917.0,276000.0,Central Africa,Middle Africa,0.0,84367.66666666667,-0.003160768540876462,0.8041118217257451
Central African Republic,2012,84365.0,804.1,104917.0,540.6,Central Africa,Middle Africa,0.0,84365.0,0.0,0.8041118217257451
Central African Republic,2012,84365.0,804.1,104917.0,85.87,Central Africa,Middle Africa,0.0,84365.0,0.0,0.8041118217257451
Central African Republic,2013,67514.0,792.6,85180.0,308000.0,Central Africa,Middle Africa,-19.973922835298996,78748.0,-14.265759130390613,0.7926038976285513
Central African Republic,2013,67514.0,792.6,85180.0,308000.0,Central Africa,Middle Africa,0.0,73131.0,-7.680737307024381,0.7926038976285513
Central African Republic,2013,67514.0,792.6,85180.0,623.4,Central Africa,Middle Africa,0.0,67514.0,0.0,0.7926038976285513
Central African Republic,2013,67514.0,792.6,85180.0,95.82,Central Africa,Middle Africa,0.0,67514.0,0.0,0.7926038976285513
Central African Republic,2014,79595.0,800.0,99494.0,106.2,Central Africa,Middle Africa,17.894066415854493,71541.0,11.25788009672775,0.7999979898285323
Central African Republic,2015,80455.0,800.0,100568.0,94.04,Central Africa,Middle Africa,1.0804698787612255,75854.66666666667,6.064667522103665,0.8000059661124811
Central African Republic,2016,96239.0,800.0,120299.0,99.76,Central Africa,Middle Africa,19.618420234913934,85429.66666666667,12.652903558092616,0.7999983374757895
Central African Republic,2017,95720.0,800.0,119650.0,105.12,Central Africa,Middle Africa,-0.5392824114963779,90804.66666666667,5.413084496391516,0.8
Central African Republic,2018,99549.0,800.0,124436.0,110.61,Central Africa,Middle Africa,4.000208942749683,97169.33333333333,2.4489893930869875,0.8000016072519207
Central African Republic,2019,103531.0,800.0,129413.0,106.82,Central Africa,Middle Africa,4.00004018121729,99600.0,3.9467871485943773,0.8000046363193806
Central African Republic,2020,202077.0,701.0,288262.0,103.38,Central Africa,Middle Africa,95.18501704803393,135052.33333333334,49.628662469116904,0.7010185178760988
Central African Republic,2021,208140.0,800.0,260175.0,97.16,Central Africa,Middle Africa,3.0003414540002105,171249.33333333334,21.54207899592796,0.8
Central African Republic,2022,214384.0,800.0,267980.0,98.14,Central Africa,Middle Africa,2.999903910829249,208200.33333333334,2.9700560838038954,0.8
Central African Republic,2023,220815.0,800.0,276019.0,100.52,Central Africa,Middle Africa,2.999757444585427,214446.33333333334,2.9698184005633066,0.7999992754121998
Central African Republic,2024,200000.0,740.7,270000.0,102.23,Central Africa,Middle Africa,-9.426442949980752,211733.0,-5.541413006002843,0.7407407407407407
Chad,2000,64014.0,753.0,85014.0,,Central Africa,Middle Africa,,64014.0,0.0,0.7529818618109958
Chad,2001,105295.0,526.7,199917.0,,Central Africa,Middle Africa,64.48745586902864,84654.5,24.382047026442777,0.5266935778348014
Chad,2002,84349.0,712.8,118338.0,,Central Africa,Middle Africa,-19.892682463554777,84552.66666666667,-0.24087550954435283,0.7127803410569724
Chad,2003,117978.0,907.5,130000.0,,Central Africa,Middle Africa,39.86887811355202,102540.66666666667,15.054840030947068,0.9075230769230769
Chad,2004,107422.0,845.1,127118.0,,Central Africa,Middle Africa,-8.947430876943162,103249.66666666667,4.041013853152063,0.8450573482905647
Chad,2005,201305.0,1093.8,184048.0,,Central Africa,Middle Africa,87.39643648414663,142235.0,41.5298625514114,1.0937635834130226
Chad,2006,183946.0,1066.6,172453.0,,Central Africa,Middle Africa,-8.62323340205161,164224.33333333334,12.008979586865927,1.0666442450986646
Chad,2007,201257.0,1021.1,197103.0,139890.0,Central Africa,Middle Africa,9.410914072608257,195502.66666666666,2.94335286134205,1.0210752753636423
Chad,2007,201257.0,1021.1,197103.0,139890.0,Central Africa,Middle Africa,0.0,195486.66666666666,2.9517784674146625,1.0210752753636423
Chad,2007,201257.0,1021.1,197103.0,291.9,Central Africa,Middle Africa,0.0,201257.0,0.0,1.0210752753636423
Chad,2007,201257.0,1021.1,197103.0,65.41,Central Africa,Middle Africa,0.0,201257.0,0.0,1.0210752753636423
Chad,2008,225993.0,961.3,235082.0,204500.0,Central Africa,Middle Africa,12.290752619784652,209502.33333333334,7.871352268152935,0.9613368952110327
Chad,2008,225993.0,961.3,235082.0,204500.0,Central Africa,Middle Africa,0.0,217747.66666666666,3.7866460107494504,0.9613368952110327
Chad,2008,225993.0,961.3,235082.0,456.7,Central Africa,Middle Africa,0.0,225993.0,0.0,0.9613368952110327
Chad,2008,225993.0,961.3,235082.0,95.62,Central Africa,Middle Africa,0.0,225993.0,0.0,0.9613368952110327
Chad,2009,209031.0,983.1,212628.0,226070.0,Central Africa,Middle Africa,-7.505542207059513,220339.0,-5.132091912916007,0.9830831311022067
Chad,2009,209031.0,983.1,212628.0,226070.0,Central Africa,Middle Africa,0.0,214685.0,-2.633626010200992,0.9830831311022067
Chad,2009,209031.0,983.1,212628.0,478.8,Central Africa,Middle Africa,0.0,209031.0,0.0,0.9830831311022067
Chad,2009,209031.0,983.1,212628.0,105.71,Central Africa,Middle Africa,0.0,209031.0,0.0,0.9830831311022067
Chad,2010,215797.0,817.4,263996.0,193940.0,Central Africa,Middle Africa,3.236840468638613,211286.33333333334,2.134859645441647,0.8174252640191518
Chad,2010,215797.0,817.4,263996.0,193940.0,Central Africa,Middle Africa,0.0,213541.66666666666,1.0561560975609803,0.8174252640191518
Chad,2010,215797.0,817.4,263996.0,391.6,Central Africa,Middle Africa,0.0,215797.0,0.0,0.8174252640191518
Chad,2010,215797.0,817.4,263996.0,90.68,Central Africa,Middle Africa,0.0,215797.0,0.0,0.8174252640191518
Chad,2011,299472.0,1227.1,244046.0,196940.0,Central Africa,Middle Africa,38.77486712048823,243688.66666666666,22.8912300667792,1.2271129213345024
Chad,2011,299472.0,1227.1,244046.0,129920.0,Central Africa,Middle Africa,0.0,271580.3333333333,10.270134926314014,1.2271129213345024
Chad,2011,299472.0,1227.1,244046.0,132080.0,Central Africa,Middle Africa,0.0,299472.0,0.0,1.2271129213345024
Chad,2011,299472.0,1227.1,244046.0,144580.0,Central Africa,Middle Africa,0.0,299472.0,0.0,1.2271129213345024
Chad,2011,299472.0,1227.1,244046.0,185250.0,Central Africa,Middle Africa,0.0,299472.0,0.0,1.2271129213345024
Chad,2011,299472.0,1227.1,244046.0,203250.0,Central Africa,Middle Africa,0.0,299472.0,0.0,1.2271129213345024
Chad,2011,299472.0,1227.1,244046.0,210750.0,Central Africa,Middle Africa,0.0,299472.0,0.0,1.2271129213345024
Chad,2011,299472.0,1227.1,244046.0,232920.0,Central Africa,Middle Africa,0.0,299472.0,0.0,1.2271129213345024
Chad,2011,299472.0,1227.1,244046.0,244420.0,Central Africa,Middle Africa,0.0,299472.0,0.0,1.2271129213345024
Chad,2011,299472.0,1227.1,244046.0,217080.0,Central Africa,Middle Africa,0.0,299472.0,0.0,1.2271129213345024
Chad,2011,299472.0,1227.1,244046.0,208500.0,Central Africa,Middle Africa,0.0,299472.0,0.0,1.2271129213345024
Chad,2011,299472.0,1227.1,244046.0,227670.0,Central Africa,Middle Africa,0.0,299472.0,0.0,1.2271129213345024
Chad,2011,299472.0,1227.1,244046.0,226920.0,Central Africa,Middle Africa,0.0,299472.0,0.0,1.2271129213345024
Chad,2011,299472.0,1227.1,244046.0,196940.0,Central Africa,Middle Africa,0.0,299472.0,0.0,1.2271129213345024
Chad,2011,299472.0,1227.1,244046.0,417.4,Central Africa,Middle Africa,0.0,299472.0,0.0,1.2271129213345024
Chad,2011,299472.0,1227.1,244046.0,92.08,Central Africa,Middle Africa,0.0,299472.0,0.0,1.2271129213345024
Chad,2012,455965.0,1367.9,333325.0,101.72,Central Africa,Middle Africa,52.256304429128605,351636.3333333333,29.669478599575893,1.3679291982299557
Chad,2013,417986.0,1227.3,340565.0,111.35,Central Africa,Middle Africa,-8.329367385654596,391141.0,6.863253916106979,1.2273310528093022
Chad,2014,332889.0,1164.0,285993.0,258750.0,Central Africa,Middle Africa,-20.358815845506783,402280.0,-17.249428258924134,1.163976041371642
Chad,2014,332889.0,1164.0,285993.0,257000.0,Central Africa,Middle Africa,0.0,361254.6666666667,-7.851986225783477,1.163976041371642
Chad,2014,332889.0,1164.0,285993.0,252000.0,Central Africa,Middle Africa,0.0,332889.0,0.0,1.163976041371642
Chad,2014,332889.0,1164.0,285993.0,264000.0,Central Africa,Middle Africa,0.0,332889.0,0.0,1.163976041371642
Chad,2014,332889.0,1164.0,285993.0,272000.0,Central Africa,Middle Africa,0.0,332889.0,0.0,1.163976041371642
Chad,2014,332889.0,1164.0,285993.0,252000.0,Central Africa,Middle Africa,0.0,332889.0,0.0,1.163976041371642
Chad,2014,332889.0,1164.0,285993.0,267000.0,Central Africa,Middle Africa,0.0,332889.0,0.0,1.163976041371642
Chad,2014,332889.0,1164.0,285993.0,273000.0,Central Africa,Middle Africa,0.0,332889.0,0.0,1.163976041371642
Chad,2014,332889.0,1164.0,285993.0,272000.0,Central Africa,Middle Africa,0.0,332889.0,0.0,1.163976041371642
Chad,2014,332889.0,1164.0,285993.0,257000.0,Central Africa,Middle Africa,0.0,332889.0,0.0,1.163976041371642
Chad,2014,332889.0,1164.0,285993.0,259000.0,Central Africa,Middle Africa,0.0,332889.0,0.0,1.163976041371642
Chad,2014,332889.0,1164.0,285993.0,242000.0,Central Africa,Middle Africa,0.0,332889.0,0.0,1.163976041371642
Chad,2014,332889.0,1164.0,285993.0,238000.0,Central Africa,Middle Africa,0.0,332889.0,0.0,1.163976041371642
Chad,2014,332889.0,1164.0,285993.0,258750.0,Central Africa,Middle Africa,0.0,332889.0,0.0,1.163976041371642
Chad,2014,332889.0,1164.0,285993.0,523.3,Central Africa,Middle Africa,0.0,332889.0,0.0,1.163976041371642
Chad,2014,332889.0,1164.0,285993.0,120.99,Central Africa,Middle Africa,0.0,332889.0,0.0,1.163976041371642
Chad,2015,349500.0,1146.1,304942.0,243000.0,Central Africa,Middle Africa,4.989951605490117,338426.0,3.272207218121539,1.1461195899548111
Chad,2015,349500.0,1146.1,304942.0,240000.0,Central Africa,Middle Africa,0.0,343963.0,1.6097661667097913,1.1461195899548111
Chad,2015,349500.0,1146.1,304942.0,230000.0,Central Africa,Middle Africa,0.0,349500.0,0.0,1.1461195899548111
Chad,2015,349500.0,1146.1,304942.0,230000.0,Central Africa,Middle Africa,0.0,349500.0,0.0,1.1461195899548111
Chad,2015,349500.0,1146.1,304942.0,230000.0,Central Africa,Middle Africa,0.0,349500.0,0.0,1.1461195899548111
Chad,2015,349500.0,1146.1,304942.0,325000.0,Central Africa,Middle Africa,0.0,349500.0,0.0,1.1461195899548111
Chad,2015,349500.0,1146.1,304942.0,258000.0,Central Africa,Middle Africa,0.0,349500.0,0.0,1.1461195899548111
Chad,2015,349500.0,1146.1,304942.0,263000.0,Central Africa,Middle Africa,0.0,349500.0,0.0,1.1461195899548111
Chad,2015,349500.0,1146.1,304942.0,256000.0,Central Africa,Middle Africa,0.0,349500.0,0.0,1.1461195899548111
Chad,2015,349500.0,1146.1,304942.0,279500.0,Central Africa,Middle Africa,0.0,349500.0,0.0,1.1461195899548111
Chad,2015,349500.0,1146.1,304942.0,265121.0,Central Africa,Middle Africa,0.0,349500.0,0.0,1.1461195899548111
Chad,2015,349500.0,1146.1,304942.0,246185.0,Central Africa,Middle Africa,0.0,349500.0,0.0,1.1461195899548111
Chad,2015,349500.0,1146.1,304942.0,85.97,Central Africa,Middle Africa,0.0,349500.0,0.0,1.1461195899548111
Chad,2016,443779.0,1272.6,348716.0,199000.0,Central Africa,Middle Africa,26.975393419170235,380926.3333333333,16.49995318429898,1.2726086557542526
Chad,2016,443779.0,1272.6,348716.0,242000.0,Central Africa,Middle Africa,0.0,412352.6666666667,7.621227137288626,1.2726086557542526
Chad,2016,443779.0,1272.6,348716.0,199000.0,Central Africa,Middle Africa,0.0,443779.0,0.0,1.2726086557542526
Chad,2016,443779.0,1272.6,348716.0,335.8,Central Africa,Middle Africa,0.0,443779.0,0.0,1.2726086557542526
Chad,2016,443779.0,1272.6,348716.0,93.05,Central Africa,Middle Africa,0.0,443779.0,0.0,1.2726086557542526
Chad,2017,396506.0,1181.4,335637.0,190000.0,Central Africa,Middle Africa,-10.652374267371822,428021.3333333333,-7.36302863408677,1.1813536648224123
Chad,2017,396506.0,1181.4,335637.0,158441.0,Central Africa,Middle Africa,0.0,412263.6666666667,-3.8222302717274026,1.1813536648224123
Chad,2017,396506.0,1181.4,335637.0,169588.0,Central Africa,Middle Africa,0.0,396506.0,0.0,1.1813536648224123
Chad,2017,396506.0,1181.4,335637.0,178085.0,Central Africa,Middle Africa,0.0,396506.0,0.0,1.1813536648224123
Chad,2017,396506.0,1181.4,335637.0,186720.0,Central Africa,Middle Africa,0.0,396506.0,0.0,1.1813536648224123
Chad,2017,396506.0,1181.4,335637.0,200379.0,Central Africa,Middle Africa,0.0,396506.0,0.0,1.1813536648224123
Chad,2017,396506.0,1181.4,335637.0,215435.0,Central Africa,Middle Africa,0.0,396506.0,0.0,1.1813536648224123
Chad,2017,396506.0,1181.4,335637.0,224291.0,Central Africa,Middle Africa,0.0,396506.0,0.0,1.1813536648224123
Chad,2017,396506.0,1181.4,335637.0,232858.0,Central Africa,Middle Africa,0.0,396506.0,0.0,1.1813536648224123
Chad,2017,396506.0,1181.4,335637.0,204791.0,Central Africa,Middle Africa,0.0,396506.0,0.0,1.1813536648224123
Chad,2017,396506.0,1181.4,335637.0,189859.0,Central Africa,Middle Africa,0.0,396506.0,0.0,1.1813536648224123
Chad,2017,396506.0,1181.4,335637.0,189206.0,Central Africa,Middle Africa,0.0,396506.0,0.0,1.1813536648224123
Chad,2017,396506.0,1181.4,335637.0,186909.0,Central Africa,Middle Africa,0.0,396506.0,0.0,1.1813536648224123
Chad,2017,396506.0,1181.4,335637.0,190000.0,Central Africa,Middle Africa,0.0,396506.0,0.0,1.1813536648224123
Chad,2017,396506.0,1181.4,335637.0,327.2,Central Africa,Middle Africa,0.0,396506.0,0.0,1.1813536648224123
Chad,2017,396506.0,1181.4,335637.0,88.84,Central Africa,Middle Africa,0.0,396506.0,0.0,1.1813536648224123
Chad,2018,437898.34,1280.9,341872.0,192000.0,Central Africa,Middle Africa,10.439272041280589,410303.4466666667,6.725484164833641,1.280883898067113
Chad,2018,437898.34,1280.9,341872.0,207244.0,Central Africa,Middle Africa,0.0,424100.89333333337,3.2533406280335715,1.280883898067113
Chad,2018,437898.34,1280.9,341872.0,176000.0,Central Africa,Middle Africa,0.0,437898.34,0.0,1.280883898067113
Chad,2018,437898.34,1280.9,341872.0,194000.0,Central Africa,Middle Africa,0.0,437898.34,0.0,1.280883898067113
Chad,2018,437898.34,1280.9,341872.0,202000.0,Central Africa,Middle Africa,0.0,437898.34,0.0,1.280883898067113
Chad,2018,437898.34,1280.9,341872.0,194000.0,Central Africa,Middle Africa,0.0,437898.34,0.0,1.280883898067113
Chad,2018,437898.34,1280.9,341872.0,214000.0,Central Africa,Middle Africa,0.0,437898.34,0.0,1.280883898067113
Chad,2018,437898.34,1280.9,341872.0,218000.0,Central Africa,Middle Africa,0.0,437898.34,0.0,1.280883898067113
Chad,2018,437898.34,1280.9,341872.0,217000.0,Central Africa,Middle Africa,0.0,437898.34,0.0,1.280883898067113
Chad,2018,437898.34,1280.9,341872.0,180000.0,Central Africa,Middle Africa,0.0,437898.34,0.0,1.280883898067113
Chad,2018,437898.34,1280.9,341872.0,171000.0,Central Africa,Middle Africa,0.0,437898.34,0.0,1.280883898067113
Chad,2018,437898.34,1280.9,341872.0,166000.0,Central Africa,Middle Africa,0.0,437898.34,0.0,1.280883898067113
Chad,2018,437898.34,1280.9,341872.0,171000.0,Central Africa,Middle Africa,0.0,437898.34,0.0,1.280883898067113
Chad,2018,437898.34,1280.9,341872.0,192000.0,Central Africa,Middle Africa,0.0,437898.34,0.0,1.280883898067113
Chad,2018,437898.34,1280.9,341872.0,345.7,Central Africa,Middle Africa,0.0,437898.34,0.0,1.280883898067113
Chad,2018,437898.34,1280.9,341872.0,89.77,Central Africa,Middle Africa,0.0,437898.34,0.0,1.280883898067113
Chad,2019,414606.0,1262.5,328410.0,159884.3,Central Africa,Middle Africa,-5.319120415026013,430134.22666666674,-3.6100885965302103,1.2624646021741117
Chad,2019,414606.0,1262.5,328410.0,230000.0,Central Africa,Middle Africa,0.0,422370.1133333333,-1.838225075173789,1.2624646021741117
Chad,2019,414606.0,1262.5,328410.0,240000.0,Central Africa,Middle Africa,0.0,414606.0,0.0,1.2624646021741117
Chad,2019,414606.0,1262.5,328410.0,203000.0,Central Africa,Middle Africa,0.0,414606.0,0.0,1.2624646021741117
Chad,2019,414606.0,1262.5,328410.0,200000.0,Central Africa,Middle Africa,0.0,414606.0,0.0,1.2624646021741117
Chad,2019,414606.0,1262.5,328410.0,200000.0,Central Africa,Middle Africa,0.0,414606.0,0.0,1.2624646021741117
Chad,2019,414606.0,1262.5,328410.0,200000.0,Central Africa,Middle Africa,0.0,414606.0,0.0,1.2624646021741117
Chad,2019,414606.0,1262.5,328410.0,200000.0,Central Africa,Middle Africa,0.0,414606.0,0.0,1.2624646021741117
Chad,2019,414606.0,1262.5,328410.0,200000.0,Central Africa,Middle Africa,0.0,414606.0,0.0,1.2624646021741117
Chad,2019,414606.0,1262.5,328410.0,180000.0,Central Africa,Middle Africa,0.0,414606.0,0.0,1.2624646021741117
Chad,2019,414606.0,1262.5,328410.0,190000.0,Central Africa,Middle Africa,0.0,414606.0,0.0,1.2624646021741117
Chad,2019,414606.0,1262.5,328410.0,220000.0,Central Africa,Middle Africa,0.0,414606.0,0.0,1.2624646021741117
Chad,2019,414606.0,1262.5,328410.0,240000.0,Central Africa,Middle Africa,0.0,414606.0,0.0,1.2624646021741117
Chad,2019,414606.0,1262.5,328410.0,159884.3,Central Africa,Middle Africa,0.0,414606.0,0.0,1.2624646021741117
Chad,2019,414606.0,1262.5,328410.0,272.9,Central Africa,Middle Africa,0.0,414606.0,0.0,1.2624646021741117
Chad,2019,414606.0,1262.5,328410.0,74.76,Central Africa,Middle Africa,0.0,414606.0,0.0,1.2624646021741117
Chad,2020,407371.45,1202.9,338644.0,205440.3,Central Africa,Middle Africa,-1.7449216846837645,412194.48333333334,-1.170086822688754,1.2029489670568503
Chad,2020,407371.45,1202.9,338644.0,240000.0,Central Africa,Middle Africa,0.0,409782.9666666666,-0.5884863117378488,1.2029489670568503
Chad,2020,407371.45,1202.9,338644.0,205440.3,Central Africa,Middle Africa,0.0,407371.45,0.0,1.2029489670568503
Chad,2020,407371.45,1202.9,338644.0,356.9,Central Africa,Middle Africa,0.0,407371.45,0.0,1.2029489670568503
Chad,2020,407371.45,1202.9,338644.0,96.06,Central Africa,Middle Africa,0.0,407371.45,0.0,1.2029489670568503
Chad,2021,364630.68,1123.6,324517.0,218428.4,Central Africa,Middle Africa,-10.491842273188269,393124.5266666667,-7.248046034743294,1.123610411781201
Chad,2021,364630.68,1123.6,324517.0,200263.6,Central Africa,Middle Africa,0.0,378877.60333333333,-3.760297047909432,1.123610411781201
Chad,2021,364630.68,1123.6,324517.0,192133.3,Central Africa,Middle Africa,0.0,364630.68,0.0,1.123610411781201
Chad,2021,364630.68,1123.6,324517.0,197763.6,Central Africa,Middle Africa,0.0,364630.68,0.0,1.123610411781201
Chad,2021,364630.68,1123.6,324517.0,208124.2,Central Africa,Middle Africa,0.0,364630.68,0.0,1.123610411781201
Chad,2021,364630.68,1123.6,324517.0,225869.7,Central Africa,Middle Africa,0.0,364630.68,0.0,1.123610411781201
Chad,2021,364630.68,1123.6,324517.0,220421.2,Central Africa,Middle Africa,0.0,364630.68,0.0,1.123610411781201
Chad,2021,364630.68,1123.6,324517.0,232253.0,Central Africa,Middle Africa,0.0,364630.68,0.0,1.123610411781201
Chad,2021,364630.68,1123.6,324517.0,245651.5,Central Africa,Middle Africa,0.0,364630.68,0.0,1.123610411781201
Chad,2021,364630.68,1123.6,324517.0,232248.5,Central Africa,Middle Africa,0.0,364630.68,0.0,1.123610411781201
Chad,2021,364630.68,1123.6,324517.0,210887.9,Central Africa,Middle Africa,0.0,364630.68,0.0,1.123610411781201
Chad,2021,364630.68,1123.6,324517.0,225183.3,Central Africa,Middle Africa,0.0,364630.68,0.0,1.123610411781201
Chad,2021,364630.68,1123.6,324517.0,230340.9,Central Africa,Middle Africa,0.0,364630.68,0.0,1.123610411781201
Chad,2021,364630.68,1123.6,324517.0,218428.4,Central Africa,Middle Africa,0.0,364630.68,0.0,1.123610411781201
Chad,2021,364630.68,1123.6,324517.0,393.9,Central Africa,Middle Africa,0.0,364630.68,0.0,1.123610411781201
Chad,2021,364630.68,1123.6,324517.0,102.13,Central Africa,Middle Africa,0.0,364630.68,0.0,1.123610411781201
Chad,2022,363985.0,1121.0,324696.0,251340.1,Central Africa,Middle Africa,-0.1770778037657128,364415.45333333337,-0.11812159155051771,1.1210024145662405
Chad,2022,363985.0,1121.0,324696.0,238304.5,Central Africa,Middle Africa,0.0,364200.2266666666,-0.059095698164848,1.1210024145662405
Chad,2022,363985.0,1121.0,324696.0,244148.5,Central Africa,Middle Africa,0.0,363985.0,0.0,1.1210024145662405
Chad,2022,363985.0,1121.0,324696.0,245722.7,Central Africa,Middle Africa,0.0,363985.0,0.0,1.1210024145662405
Chad,2022,363985.0,1121.0,324696.0,254313.6,Central Africa,Middle Africa,0.0,363985.0,0.0,1.1210024145662405
Chad,2022,363985.0,1121.0,324696.0,254604.5,Central Africa,Middle Africa,0.0,363985.0,0.0,1.1210024145662405
Chad,2022,363985.0,1121.0,324696.0,270766.7,Central Africa,Middle Africa,0.0,363985.0,0.0,1.1210024145662405
Chad,2022,363985.0,1121.0,324696.0,276342.4,Central Africa,Middle Africa,0.0,363985.0,0.0,1.1210024145662405
Chad,2022,363985.0,1121.0,324696.0,266939.4,Central Africa,Middle Africa,0.0,363985.0,0.0,1.1210024145662405
Chad,2022,363985.0,1121.0,324696.0,243089.4,Central Africa,Middle Africa,0.0,363985.0,0.0,1.1210024145662405
Chad,2022,363985.0,1121.0,324696.0,232897.0,Central Africa,Middle Africa,0.0,363985.0,0.0,1.1210024145662405
Chad,2022,363985.0,1121.0,324696.0,244740.9,Central Africa,Middle Africa,0.0,363985.0,0.0,1.1210024145662405
Chad,2022,363985.0,1121.0,324696.0,244212.1,Central Africa,Middle Africa,0.0,363985.0,0.0,1.1210024145662405
Chad,2022,363985.0,1121.0,324696.0,251340.1,Central Africa,Middle Africa,0.0,363985.0,0.0,1.1210024145662405
Chad,2022,363985.0,1121.0,324696.0,402.9,Central Africa,Middle Africa,0.0,363985.0,0.0,1.1210024145662405
Chad,2022,363985.0,1121.0,324696.0,117.52,Central Africa,Middle Africa,0.0,363985.0,0.0,1.1210024145662405
Chad,2023,354241.0,1105.1,320540.0,318000.0,Central Africa,Middle Africa,-2.6770333942332747,360737.0,-1.8007578928693202,1.105138204280277
Chad,2023,354241.0,1105.1,320540.0,287000.0,Central Africa,Middle Africa,0.0,357489.0,-0.9085594242060594,1.105138204280277
Chad,2023,354241.0,1105.1,320540.0,274000.0,Central Africa,Middle Africa,0.0,354241.0,0.0,1.105138204280277
Chad,2023,354241.0,1105.1,320540.0,310000.0,Central Africa,Middle Africa,0.0,354241.0,0.0,1.105138204280277
Chad,2023,354241.0,1105.1,320540.0,349000.0,Central Africa,Middle Africa,0.0,354241.0,0.0,1.105138204280277
Chad,2023,354241.0,1105.1,320540.0,347000.0,Central Africa,Middle Africa,0.0,354241.0,0.0,1.105138204280277
Chad,2023,354241.0,1105.1,320540.0,378000.0,Central Africa,Middle Africa,0.0,354241.0,0.0,1.105138204280277
Chad,2023,354241.0,1105.1,320540.0,354000.0,Central Africa,Middle Africa,0.0,354241.0,0.0,1.105138204280277
Chad,2023,354241.0,1105.1,320540.0,426000.0,Central Africa,Middle Africa,0.0,354241.0,0.0,1.105138204280277
Chad,2023,354241.0,1105.1,320540.0,306000.0,Central Africa,Middle Africa,0.0,354241.0,0.0,1.105138204280277
Chad,2023,354241.0,1105.1,320540.0,251000.0,Central Africa,Middle Africa,0.0,354241.0,0.0,1.105138204280277
Chad,2023,354241.0,1105.1,320540.0,248000.0,Central Africa,Middle Africa,0.0,354241.0,0.0,1.105138204280277
Chad,2023,354241.0,1105.1,320540.0,293000.0,Central Africa,Middle Africa,0.0,354241.0,0.0,1.105138204280277
Chad,2023,354241.0,1105.1,320540.0,318000.0,Central Africa,Middle Africa,0.0,354241.0,0.0,1.105138204280277
Chad,2023,354241.0,1105.1,320540.0,524.3,Central Africa,Middle Africa,0.0,354241.0,0.0,1.105138204280277
Chad,2023,354241.0,1105.1,320540.0,148.69,Central Africa,Middle Africa,0.0,354241.0,0.0,1.105138204280277
Chad,2024,394045.0,1272.8,309589.0,311000.0,Central Africa,Middle Africa,11.236418144709393,367509.0,7.220503443453086,1.272800390194742
Chad,2024,394045.0,1272.8,309589.0,230633.0,Central Africa,Middle Africa,0.0,380777.0,3.4844541555818758,1.272800390194742
Chad,2024,394045.0,1272.8,309589.0,238072.4,Central Africa,Middle Africa,0.0,394045.0,0.0,1.272800390194742
Chad,2024,394045.0,1272.8,309589.0,223610.1,Central Africa,Middle Africa,0.0,394045.0,0.0,1.272800390194742
Chad,2024,394045.0,1272.8,309589.0,228812.0,Central Africa,Middle Africa,0.0,394045.0,0.0,1.272800390194742
Chad,2024,394045.0,1272.8,309589.0,276558.8,Central Africa,Middle Africa,0.0,394045.0,0.0,1.272800390194742
Chad,2024,394045.0,1272.8,309589.0,319031.3,Central Africa,Middle Africa,0.0,394045.0,0.0,1.272800390194742
Chad,2024,394045.0,1272.8,309589.0,384012.6,Central Africa,Middle Africa,0.0,394045.0,0.0,1.272800390194742
Chad,2024,394045.0,1272.8,309589.0,465769.1,Central Africa,Middle Africa,0.0,394045.0,0.0,1.272800390194742
Chad,2024,394045.0,1272.8,309589.0,449171.1,Central Africa,Middle Africa,0.0,394045.0,0.0,1.272800390194742
Chad,2024,394045.0,1272.8,309589.0,302622.2,Central Africa,Middle Africa,0.0,394045.0,0.0,1.272800390194742
Chad,2024,394045.0,1272.8,309589.0,299093.1,Central Africa,Middle Africa,0.0,394045.0,0.0,1.272800390194742
Chad,2024,394045.0,1272.8,309589.0,309602.7,Central Africa,Middle Africa,0.0,394045.0,0.0,1.272800390194742
Chad,2024,394045.0,1272.8,309589.0,311000.0,Central Africa,Middle Africa,0.0,394045.0,0.0,1.272800390194742
Chad,2024,394045.0,1272.8,309589.0,512.9,Central Africa,Middle Africa,0.0,394045.0,0.0,1.272800390194742
Chad,2024,394045.0,1272.8,309589.0,145.42,Central Africa,Middle Africa,0.0,394045.0,0.0,1.272800390194742
Comoros,2000,3789.0,2120.8,1787.0,,Eastern Africa,East Africa,,3789.0,0.0,2.120313374370453
Comoros,2001,3812.0,2089.5,1824.0,,Eastern Africa,East Africa,0.607020321984697,3800.5,0.30259176424154716,2.0899122807017543
Comoros,2002,3835.0,2088.9,1836.0,,Eastern Africa,East Africa,0.6033578174186705,3812.0,0.6033578174186778,2.088779956427015
Comoros,2003,4000.0,2073.2,1929.0,,Eastern Africa,East Africa,4.30247718383312,3882.3333333333335,3.030823387996905,2.0736132711249353
Comoros,2004,4270.3,2057.5,2075.0,,Eastern Africa,East Africa,6.757499999999994,4035.1,5.828851825233582,2.057975903614458
Comoros,2005,4681.24,2041.8,2293.0,,Eastern Africa,East Africa,9.623211483970673,4317.18,8.432819572035436,2.041535106846925
Comoros,2006,5196.68,2026.1,2565.0,,Eastern Africa,East Africa,11.01075783339458,4716.073333333334,10.190822591110399,2.0259961013645227
Comoros,2007,5790.65,2009.4,2882.0,,Eastern Africa,East Africa,11.429797486087256,5222.856666666667,10.871317548442514,2.009247050659264
Comoros,2008,8653.64,1991.5,4345.0,,Eastern Africa,East Africa,49.44159982040013,6546.989999999999,32.17738227796286,1.9916317606444187
Comoros,2009,9722.79,1973.6,4926.0,,Eastern Africa,East Africa,12.354916543789685,8055.693333333333,20.694639153757944,1.9737697929354447
Comoros,2010,11723.8,1955.7,5995.0,,Eastern Africa,East Africa,20.5806152349274,10033.41,16.847612127880744,1.9555963302752293
Comoros,2011,12592.15,1937.8,6498.0,,Eastern Africa,East Africa,7.40672819393029,11346.246666666666,10.980753106607358,1.937850107725454
Comoros,2012,13412.4,1920.0,6986.0,,Eastern Africa,East Africa,6.513978947201227,12576.116666666667,6.649773976333442,1.919896936730604
Comoros,2013,14159.39,1902.1,7444.0,,Eastern Africa,East Africa,5.5693984670901475,13387.980000000001,5.761959608544365,1.9021211714132187
Comoros,2014,14808.0,1884.2,7859.0,,Eastern Africa,East Africa,4.580776431753075,14126.596666666665,4.823549149252525,1.8842091869194555
Comoros,2015,15363.0,1866.3,8232.0,,Eastern Africa,East Africa,3.7479740680713025,14776.796666666667,3.967052850200503,1.8662536443148687
Comoros,2016,15918.0,1848.4,8612.0,,Eastern Africa,East Africa,3.612575668814677,15363.0,3.6125756688146846,1.8483511379470505
Comoros,2017,16473.0,1830.6,8999.0,,Eastern Africa,East Africa,3.4866189219751265,15918.0,3.4866189219751225,1.8305367263029226
Comoros,2018,17028.0,1804.0,9439.0,,Eastern Africa,East Africa,3.3691495173920893,16473.0,3.3691495173920964,1.8040046615107532
Comoros,2019,17583.0,1785.2,9849.0,,Eastern Africa,East Africa,3.259337561663145,17028.0,3.2593375616631426,1.7852573865367043
Comoros,2020,18138.0,1766.7,10266.0,,Eastern Africa,East Africa,3.1564579423306593,17583.0,3.1564579423306602,1.7668030391583869
Comoros,2021,18693.0,1763.3,10601.0,,Eastern Africa,East Africa,3.059874297055898,18138.0,3.059874297055905,1.7633242146967267
Comoros,2022,19227.78,1749.6,10990.0,,Eastern Africa,East Africa,2.8608570052961024,18686.26,2.897958178897224,1.749570518653321
Comoros,2023,19750.9,1734.2,11389.0,,Eastern Africa,East Africa,2.72064689735374,19223.893333333333,2.741414850408388,1.734208446746861
Comoros,2024,20104.88,1719.7,11691.0,,Eastern Africa,East Africa,1.792222126586629,19694.52,2.083625292721024,1.7196886493884185
Congo,2000,6355.0,800.0,7944.0,187000.0,Central Africa,Middle Africa,,6355.0,0.0,0.7999748237663645
Congo,2000,6355.0,800.0,7944.0,187000.0,Central Africa,Middle Africa,0.0,6355.0,0.0,0.7999748237663645
Congo,2000,6355.0,800.0,7944.0,262.6,Central Africa,Middle Africa,0.0,6355.0,0.0,0.7999748237663645
Congo,2000,6355.0,800.0,7944.0,23.03,Central Africa,Middle Africa,0.0,6355.0,0.0,0.7999748237663645
Congo,2001,6546.0,803.0,8152.0,170600.0,Central Africa,Middle Africa,3.0055074744295807,6418.666666666667,1.9837972579975025,0.8029931305201178
Congo,2001,6546.0,803.0,8152.0,170600.0,Central Africa,Middle Africa,0.0,6482.333333333333,0.9821566308428082,0.8029931305201178
Congo,2001,6546.0,803.0,8152.0,232.7,Central Africa,Middle Africa,0.0,6546.0,0.0,0.8029931305201178
Congo,2001,6546.0,803.0,8152.0,21.01,Central Africa,Middle Africa,0.0,6546.0,0.0,0.8029931305201178
Congo,2002,6742.0,806.0,8365.0,196590.0,Central Africa,Middle Africa,2.994194928200433,6611.333333333333,1.9764041544822069,0.8059772863120144
Congo,2002,6742.0,806.0,8365.0,196590.0,Central Africa,Middle Africa,0.0,6676.666666666667,0.9785322016974493,0.8059772863120144
Congo,2002,6742.0,806.0,8365.0,282.1,Central Africa,Middle Africa,0.0,6742.0,0.0,0.8059772863120144
Congo,2002,6742.0,806.0,8365.0,24.21,Central Africa,Middle Africa,0.0,6742.0,0.0,0.8059772863120144
Congo,2003,8967.0,815.2,11000.0,176980.0,Central Africa,Middle Africa,33.00207653515277,7483.666666666667,19.820943387822364,0.8151818181818182
Congo,2003,8967.0,815.2,11000.0,176980.0,Central Africa,Middle Africa,0.0,8225.333333333334,9.01685848597827,0.8151818181818182
Congo,2003,8967.0,815.2,11000.0,304.5,Central Africa,Middle Africa,0.0,8967.0,0.0,0.8151818181818182
Congo,2003,8967.0,815.2,11000.0,21.79,Central Africa,Middle Africa,0.0,8967.0,0.0,0.8151818181818182
Congo,2004,9191.0,806.2,11400.0,32.2,Central Africa,Middle Africa,2.4980483996877467,9041.666666666666,1.6516129032258131,0.8062280701754386
Congo,2005,9300.0,808.7,11500.0,42.6,Central Africa,Middle Africa,1.1859427701011782,9152.666666666666,1.609731225872248,0.808695652173913
Congo,2006,9400.0,817.4,11500.0,53.01,Central Africa,Middle Africa,1.0752688172043001,9297.0,1.1078842637409916,0.8173913043478261
Congo,2007,9500.0,791.7,12000.0,63.41,Central Africa,Middle Africa,1.0638297872340496,9400.0,1.0638297872340425,0.7916666666666666
Congo,2008,9900.0,804.9,12300.0,73.82,Central Africa,Middle Africa,4.210526315789465,9600.0,3.125,0.8048780487804879
Congo,2009,10200.0,809.5,12600.0,684000.0,Central Africa,Middle Africa,3.0303030303030276,9866.666666666666,3.3783783783783847,0.8095238095238095
Congo,2009,10200.0,809.5,12600.0,684000.0,Central Africa,Middle Africa,0.0,10100.0,0.9900990099009901,0.8095238095238095
Congo,2009,10200.0,809.5,12600.0,1448.6,Central Africa,Middle Africa,0.0,10200.0,0.0,0.8095238095238095
Congo,2009,10200.0,809.5,12600.0,84.22,Central Africa,Middle Africa,0.0,10200.0,0.0,0.8095238095238095
Congo,2010,10500.0,817.4,12845.0,830000.0,Central Africa,Middle Africa,2.941176470588225,10300.0,1.9417475728155338,0.8174386920980926
Congo,2010,10500.0,817.4,12845.0,830000.0,Central Africa,Middle Africa,0.0,10400.0,0.9615384615384616,0.8174386920980926
Congo,2010,10500.0,817.4,12845.0,1675.8,Central Africa,Middle Africa,0.0,10500.0,0.0,0.8174386920980926
Congo,2010,10500.0,817.4,12845.0,102.2,Central Africa,Middle Africa,0.0,10500.0,0.0,0.8174386920980926
Congo,2011,10713.86,828.5,12932.0,761612.5,Central Africa,Middle Africa,2.036761904761919,10571.286666666667,1.3486847706334113,0.8284766470770183
Congo,2011,10713.86,828.5,12932.0,761612.5,Central Africa,Middle Africa,0.0,10642.573333333334,0.6698254682764713,0.8284766470770183
Congo,2011,10713.86,828.5,12932.0,1614.0,Central Africa,Middle Africa,0.0,10713.86,0.0,0.8284766470770183
Congo,2011,10713.86,828.5,12932.0,93.78,Central Africa,Middle Africa,0.0,10713.86,0.0,0.8284766470770183
Congo,2012,10944.63,821.9,13316.0,838401.4,Central Africa,Middle Africa,2.1539389165062595,10790.783333333333,1.425722877702728,0.8219157404626013
Congo,2012,10944.63,821.9,13316.0,838401.4,Central Africa,Middle Africa,0.0,10867.706666666667,0.7078156937127391,0.8219157404626013
Congo,2012,10944.63,821.9,13316.0,1642.2,Central Africa,Middle Africa,0.0,10944.63,0.0,0.8219157404626013
Congo,2012,10944.63,821.9,13316.0,103.23,Central Africa,Middle Africa,0.0,10944.63,0.0,0.8219157404626013
Congo,2013,10973.41,823.9,13319.0,855713.8,Central Africa,Middle Africa,0.262960008698343,10954.223333333333,0.17515314489053838,0.8238914332907876
Congo,2013,10973.41,823.9,13319.0,784719.0,Central Africa,Middle Africa,0.0,10963.816666666666,0.08749994299431152,0.8238914332907876
Congo,2013,10973.41,823.9,13319.0,852476.0,Central Africa,Middle Africa,0.0,10973.41,0.0,0.8238914332907876
Congo,2013,10973.41,823.9,13319.0,881116.0,Central Africa,Middle Africa,0.0,10973.41,0.0,0.8238914332907876
Congo,2013,10973.41,823.9,13319.0,921674.0,Central Africa,Middle Africa,0.0,10973.41,0.0,0.8238914332907876
Congo,2013,10973.41,823.9,13319.0,919680.0,Central Africa,Middle Africa,0.0,10973.41,0.0,0.8238914332907876
Congo,2013,10973.41,823.9,13319.0,891703.0,Central Africa,Middle Africa,0.0,10973.41,0.0,0.8238914332907876
Congo,2013,10973.41,823.9,13319.0,836324.0,Central Africa,Middle Africa,0.0,10973.41,0.0,0.8238914332907876
Congo,2013,10973.41,823.9,13319.0,816880.0,Central Africa,Middle Africa,0.0,10973.41,0.0,0.8238914332907876
Congo,2013,10973.41,823.9,13319.0,776338.0,Central Africa,Middle Africa,0.0,10973.41,0.0,0.8238914332907876
Congo,2013,10973.41,823.9,13319.0,835782.0,Central Africa,Middle Africa,0.0,10973.41,0.0,0.8238914332907876
Congo,2013,10973.41,823.9,13319.0,933733.0,Central Africa,Middle Africa,0.0,10973.41,0.0,0.8238914332907876
Congo,2013,10973.41,823.9,13319.0,818140.0,Central Africa,Middle Africa,0.0,10973.41,0.0,0.8238914332907876
Congo,2013,10973.41,823.9,13319.0,855713.8,Central Africa,Middle Africa,0.0,10973.41,0.0,0.8238914332907876
Congo,2013,10973.41,823.9,13319.0,1732.1,Central Africa,Middle Africa,0.0,10973.41,0.0,0.8238914332907876
Congo,2013,10973.41,823.9,13319.0,105.36,Central Africa,Middle Africa,0.0,10973.41,0.0,0.8238914332907876
Congo,2014,8315.0,854.0,9737.0,783000.0,Central Africa,Middle Africa,-24.22592430247298,10087.273333333333,-17.56939932892337,0.8539591249871624
Congo,2014,8315.0,854.0,9737.0,108.75,Central Africa,Middle Africa,0.0,9201.136666666667,-9.63073040613461,0.8539591249871624
Congo,2015,10768.0,869.1,12390.0,93.41,Central Africa,Middle Africa,29.500901984365612,9132.666666666666,17.906416526753784,0.86908797417272
Congo,2016,11888.62,896.9,13255.0,97.84,Central Africa,Middle Africa,10.406946508172377,10323.873333333335,15.15658528678835,0.8969158807996983
Congo,2017,12322.43,930.7,13240.0,80.81,Central Africa,Middle Africa,3.648951686570845,11659.683333333334,5.684088046988119,0.9306971299093656
Congo,2018,12807.06,962.0,13312.0,118.39,Central Africa,Middle Africa,3.9329093368759116,12339.37,3.7902259191514536,0.9620688100961539
Congo,2019,14000.0,1000.0,14000.0,92.02,Central Africa,Middle Africa,9.31470610741263,13043.163333333332,7.335924899608975,1.0
Congo,2020,13000.0,1000.0,13000.0,128.22,Central Africa,Middle Africa,-7.14285714285714,13269.019999999999,-2.027429305253882,1.0
Congo,2021,13000.0,1000.0,13000.0,102.16,Central Africa,Middle Africa,0.0,13333.333333333334,-2.5000000000000044,1.0
Congo,2022,13000.0,1000.0,13000.0,125.05,Central Africa,Middle Africa,0.0,13000.0,0.0,1.0
Congo,2023,13000.0,1000.0,13000.0,107.96,Central Africa,Middle Africa,0.0,13000.0,0.0,1.0
Congo,2024,13000.0,1000.0,13000.0,115.22,Central Africa,Middle Africa,0.0,13000.0,0.0,1.0
Côte d'Ivoire,2000,240417.75,3361.8,71514.0,100.86,Western Africa,West Africa,,240417.75,0.0,3.3618277540062085
Côte d'Ivoire,2000,240417.75,3361.8,71514.0,84996.0,Western Africa,West Africa,0.0,240417.75,0.0,3.3618277540062085
Côte d'Ivoire,2000,240417.75,3361.8,71514.0,84996.0,Western Africa,West Africa,0.0,240417.75,0.0,3.3618277540062085
Côte d'Ivoire,2000,240417.75,3361.8,71514.0,119.4,Western Africa,West Africa,0.0,240417.75,0.0,3.3618277540062085
Côte d'Ivoire,2000,240417.75,3361.8,71514.0,38.7,Western Africa,West Africa,0.0,240417.75,0.0,3.3618277540062085
Côte d'Ivoire,2000,240417.75,3361.8,284372.0,100.86,Western Africa,West Africa,0.0,240417.75,0.0,0.8454339738089545
Côte d'Ivoire,2000,240417.75,3361.8,284372.0,84996.0,Western Africa,West Africa,0.0,240417.75,0.0,0.8454339738089545
Côte d'Ivoire,2000,240417.75,3361.8,284372.0,84996.0,Western Africa,West Africa,0.0,240417.75,0.0,0.8454339738089545
Côte d'Ivoire,2000,240417.75,3361.8,284372.0,119.4,Western Africa,West Africa,0.0,240417.75,0.0,0.8454339738089545
Côte d'Ivoire,2000,240417.75,3361.8,284372.0,38.7,Western Africa,West Africa,0.0,240417.75,0.0,0.8454339738089545
Côte d'Ivoire,2000,240417.75,2028.7,71514.0,100.86,Western Africa,West Africa,0.0,240417.75,0.0,3.3618277540062085
Côte d'Ivoire,2000,240417.75,2028.7,71514.0,84996.0,Western Africa,West Africa,0.0,240417.75,0.0,3.3618277540062085
Côte d'Ivoire,2000,240417.75,2028.7,71514.0,84996.0,Western Africa,West Africa,0.0,240417.75,0.0,3.3618277540062085
Côte d'Ivoire,2000,240417.75,2028.7,71514.0,119.4,Western Africa,West Africa,0.0,240417.75,0.0,3.3618277540062085
Côte d'Ivoire,2000,240417.75,2028.7,71514.0,38.7,Western Africa,West Africa,0.0,240417.75,0.0,3.3618277540062085
Côte d'Ivoire,2000,240417.75,2028.7,284372.0,100.86,Western Africa,West Africa,0.0,240417.75,0.0,0.8454339738089545
Côte d'Ivoire,2000,240417.75,2028.7,284372.0,84996.0,Western Africa,West Africa,0.0,240417.75,0.0,0.8454339738089545
Côte d'Ivoire,2000,240417.75,2028.7,284372.0,84996.0,Western Africa,West Africa,0.0,240417.75,0.0,0.8454339738089545
Côte d'Ivoire,2000,240417.75,2028.7,284372.0,119.4,Western Africa,West Africa,0.0,240417.75,0.0,0.8454339738089545
Côte d'Ivoire,2000,240417.75,2028.7,284372.0,38.7,Western Africa,West Africa,0.0,240417.75,0.0,0.8454339738089545
Côte d'Ivoire,2000,576910.0,3361.8,71514.0,100.86,Western Africa,West Africa,139.96148370908554,352581.8333333333,63.624425724335396,8.067091758257124
Côte d'Ivoire,2000,576910.0,3361.8,71514.0,84996.0,Western Africa,West Africa,0.0,464745.9166666667,24.13449571280077,8.067091758257124
Côte d'Ivoire,2000,576910.0,3361.8,71514.0,84996.0,Western Africa,West Africa,0.0,576910.0,0.0,8.067091758257124
Côte d'Ivoire,2000,576910.0,3361.8,71514.0,119.4,Western Africa,West Africa,0.0,576910.0,0.0,8.067091758257124
Côte d'Ivoire,2000,576910.0,3361.8,71514.0,38.7,Western Africa,West Africa,0.0,576910.0,0.0,8.067091758257124
Côte d'Ivoire,2000,576910.0,3361.8,284372.0,100.86,Western Africa,West Africa,0.0,576910.0,0.0,2.0287159073326486
Côte d'Ivoire,2000,576910.0,3361.8,284372.0,84996.0,Western Africa,West Africa,0.0,576910.0,0.0,2.0287159073326486
Côte d'Ivoire,2000,576910.0,3361.8,284372.0,84996.0,Western Africa,West Africa,0.0,576910.0,0.0,2.0287159073326486
Côte d'Ivoire,2000,576910.0,3361.8,284372.0,119.4,Western Africa,West Africa,0.0,576910.0,0.0,2.0287159073326486
Côte d'Ivoire,2000,576910.0,3361.8,284372.0,38.7,Western Africa,West Africa,0.0,576910.0,0.0,2.0287159073326486
Côte d'Ivoire,2000,576910.0,2028.7,71514.0,100.86,Western Africa,West Africa,0.0,576910.0,0.0,8.067091758257124
Côte d'Ivoire,2000,576910.0,2028.7,71514.0,84996.0,Western Africa,West Africa,0.0,576910.0,0.0,8.067091758257124
Côte d'Ivoire,2000,576910.0,2028.7,71514.0,84996.0,Western Africa,West Africa,0.0,576910.0,0.0,8.067091758257124
Côte d'Ivoire,2000,576910.0,2028.7,71514.0,119.4,Western Africa,West Africa,0.0,576910.0,0.0,8.067091758257124
Côte d'Ivoire,2000,576910.0,2028.7,71514.0,38.7,Western Africa,West Africa,0.0,576910.0,0.0,8.067091758257124
Côte d'Ivoire,2000,576910.0,2028.7,284372.0,100.86,Western Africa,West Africa,0.0,576910.0,0.0,2.0287159073326486
Côte d'Ivoire,2000,576910.0,2028.7,284372.0,84996.0,Western Africa,West Africa,0.0,576910.0,0.0,2.0287159073326486
Côte d'Ivoire,2000,576910.0,2028.7,284372.0,84996.0,Western Africa,West Africa,0.0,576910.0,0.0,2.0287159073326486
Côte d'Ivoire,2000,576910.0,2028.7,284372.0,119.4,Western Africa,West Africa,0.0,576910.0,0.0,2.0287159073326486
Côte d'Ivoire,2000,576910.0,2028.7,284372.0,38.7,Western Africa,West Africa,0.0,576910.0,0.0,2.0287159073326486
Côte d'Ivoire,2001,250000.0,3472.2,72000.0,100.86,Western Africa,West Africa,-56.66568442218023,467940.0,-46.57434713852203,3.4722222222222223
Côte d'Ivoire,2001,250000.0,3472.2,72000.0,99000.0,Western Africa,West Africa,0.0,358970.0,-30.35629718360866,3.4722222222222223
Côte d'Ivoire,2001,250000.0,3472.2,72000.0,99000.0,Western Africa,West Africa,0.0,250000.0,0.0,3.4722222222222223
Côte d'Ivoire,2001,250000.0,3472.2,72000.0,135.1,Western Africa,West Africa,0.0,250000.0,0.0,3.4722222222222223
Côte d'Ivoire,2001,250000.0,3472.2,72000.0,45.07,Western Africa,West Africa,0.0,250000.0,0.0,3.4722222222222223
Côte d'Ivoire,2001,250000.0,3472.2,278680.0,100.86,Western Africa,West Africa,0.0,250000.0,0.0,0.8970862638151285
Côte d'Ivoire,2001,250000.0,3472.2,278680.0,99000.0,Western Africa,West Africa,0.0,250000.0,0.0,0.8970862638151285
Côte d'Ivoire,2001,250000.0,3472.2,278680.0,99000.0,Western Africa,West Africa,0.0,250000.0,0.0,0.8970862638151285
Côte d'Ivoire,2001,250000.0,3472.2,278680.0,135.1,Western Africa,West Africa,0.0,250000.0,0.0,0.8970862638151285
Côte d'Ivoire,2001,250000.0,3472.2,278680.0,45.07,Western Africa,West Africa,0.0,250000.0,0.0,0.8970862638151285
Côte d'Ivoire,2001,250000.0,2097.5,72000.0,100.86,Western Africa,West Africa,0.0,250000.0,0.0,3.4722222222222223
Côte d'Ivoire,2001,250000.0,2097.5,72000.0,99000.0,Western Africa,West Africa,0.0,250000.0,0.0,3.4722222222222223
Côte d'Ivoire,2001,250000.0,2097.5,72000.0,99000.0,Western Africa,West Africa,0.0,250000.0,0.0,3.4722222222222223
Côte d'Ivoire,2001,250000.0,2097.5,72000.0,135.1,Western Africa,West Africa,0.0,250000.0,0.0,3.4722222222222223
Côte d'Ivoire,2001,250000.0,2097.5,72000.0,45.07,Western Africa,West Africa,0.0,250000.0,0.0,3.4722222222222223
Côte d'Ivoire,2001,250000.0,2097.5,278680.0,100.86,Western Africa,West Africa,0.0,250000.0,0.0,0.8970862638151285
Côte d'Ivoire,2001,250000.0,2097.5,278680.0,99000.0,Western Africa,West Africa,0.0,250000.0,0.0,0.8970862638151285
Côte d'Ivoire,2001,250000.0,2097.5,278680.0,99000.0,Western Africa,West Africa,0.0,250000.0,0.0,0.8970862638151285
Côte d'Ivoire,2001,250000.0,2097.5,278680.0,135.1,Western Africa,West Africa,0.0,250000.0,0.0,0.8970862638151285
Côte d'Ivoire,2001,250000.0,2097.5,278680.0,45.07,Western Africa,West Africa,0.0,250000.0,0.0,0.8970862638151285
Côte d'Ivoire,2001,584538.0,3472.2,72000.0,100.86,Western Africa,West Africa,133.8152,361512.6666666667,61.6922597456244,8.118583333333333
Côte d'Ivoire,2001,584538.0,3472.2,72000.0,99000.0,Western Africa,West Africa,0.0,473025.3333333333,23.574354016275382,8.118583333333333
Côte d'Ivoire,2001,584538.0,3472.2,72000.0,99000.0,Western Africa,West Africa,0.0,584538.0,0.0,8.118583333333333
Côte d'Ivoire,2001,584538.0,3472.2,72000.0,135.1,Western Africa,West Africa,0.0,584538.0,0.0,8.118583333333333
Côte d'Ivoire,2001,584538.0,3472.2,72000.0,45.07,Western Africa,West Africa,0.0,584538.0,0.0,8.118583333333333
Côte d'Ivoire,2001,584538.0,3472.2,278680.0,100.86,Western Africa,West Africa,0.0,584538.0,0.0,2.0975240419118704
Côte d'Ivoire,2001,584538.0,3472.2,278680.0,99000.0,Western Africa,West Africa,0.0,584538.0,0.0,2.0975240419118704
Côte d'Ivoire,2001,584538.0,3472.2,278680.0,99000.0,Western Africa,West Africa,0.0,584538.0,0.0,2.0975240419118704
Côte d'Ivoire,2001,584538.0,3472.2,278680.0,135.1,Western Africa,West Africa,0.0,584538.0,0.0,2.0975240419118704
Côte d'Ivoire,2001,584538.0,3472.2,278680.0,45.07,Western Africa,West Africa,0.0,584538.0,0.0,2.0975240419118704
Côte d'Ivoire,2001,584538.0,2097.5,72000.0,100.86,Western Africa,West Africa,0.0,584538.0,0.0,8.118583333333333
Côte d'Ivoire,2001,584538.0,2097.5,72000.0,99000.0,Western Africa,West Africa,0.0,584538.0,0.0,8.118583333333333
Côte d'Ivoire,2001,584538.0,2097.5,72000.0,99000.0,Western Africa,West Africa,0.0,584538.0,0.0,8.118583333333333
Côte d'Ivoire,2001,584538.0,2097.5,72000.0,135.1,Western Africa,West Africa,0.0,584538.0,0.0,8.118583333333333
Côte d'Ivoire,2001,584538.0,2097.5,72000.0,45.07,Western Africa,West Africa,0.0,584538.0,0.0,8.118583333333333
Côte d'Ivoire,2001,584538.0,2097.5,278680.0,100.86,Western Africa,West Africa,0.0,584538.0,0.0,2.0975240419118704
Côte d'Ivoire,2001,584538.0,2097.5,278680.0,99000.0,Western Africa,West Africa,0.0,584538.0,0.0,2.0975240419118704
Côte d'Ivoire,2001,584538.0,2097.5,278680.0,99000.0,Western Africa,West Africa,0.0,584538.0,0.0,2.0975240419118704
Côte d'Ivoire,2001,584538.0,2097.5,278680.0,135.1,Western Africa,West Africa,0.0,584538.0,0.0,2.0975240419118704
Côte d'Ivoire,2001,584538.0,2097.5,278680.0,45.07,Western Africa,West Africa,0.0,584538.0,0.0,2.0975240419118704
Côte d'Ivoire,2002,240440.63,3275.1,73415.0,106.32,Western Africa,West Africa,-58.8665527305325,469838.87666666665,-48.824875517786545,3.275088605870735
Côte d'Ivoire,2002,240440.63,3275.1,73415.0,99000.0,Western Africa,West Africa,0.0,355139.75333333336,-32.29689784282668,3.275088605870735
Côte d'Ivoire,2002,240440.63,3275.1,73415.0,99000.0,Western Africa,West Africa,0.0,240440.63,0.0,3.275088605870735
Côte d'Ivoire,2002,240440.63,3275.1,73415.0,142.0,Western Africa,West Africa,0.0,240440.63,0.0,3.275088605870735
Côte d'Ivoire,2002,240440.63,3275.1,73415.0,45.07,Western Africa,West Africa,0.0,240440.63,0.0,3.275088605870735
Côte d'Ivoire,2002,240440.63,3275.1,273101.0,106.32,Western Africa,West Africa,0.0,240440.63,0.0,0.8804091892742978
Côte d'Ivoire,2002,240440.63,3275.1,273101.0,99000.0,Western Africa,West Africa,0.0,240440.63,0.0,0.8804091892742978
Côte d'Ivoire,2002,240440.63,3275.1,273101.0,99000.0,Western Africa,West Africa,0.0,240440.63,0.0,0.8804091892742978
Côte d'Ivoire,2002,240440.63,3275.1,273101.0,142.0,Western Africa,West Africa,0.0,240440.63,0.0,0.8804091892742978
Côte d'Ivoire,2002,240440.63,3275.1,273101.0,45.07,Western Africa,West Africa,0.0,240440.63,0.0,0.8804091892742978
Côte d'Ivoire,2002,240440.63,2168.7,73415.0,106.32,Western Africa,West Africa,0.0,240440.63,0.0,3.275088605870735
Côte d'Ivoire,2002,240440.63,2168.7,73415.0,99000.0,Western Africa,West Africa,0.0,240440.63,0.0,3.275088605870735
Côte d'Ivoire,2002,240440.63,2168.7,73415.0,99000.0,Western Africa,West Africa,0.0,240440.63,0.0,3.275088605870735
Côte d'Ivoire,2002,240440.63,2168.7,73415.0,142.0,Western Africa,West Africa,0.0,240440.63,0.0,3.275088605870735
Côte d'Ivoire,2002,240440.63,2168.7,73415.0,45.07,Western Africa,West Africa,0.0,240440.63,0.0,3.275088605870735
Côte d'Ivoire,2002,240440.63,2168.7,273101.0,106.32,Western Africa,West Africa,0.0,240440.63,0.0,0.8804091892742978
Côte d'Ivoire,2002,240440.63,2168.7,273101.0,99000.0,Western Africa,West Africa,0.0,240440.63,0.0,0.8804091892742978
Côte d'Ivoire,2002,240440.63,2168.7,273101.0,99000.0,Western Africa,West Africa,0.0,240440.63,0.0,0.8804091892742978
Côte d'Ivoire,2002,240440.63,2168.7,273101.0,142.0,Western Africa,West Africa,0.0,240440.63,0.0,0.8804091892742978
Côte d'Ivoire,2002,240440.63,2168.7,273101.0,45.07,Western Africa,West Africa,0.0,240440.63,0.0,0.8804091892742978
Côte d'Ivoire,2002,592267.0,3275.1,73415.0,106.32,Western Africa,West Africa,146.32567299461826,357716.08666666667,65.56901466718121,8.067384049581149
Côte d'Ivoire,2002,592267.0,3275.1,73415.0,99000.0,Western Africa,West Africa,0.0,474991.5433333333,24.69000939336023,8.067384049581149
Côte d'Ivoire,2002,592267.0,3275.1,73415.0,99000.0,Western Africa,West Africa,0.0,592267.0,0.0,8.067384049581149
Côte d'Ivoire,2002,592267.0,3275.1,73415.0,142.0,Western Africa,West Africa,0.0,592267.0,0.0,8.067384049581149
Côte d'Ivoire,2002,592267.0,3275.1,73415.0,45.07,Western Africa,West Africa,0.0,592267.0,0.0,8.067384049581149
Côte d'Ivoire,2002,592267.0,3275.1,273101.0,106.32,Western Africa,West Africa,0.0,592267.0,0.0,2.1686738605863765
Côte d'Ivoire,2002,592267.0,3275.1,273101.0,99000.0,Western Africa,West Africa,0.0,592267.0,0.0,2.1686738605863765
Côte d'Ivoire,2002,592267.0,3275.1,273101.0,99000.0,Western Africa,West Africa,0.0,592267.0,0.0,2.1686738605863765
Côte d'Ivoire,2002,592267.0,3275.1,273101.0,142.0,Western Africa,West Africa,0.0,592267.0,0.0,2.1686738605863765
Côte d'Ivoire,2002,592267.0,3275.1,273101.0,45.07,Western Africa,West Africa,0.0,592267.0,0.0,2.1686738605863765
Côte d'Ivoire,2002,592267.0,2168.7,73415.0,106.32,Western Africa,West Africa,0.0,592267.0,0.0,8.067384049581149
Côte d'Ivoire,2002,592267.0,2168.7,73415.0,99000.0,Western Africa,West Africa,0.0,592267.0,0.0,8.067384049581149
Côte d'Ivoire,2002,592267.0,2168.7,73415.0,99000.0,Western Africa,West Africa,0.0,592267.0,0.0,8.067384049581149
Côte d'Ivoire,2002,592267.0,2168.7,73415.0,142.0,Western Africa,West Africa,0.0,592267.0,0.0,8.067384049581149
Côte d'Ivoire,2002,592267.0,2168.7,73415.0,45.07,Western Africa,West Africa,0.0,592267.0,0.0,8.067384049581149
Côte d'Ivoire,2002,592267.0,2168.7,273101.0,106.32,Western Africa,West Africa,0.0,592267.0,0.0,2.1686738605863765
Côte d'Ivoire,2002,592267.0,2168.7,273101.0,99000.0,Western Africa,West Africa,0.0,592267.0,0.0,2.1686738605863765
Côte d'Ivoire,2002,592267.0,2168.7,273101.0,99000.0,Western Africa,West Africa,0.0,592267.0,0.0,2.1686738605863765
Côte d'Ivoire,2002,592267.0,2168.7,273101.0,142.0,Western Africa,West Africa,0.0,592267.0,0.0,2.1686738605863765
Côte d'Ivoire,2002,592267.0,2168.7,273101.0,45.07,Western Africa,West Africa,0.0,592267.0,0.0,2.1686738605863765
Côte d'Ivoire,2003,239726.8,3212.8,74616.0,113.63,Western Africa,West Africa,-59.523863392692824,474753.60000000003,-49.505006386470804,3.212806904685322
Côte d'Ivoire,2003,239726.8,3212.8,74616.0,127399.0,Western Africa,West Africa,0.0,357240.2,-32.89478619707413,3.212806904685322
Côte d'Ivoire,2003,239726.8,3212.8,74616.0,127399.0,Western Africa,West Africa,0.0,239726.8,0.0,3.212806904685322
Côte d'Ivoire,2003,239726.8,3212.8,74616.0,219.2,Western Africa,West Africa,0.0,239726.8,0.0,3.212806904685322
Côte d'Ivoire,2003,239726.8,3212.8,74616.0,58.0,Western Africa,West Africa,0.0,239726.8,0.0,3.212806904685322
Côte d'Ivoire,2003,239726.8,3212.8,267635.0,113.63,Western Africa,West Africa,0.0,239726.8,0.0,0.8957229061968726
Côte d'Ivoire,2003,239726.8,3212.8,267635.0,127399.0,Western Africa,West Africa,0.0,239726.8,0.0,0.8957229061968726
Côte d'Ivoire,2003,239726.8,3212.8,267635.0,127399.0,Western Africa,West Africa,0.0,239726.8,0.0,0.8957229061968726
Côte d'Ivoire,2003,239726.8,3212.8,267635.0,219.2,Western Africa,West Africa,0.0,239726.8,0.0,0.8957229061968726
Côte d'Ivoire,2003,239726.8,3212.8,267635.0,58.0,Western Africa,West Africa,0.0,239726.8,0.0,0.8957229061968726
Côte d'Ivoire,2003,239726.8,2242.2,74616.0,113.63,Western Africa,West Africa,0.0,239726.8,0.0,3.212806904685322
Côte d'Ivoire,2003,239726.8,2242.2,74616.0,127399.0,Western Africa,West Africa,0.0,239726.8,0.0,3.212806904685322
Côte d'Ivoire,2003,239726.8,2242.2,74616.0,127399.0,Western Africa,West Africa,0.0,239726.8,0.0,3.212806904685322
Côte d'Ivoire,2003,239726.8,2242.2,74616.0,219.2,Western Africa,West Africa,0.0,239726.8,0.0,3.212806904685322
Côte d'Ivoire,2003,239726.8,2242.2,74616.0,58.0,Western Africa,West Africa,0.0,239726.8,0.0,3.212806904685322
Côte d'Ivoire,2003,239726.8,2242.2,267635.0,113.63,Western Africa,West Africa,0.0,239726.8,0.0,0.8957229061968726
Côte d'Ivoire,2003,239726.8,2242.2,267635.0,127399.0,Western Africa,West Africa,0.0,239726.8,0.0,0.8957229061968726
Côte d'Ivoire,2003,239726.8,2242.2,267635.0,127399.0,Western Africa,West Africa,0.0,239726.8,0.0,0.8957229061968726
Côte d'Ivoire,2003,239726.8,2242.2,267635.0,219.2,Western Africa,West Africa,0.0,239726.8,0.0,0.8957229061968726
Côte d'Ivoire,2003,239726.8,2242.2,267635.0,58.0,Western Africa,West Africa,0.0,239726.8,0.0,0.8957229061968726
Côte d'Ivoire,2003,600098.0,3212.8,74616.0,113.63,Western Africa,West Africa,150.32578752146196,359850.53333333327,66.76312646843378,8.042484185697438
Côte d'Ivoire,2003,600098.0,3212.8,74616.0,127399.0,Western Africa,West Africa,0.0,479974.2666666666,25.027119509462608,8.042484185697438
Côte d'Ivoire,2003,600098.0,3212.8,74616.0,127399.0,Western Africa,West Africa,0.0,600098.0,0.0,8.042484185697438
Côte d'Ivoire,2003,600098.0,3212.8,74616.0,219.2,Western Africa,West Africa,0.0,600098.0,0.0,8.042484185697438
Côte d'Ivoire,2003,600098.0,3212.8,74616.0,58.0,Western Africa,West Africa,0.0,600098.0,0.0,8.042484185697438
Côte d'Ivoire,2003,600098.0,3212.8,267635.0,113.63,Western Africa,West Africa,0.0,600098.0,0.0,2.242225418947447
Côte d'Ivoire,2003,600098.0,3212.8,267635.0,127399.0,Western Africa,West Africa,0.0,600098.0,0.0,2.242225418947447
Côte d'Ivoire,2003,600098.0,3212.8,267635.0,127399.0,Western Africa,West Africa,0.0,600098.0,0.0,2.242225418947447
Côte d'Ivoire,2003,600098.0,3212.8,267635.0,219.2,Western Africa,West Africa,0.0,600098.0,0.0,2.242225418947447
Côte d'Ivoire,2003,600098.0,3212.8,267635.0,58.0,Western Africa,West Africa,0.0,600098.0,0.0,2.242225418947447
Côte d'Ivoire,2003,600098.0,2242.2,74616.0,113.63,Western Africa,West Africa,0.0,600098.0,0.0,8.042484185697438
Côte d'Ivoire,2003,600098.0,2242.2,74616.0,127399.0,Western Africa,West Africa,0.0,600098.0,0.0,8.042484185697438
Côte d'Ivoire,2003,600098.0,2242.2,74616.0,127399.0,Western Africa,West Africa,0.0,600098.0,0.0,8.042484185697438
Côte d'Ivoire,2003,600098.0,2242.2,74616.0,219.2,Western Africa,West Africa,0.0,600098.0,0.0,8.042484185697438
Côte d'Ivoire,2003,600098.0,2242.2,74616.0,58.0,Western Africa,West Africa,0.0,600098.0,0.0,8.042484185697438
Côte d'Ivoire,2003,600098.0,2242.2,267635.0,113.63,Western Africa,West Africa,0.0,600098.0,0.0,2.242225418947447
Côte d'Ivoire,2003,600098.0,2242.2,267635.0,127399.0,Western Africa,West Africa,0.0,600098.0,0.0,2.242225418947447
Côte d'Ivoire,2003,600098.0,2242.2,267635.0,127399.0,Western Africa,West Africa,0.0,600098.0,0.0,2.242225418947447
Côte d'Ivoire,2003,600098.0,2242.2,267635.0,219.2,Western Africa,West Africa,0.0,600098.0,0.0,2.242225418947447
Côte d'Ivoire,2003,600098.0,2242.2,267635.0,58.0,Western Africa,West Africa,0.0,600098.0,0.0,2.242225418947447
Côte d'Ivoire,2004,238534.51,3144.4,75861.0,114.49,Western Africa,West Africa,-60.250740712350314,479576.83666666667,-50.261461404610095,3.144362847840129
Côte d'Ivoire,2004,238534.51,3144.4,75861.0,126258.0,Western Africa,West Africa,0.0,359055.67333333334,-33.56614928667236,3.144362847840129
Côte d'Ivoire,2004,238534.51,3144.4,75861.0,126258.0,Western Africa,West Africa,0.0,238534.51,0.0,3.144362847840129
Côte d'Ivoire,2004,238534.51,3144.4,75861.0,239.0,Western Africa,West Africa,0.0,238534.51,0.0,3.144362847840129
Côte d'Ivoire,2004,238534.51,3144.4,75861.0,57.49,Western Africa,West Africa,0.0,238534.51,0.0,3.144362847840129
Côte d'Ivoire,2004,238534.51,3144.4,278679.0,114.49,Western Africa,West Africa,0.0,238534.51,0.0,0.8559472009013955
Côte d'Ivoire,2004,238534.51,3144.4,278679.0,126258.0,Western Africa,West Africa,0.0,238534.51,0.0,0.8559472009013955
Côte d'Ivoire,2004,238534.51,3144.4,278679.0,126258.0,Western Africa,West Africa,0.0,238534.51,0.0,0.8559472009013955
Côte d'Ivoire,2004,238534.51,3144.4,278679.0,239.0,Western Africa,West Africa,0.0,238534.51,0.0,0.8559472009013955
Côte d'Ivoire,2004,238534.51,3144.4,278679.0,57.49,Western Africa,West Africa,0.0,238534.51,0.0,0.8559472009013955
Côte d'Ivoire,2004,238534.51,2224.2,75861.0,114.49,Western Africa,West Africa,0.0,238534.51,0.0,3.144362847840129
Côte d'Ivoire,2004,238534.51,2224.2,75861.0,126258.0,Western Africa,West Africa,0.0,238534.51,0.0,3.144362847840129
Côte d'Ivoire,2004,238534.51,2224.2,75861.0,126258.0,Western Africa,West Africa,0.0,238534.51,0.0,3.144362847840129
Côte d'Ivoire,2004,238534.51,2224.2,75861.0,239.0,Western Africa,West Africa,0.0,238534.51,0.0,3.144362847840129
Côte d'Ivoire,2004,238534.51,2224.2,75861.0,57.49,Western Africa,West Africa,0.0,238534.51,0.0,3.144362847840129
Côte d'Ivoire,2004,238534.51,2224.2,278679.0,114.49,Western Africa,West Africa,0.0,238534.51,0.0,0.8559472009013955
Côte d'Ivoire,2004,238534.51,2224.2,278679.0,126258.0,Western Africa,West Africa,0.0,238534.51,0.0,0.8559472009013955
Côte d'Ivoire,2004,238534.51,2224.2,278679.0,126258.0,Western Africa,West Africa,0.0,238534.51,0.0,0.8559472009013955
Côte d'Ivoire,2004,238534.51,2224.2,278679.0,239.0,Western Africa,West Africa,0.0,238534.51,0.0,0.8559472009013955
Côte d'Ivoire,2004,238534.51,2224.2,278679.0,57.49,Western Africa,West Africa,0.0,238534.51,0.0,0.8559472009013955
Côte d'Ivoire,2004,619831.0,3144.4,75861.0,114.49,Western Africa,West Africa,159.84961253614833,365633.34,69.52256049735507,8.170614676843174
Côte d'Ivoire,2004,619831.0,3144.4,75861.0,126258.0,Western Africa,West Africa,0.0,492732.1699999999,25.794709121590355,8.170614676843174
Côte d'Ivoire,2004,619831.0,3144.4,75861.0,126258.0,Western Africa,West Africa,0.0,619831.0,0.0,8.170614676843174
Côte d'Ivoire,2004,619831.0,3144.4,75861.0,239.0,Western Africa,West Africa,0.0,619831.0,0.0,8.170614676843174
Côte d'Ivoire,2004,619831.0,3144.4,75861.0,57.49,Western Africa,West Africa,0.0,619831.0,0.0,8.170614676843174
Côte d'Ivoire,2004,619831.0,3144.4,278679.0,114.49,Western Africa,West Africa,0.0,619831.0,0.0,2.2241754850562834
Côte d'Ivoire,2004,619831.0,3144.4,278679.0,126258.0,Western Africa,West Africa,0.0,619831.0,0.0,2.2241754850562834
Côte d'Ivoire,2004,619831.0,3144.4,278679.0,126258.0,Western Africa,West Africa,0.0,619831.0,0.0,2.2241754850562834
Côte d'Ivoire,2004,619831.0,3144.4,278679.0,239.0,Western Africa,West Africa,0.0,619831.0,0.0,2.2241754850562834
Côte d'Ivoire,2004,619831.0,3144.4,278679.0,57.49,Western Africa,West Africa,0.0,619831.0,0.0,2.2241754850562834
Côte d'Ivoire,2004,619831.0,2224.2,75861.0,114.49,Western Africa,West Africa,0.0,619831.0,0.0,8.170614676843174
Côte d'Ivoire,2004,619831.0,2224.2,75861.0,126258.0,Western Africa,West Africa,0.0,619831.0,0.0,8.170614676843174
Côte d'Ivoire,2004,619831.0,2224.2,75861.0,126258.0,Western Africa,West Africa,0.0,619831.0,0.0,8.170614676843174
Côte d'Ivoire,2004,619831.0,2224.2,75861.0,239.0,Western Africa,West Africa,0.0,619831.0,0.0,8.170614676843174
Côte d'Ivoire,2004,619831.0,2224.2,75861.0,57.49,Western Africa,West Africa,0.0,619831.0,0.0,8.170614676843174
Côte d'Ivoire,2004,619831.0,2224.2,278679.0,114.49,Western Africa,West Africa,0.0,619831.0,0.0,2.2241754850562834
Côte d'Ivoire,2004,619831.0,2224.2,278679.0,126258.0,Western Africa,West Africa,0.0,619831.0,0.0,2.2241754850562834
Côte d'Ivoire,2004,619831.0,2224.2,278679.0,126258.0,Western Africa,West Africa,0.0,619831.0,0.0,2.2241754850562834
Côte d'Ivoire,2004,619831.0,2224.2,278679.0,239.0,Western Africa,West Africa,0.0,619831.0,0.0,2.2241754850562834
Côte d'Ivoire,2004,619831.0,2224.2,278679.0,57.49,Western Africa,West Africa,0.0,619831.0,0.0,2.2241754850562834
Côte d'Ivoire,2005,236766.42,3071.2,77093.0,50000.0,Western Africa,West Africa,-61.80145555804728,492142.80666666664,-51.89070798298504,3.0711792250917727
Côte d'Ivoire,2005,236766.42,3071.2,77093.0,50000.0,Western Africa,West Africa,0.0,364454.6133333333,-35.03541693861029,3.0711792250917727
Côte d'Ivoire,2005,236766.42,3071.2,77093.0,94.8,Western Africa,West Africa,0.0,236766.42,0.0,3.0711792250917727
Côte d'Ivoire,2005,236766.42,3071.2,77093.0,69.34,Western Africa,West Africa,0.0,236766.42,0.0,3.0711792250917727
Côte d'Ivoire,2005,236766.42,3071.2,77093.0,122705.0,Western Africa,West Africa,0.0,236766.42,0.0,3.0711792250917727
Côte d'Ivoire,2005,236766.42,3071.2,77093.0,122705.0,Western Africa,West Africa,0.0,236766.42,0.0,3.0711792250917727
Côte d'Ivoire,2005,236766.42,3071.2,77093.0,232.6,Western Africa,West Africa,0.0,236766.42,0.0,3.0711792250917727
Côte d'Ivoire,2005,236766.42,3071.2,77093.0,55.87,Western Africa,West Africa,0.0,236766.42,0.0,3.0711792250917727
Côte d'Ivoire,2005,236766.42,3071.2,302879.0,50000.0,Western Africa,West Africa,0.0,236766.42,0.0,0.7817194985456238
Côte d'Ivoire,2005,236766.42,3071.2,302879.0,50000.0,Western Africa,West Africa,0.0,236766.42,0.0,0.7817194985456238
Côte d'Ivoire,2005,236766.42,3071.2,302879.0,94.8,Western Africa,West Africa,0.0,236766.42,0.0,0.7817194985456238
Côte d'Ivoire,2005,236766.42,3071.2,302879.0,69.34,Western Africa,West Africa,0.0,236766.42,0.0,0.7817194985456238
Côte d'Ivoire,2005,236766.42,3071.2,302879.0,122705.0,Western Africa,West Africa,0.0,236766.42,0.0,0.7817194985456238
Côte d'Ivoire,2005,236766.42,3071.2,302879.0,122705.0,Western Africa,West Africa,0.0,236766.42,0.0,0.7817194985456238
Côte d'Ivoire,2005,236766.42,3071.2,302879.0,232.6,Western Africa,West Africa,0.0,236766.42,0.0,0.7817194985456238
Côte d'Ivoire,2005,236766.42,3071.2,302879.0,55.87,Western Africa,West Africa,0.0,236766.42,0.0,0.7817194985456238
Côte d'Ivoire,2005,236766.42,2113.8,77093.0,50000.0,Western Africa,West Africa,0.0,236766.42,0.0,3.0711792250917727
Côte d'Ivoire,2005,236766.42,2113.8,77093.0,50000.0,Western Africa,West Africa,0.0,236766.42,0.0,3.0711792250917727
Côte d'Ivoire,2005,236766.42,2113.8,77093.0,94.8,Western Africa,West Africa,0.0,236766.42,0.0,3.0711792250917727
Côte d'Ivoire,2005,236766.42,2113.8,77093.0,69.34,Western Africa,West Africa,0.0,236766.42,0.0,3.0711792250917727
Côte d'Ivoire,2005,236766.42,2113.8,77093.0,122705.0,Western Africa,West Africa,0.0,236766.42,0.0,3.0711792250917727
Côte d'Ivoire,2005,236766.42,2113.8,77093.0,122705.0,Western Africa,West Africa,0.0,236766.42,0.0,3.0711792250917727
Côte d'Ivoire,2005,236766.42,2113.8,77093.0,232.6,Western Africa,West Africa,0.0,236766.42,0.0,3.0711792250917727
Côte d'Ivoire,2005,236766.42,2113.8,77093.0,55.87,Western Africa,West Africa,0.0,236766.42,0.0,3.0711792250917727
Côte d'Ivoire,2005,236766.42,2113.8,302879.0,50000.0,Western Africa,West Africa,0.0,236766.42,0.0,0.7817194985456238
Côte d'Ivoire,2005,236766.42,2113.8,302879.0,50000.0,Western Africa,West Africa,0.0,236766.42,0.0,0.7817194985456238
Côte d'Ivoire,2005,236766.42,2113.8,302879.0,94.8,Western Africa,West Africa,0.0,236766.42,0.0,0.7817194985456238
Côte d'Ivoire,2005,236766.42,2113.8,302879.0,69.34,Western Africa,West Africa,0.0,236766.42,0.0,0.7817194985456238
Côte d'Ivoire,2005,236766.42,2113.8,302879.0,122705.0,Western Africa,West Africa,0.0,236766.42,0.0,0.7817194985456238
Côte d'Ivoire,2005,236766.42,2113.8,302879.0,122705.0,Western Africa,West Africa,0.0,236766.42,0.0,0.7817194985456238
Côte d'Ivoire,2005,236766.42,2113.8,302879.0,232.6,Western Africa,West Africa,0.0,236766.42,0.0,0.7817194985456238
Côte d'Ivoire,2005,236766.42,2113.8,302879.0,55.87,Western Africa,West Africa,0.0,236766.42,0.0,0.7817194985456238
Côte d'Ivoire,2005,640213.0,3071.2,77093.0,50000.0,Western Africa,West Africa,170.39856412070597,371248.6133333333,72.4485902456884,8.304424526221576
Côte d'Ivoire,2005,640213.0,3071.2,77093.0,50000.0,Western Africa,West Africa,0.0,505730.80666666664,26.591655394640064,8.304424526221576
Côte d'Ivoire,2005,640213.0,3071.2,77093.0,94.8,Western Africa,West Africa,0.0,640213.0,0.0,8.304424526221576
Côte d'Ivoire,2005,640213.0,3071.2,77093.0,69.34,Western Africa,West Africa,0.0,640213.0,0.0,8.304424526221576
Côte d'Ivoire,2005,640213.0,3071.2,77093.0,122705.0,Western Africa,West Africa,0.0,640213.0,0.0,8.304424526221576
Côte d'Ivoire,2005,640213.0,3071.2,77093.0,122705.0,Western Africa,West Africa,0.0,640213.0,0.0,8.304424526221576
Côte d'Ivoire,2005,640213.0,3071.2,77093.0,232.6,Western Africa,West Africa,0.0,640213.0,0.0,8.304424526221576
Côte d'Ivoire,2005,640213.0,3071.2,77093.0,55.87,Western Africa,West Africa,0.0,640213.0,0.0,8.304424526221576
Côte d'Ivoire,2005,640213.0,3071.2,302879.0,50000.0,Western Africa,West Africa,0.0,640213.0,0.0,2.11375829951895
Côte d'Ivoire,2005,640213.0,3071.2,302879.0,50000.0,Western Africa,West Africa,0.0,640213.0,0.0,2.11375829951895
Côte d'Ivoire,2005,640213.0,3071.2,302879.0,94.8,Western Africa,West Africa,0.0,640213.0,0.0,2.11375829951895
Côte d'Ivoire,2005,640213.0,3071.2,302879.0,69.34,Western Africa,West Africa,0.0,640213.0,0.0,2.11375829951895
Côte d'Ivoire,2005,640213.0,3071.2,302879.0,122705.0,Western Africa,West Africa,0.0,640213.0,0.0,2.11375829951895
Côte d'Ivoire,2005,640213.0,3071.2,302879.0,122705.0,Western Africa,West Africa,0.0,640213.0,0.0,2.11375829951895
Côte d'Ivoire,2005,640213.0,3071.2,302879.0,232.6,Western Africa,West Africa,0.0,640213.0,0.0,2.11375829951895
Côte d'Ivoire,2005,640213.0,3071.2,302879.0,55.87,Western Africa,West Africa,0.0,640213.0,0.0,2.11375829951895
Côte d'Ivoire,2005,640213.0,2113.8,77093.0,50000.0,Western Africa,West Africa,0.0,640213.0,0.0,8.304424526221576
Côte d'Ivoire,2005,640213.0,2113.8,77093.0,50000.0,Western Africa,West Africa,0.0,640213.0,0.0,8.304424526221576
Côte d'Ivoire,2005,640213.0,2113.8,77093.0,94.8,Western Africa,West Africa,0.0,640213.0,0.0,8.304424526221576
Côte d'Ivoire,2005,640213.0,2113.8,77093.0,69.34,Western Africa,West Africa,0.0,640213.0,0.0,8.304424526221576
Côte d'Ivoire,2005,640213.0,2113.8,77093.0,122705.0,Western Africa,West Africa,0.0,640213.0,0.0,8.304424526221576
Côte d'Ivoire,2005,640213.0,2113.8,77093.0,122705.0,Western Africa,West Africa,0.0,640213.0,0.0,8.304424526221576
Côte d'Ivoire,2005,640213.0,2113.8,77093.0,232.6,Western Africa,West Africa,0.0,640213.0,0.0,8.304424526221576
Côte d'Ivoire,2005,640213.0,2113.8,77093.0,55.87,Western Africa,West Africa,0.0,640213.0,0.0,8.304424526221576
Côte d'Ivoire,2005,640213.0,2113.8,302879.0,50000.0,Western Africa,West Africa,0.0,640213.0,0.0,2.11375829951895
Côte d'Ivoire,2005,640213.0,2113.8,302879.0,50000.0,Western Africa,West Africa,0.0,640213.0,0.0,2.11375829951895
Côte d'Ivoire,2005,640213.0,2113.8,302879.0,94.8,Western Africa,West Africa,0.0,640213.0,0.0,2.11375829951895
Côte d'Ivoire,2005,640213.0,2113.8,302879.0,69.34,Western Africa,West Africa,0.0,640213.0,0.0,2.11375829951895
Côte d'Ivoire,2005,640213.0,2113.8,302879.0,122705.0,Western Africa,West Africa,0.0,640213.0,0.0,2.11375829951895
Côte d'Ivoire,2005,640213.0,2113.8,302879.0,122705.0,Western Africa,West Africa,0.0,640213.0,0.0,2.11375829951895
Côte d'Ivoire,2005,640213.0,2113.8,302879.0,232.6,Western Africa,West Africa,0.0,640213.0,0.0,2.11375829951895
Côte d'Ivoire,2005,640213.0,2113.8,302879.0,55.87,Western Africa,West Africa,0.0,640213.0,0.0,2.11375829951895
Côte d'Ivoire,2006,256368.39,2998.5,85500.0,55000.0,Western Africa,West Africa,-59.95576628403359,512264.79666666663,-49.95393170325146,2.9984607017543863
Côte d'Ivoire,2006,256368.39,2998.5,85500.0,55000.0,Western Africa,West Africa,0.0,384316.59333333327,-33.29239630888345,2.9984607017543863
Côte d'Ivoire,2006,256368.39,2998.5,85500.0,105.2,Western Africa,West Africa,0.0,256368.39,0.0,2.9984607017543863
Côte d'Ivoire,2006,256368.39,2998.5,85500.0,76.28,Western Africa,West Africa,0.0,256368.39,0.0,2.9984607017543863
Côte d'Ivoire,2006,256368.39,2998.5,85500.0,124000.0,Western Africa,West Africa,0.0,256368.39,0.0,2.9984607017543863
Côte d'Ivoire,2006,256368.39,2998.5,85500.0,124000.0,Western Africa,West Africa,0.0,256368.39,0.0,2.9984607017543863
Côte d'Ivoire,2006,256368.39,2998.5,85500.0,237.1,Western Africa,West Africa,0.0,256368.39,0.0,2.9984607017543863
Côte d'Ivoire,2006,256368.39,2998.5,85500.0,56.46,Western Africa,West Africa,0.0,256368.39,0.0,2.9984607017543863
Côte d'Ivoire,2006,256368.39,2998.5,301906.0,55000.0,Western Africa,West Africa,0.0,256368.39,0.0,0.849166263671474
Côte d'Ivoire,2006,256368.39,2998.5,301906.0,55000.0,Western Africa,West Africa,0.0,256368.39,0.0,0.849166263671474
Côte d'Ivoire,2006,256368.39,2998.5,301906.0,105.2,Western Africa,West Africa,0.0,256368.39,0.0,0.849166263671474
Côte d'Ivoire,2006,256368.39,2998.5,301906.0,76.28,Western Africa,West Africa,0.0,256368.39,0.0,0.849166263671474
Côte d'Ivoire,2006,256368.39,2998.5,301906.0,124000.0,Western Africa,West Africa,0.0,256368.39,0.0,0.849166263671474
Côte d'Ivoire,2006,256368.39,2998.5,301906.0,124000.0,Western Africa,West Africa,0.0,256368.39,0.0,0.849166263671474
Côte d'Ivoire,2006,256368.39,2998.5,301906.0,237.1,Western Africa,West Africa,0.0,256368.39,0.0,0.849166263671474
Côte d'Ivoire,2006,256368.39,2998.5,301906.0,56.46,Western Africa,West Africa,0.0,256368.39,0.0,0.849166263671474
Côte d'Ivoire,2006,256368.39,2115.7,85500.0,55000.0,Western Africa,West Africa,0.0,256368.39,0.0,2.9984607017543863
Côte d'Ivoire,2006,256368.39,2115.7,85500.0,55000.0,Western Africa,West Africa,0.0,256368.39,0.0,2.9984607017543863
Côte d'Ivoire,2006,256368.39,2115.7,85500.0,105.2,Western Africa,West Africa,0.0,256368.39,0.0,2.9984607017543863
Côte d'Ivoire,2006,256368.39,2115.7,85500.0,76.28,Western Africa,West Africa,0.0,256368.39,0.0,2.9984607017543863
Côte d'Ivoire,2006,256368.39,2115.7,85500.0,124000.0,Western Africa,West Africa,0.0,256368.39,0.0,2.9984607017543863
Côte d'Ivoire,2006,256368.39,2115.7,85500.0,124000.0,Western Africa,West Africa,0.0,256368.39,0.0,2.9984607017543863
Côte d'Ivoire,2006,256368.39,2115.7,85500.0,237.1,Western Africa,West Africa,0.0,256368.39,0.0,2.9984607017543863
Côte d'Ivoire,2006,256368.39,2115.7,85500.0,56.46,Western Africa,West Africa,0.0,256368.39,0.0,2.9984607017543863
Côte d'Ivoire,2006,256368.39,2115.7,301906.0,55000.0,Western Africa,West Africa,0.0,256368.39,0.0,0.849166263671474
Côte d'Ivoire,2006,256368.39,2115.7,301906.0,55000.0,Western Africa,West Africa,0.0,256368.39,0.0,0.849166263671474
Côte d'Ivoire,2006,256368.39,2115.7,301906.0,105.2,Western Africa,West Africa,0.0,256368.39,0.0,0.849166263671474
Côte d'Ivoire,2006,256368.39,2115.7,301906.0,76.28,Western Africa,West Africa,0.0,256368.39,0.0,0.849166263671474
Côte d'Ivoire,2006,256368.39,2115.7,301906.0,124000.0,Western Africa,West Africa,0.0,256368.39,0.0,0.849166263671474
Côte d'Ivoire,2006,256368.39,2115.7,301906.0,124000.0,Western Africa,West Africa,0.0,256368.39,0.0,0.849166263671474
Côte d'Ivoire,2006,256368.39,2115.7,301906.0,237.1,Western Africa,West Africa,0.0,256368.39,0.0,0.849166263671474
Côte d'Ivoire,2006,256368.39,2115.7,301906.0,56.46,Western Africa,West Africa,0.0,256368.39,0.0,0.849166263671474
Côte d'Ivoire,2006,638753.0,2998.5,85500.0,55000.0,Western Africa,West Africa,149.15435167338686,383829.9266666666,66.41563245137968,7.470795321637427
Côte d'Ivoire,2006,638753.0,2998.5,85500.0,55000.0,Western Africa,West Africa,0.0,511291.4633333333,24.929330099839532,7.470795321637427
Côte d'Ivoire,2006,638753.0,2998.5,85500.0,105.2,Western Africa,West Africa,0.0,638753.0,0.0,7.470795321637427
Côte d'Ivoire,2006,638753.0,2998.5,85500.0,76.28,Western Africa,West Africa,0.0,638753.0,0.0,7.470795321637427
Côte d'Ivoire,2006,638753.0,2998.5,85500.0,124000.0,Western Africa,West Africa,0.0,638753.0,0.0,7.470795321637427
Côte d'Ivoire,2006,638753.0,2998.5,85500.0,124000.0,Western Africa,West Africa,0.0,638753.0,0.0,7.470795321637427
Côte d'Ivoire,2006,638753.0,2998.5,85500.0,237.1,Western Africa,West Africa,0.0,638753.0,0.0,7.470795321637427
Côte d'Ivoire,2006,638753.0,2998.5,85500.0,56.46,Western Africa,West Africa,0.0,638753.0,0.0,7.470795321637427
Côte d'Ivoire,2006,638753.0,2998.5,301906.0,55000.0,Western Africa,West Africa,0.0,638753.0,0.0,2.1157346988797836
Côte d'Ivoire,2006,638753.0,2998.5,301906.0,55000.0,Western Africa,West Africa,0.0,638753.0,0.0,2.1157346988797836
Côte d'Ivoire,2006,638753.0,2998.5,301906.0,105.2,Western Africa,West Africa,0.0,638753.0,0.0,2.1157346988797836
Côte d'Ivoire,2006,638753.0,2998.5,301906.0,76.28,Western Africa,West Africa,0.0,638753.0,0.0,2.1157346988797836
Côte d'Ivoire,2006,638753.0,2998.5,301906.0,124000.0,Western Africa,West Africa,0.0,638753.0,0.0,2.1157346988797836
Côte d'Ivoire,2006,638753.0,2998.5,301906.0,124000.0,Western Africa,West Africa,0.0,638753.0,0.0,2.1157346988797836
Côte d'Ivoire,2006,638753.0,2998.5,301906.0,237.1,Western Africa,West Africa,0.0,638753.0,0.0,2.1157346988797836
Côte d'Ivoire,2006,638753.0,2998.5,301906.0,56.46,Western Africa,West Africa,0.0,638753.0,0.0,2.1157346988797836
Côte d'Ivoire,2006,638753.0,2115.7,85500.0,55000.0,Western Africa,West Africa,0.0,638753.0,0.0,7.470795321637427
Côte d'Ivoire,2006,638753.0,2115.7,85500.0,55000.0,Western Africa,West Africa,0.0,638753.0,0.0,7.470795321637427
Côte d'Ivoire,2006,638753.0,2115.7,85500.0,105.2,Western Africa,West Africa,0.0,638753.0,0.0,7.470795321637427
Côte d'Ivoire,2006,638753.0,2115.7,85500.0,76.28,Western Africa,West Africa,0.0,638753.0,0.0,7.470795321637427
Côte d'Ivoire,2006,638753.0,2115.7,85500.0,124000.0,Western Africa,West Africa,0.0,638753.0,0.0,7.470795321637427
Côte d'Ivoire,2006,638753.0,2115.7,85500.0,124000.0,Western Africa,West Africa,0.0,638753.0,0.0,7.470795321637427
Côte d'Ivoire,2006,638753.0,2115.7,85500.0,237.1,Western Africa,West Africa,0.0,638753.0,0.0,7.470795321637427
Côte d'Ivoire,2006,638753.0,2115.7,85500.0,56.46,Western Africa,West Africa,0.0,638753.0,0.0,7.470795321637427
Côte d'Ivoire,2006,638753.0,2115.7,301906.0,55000.0,Western Africa,West Africa,0.0,638753.0,0.0,2.1157346988797836
Côte d'Ivoire,2006,638753.0,2115.7,301906.0,55000.0,Western Africa,West Africa,0.0,638753.0,0.0,2.1157346988797836
Côte d'Ivoire,2006,638753.0,2115.7,301906.0,105.2,Western Africa,West Africa,0.0,638753.0,0.0,2.1157346988797836
Côte d'Ivoire,2006,638753.0,2115.7,301906.0,76.28,Western Africa,West Africa,0.0,638753.0,0.0,2.1157346988797836
Côte d'Ivoire,2006,638753.0,2115.7,301906.0,124000.0,Western Africa,West Africa,0.0,638753.0,0.0,2.1157346988797836
Côte d'Ivoire,2006,638753.0,2115.7,301906.0,124000.0,Western Africa,West Africa,0.0,638753.0,0.0,2.1157346988797836
Côte d'Ivoire,2006,638753.0,2115.7,301906.0,237.1,Western Africa,West Africa,0.0,638753.0,0.0,2.1157346988797836
Côte d'Ivoire,2006,638753.0,2115.7,301906.0,56.46,Western Africa,West Africa,0.0,638753.0,0.0,2.1157346988797836
Côte d'Ivoire,2007,228317.69,2835.8,80511.0,60000.0,Western Africa,West Africa,-64.25571543303906,501941.23,-54.51306321259961,2.8358570878513496
Côte d'Ivoire,2007,228317.69,2835.8,80511.0,60000.0,Western Africa,West Africa,0.0,365129.45999999996,-37.46938688540771,2.8358570878513496
Côte d'Ivoire,2007,228317.69,2835.8,80511.0,125.2,Western Africa,West Africa,0.0,228317.69,0.0,2.8358570878513496
Côte d'Ivoire,2007,228317.69,2835.8,80511.0,83.21,Western Africa,West Africa,0.0,228317.69,0.0,2.8358570878513496
Côte d'Ivoire,2007,228317.69,2835.8,80511.0,145000.0,Western Africa,West Africa,0.0,228317.69,0.0,2.8358570878513496
Côte d'Ivoire,2007,228317.69,2835.8,80511.0,145000.0,Western Africa,West Africa,0.0,228317.69,0.0,2.8358570878513496
Côte d'Ivoire,2007,228317.69,2835.8,80511.0,302.5,Western Africa,West Africa,0.0,228317.69,0.0,2.8358570878513496
Côte d'Ivoire,2007,228317.69,2835.8,80511.0,66.02,Western Africa,West Africa,0.0,228317.69,0.0,2.8358570878513496
Côte d'Ivoire,2007,228317.69,2835.8,301495.0,60000.0,Western Africa,West Africa,0.0,228317.69,0.0,0.7572851622746646
Côte d'Ivoire,2007,228317.69,2835.8,301495.0,60000.0,Western Africa,West Africa,0.0,228317.69,0.0,0.7572851622746646
Côte d'Ivoire,2007,228317.69,2835.8,301495.0,125.2,Western Africa,West Africa,0.0,228317.69,0.0,0.7572851622746646
Côte d'Ivoire,2007,228317.69,2835.8,301495.0,83.21,Western Africa,West Africa,0.0,228317.69,0.0,0.7572851622746646
Côte d'Ivoire,2007,228317.69,2835.8,301495.0,145000.0,Western Africa,West Africa,0.0,228317.69,0.0,0.7572851622746646
Côte d'Ivoire,2007,228317.69,2835.8,301495.0,145000.0,Western Africa,West Africa,0.0,228317.69,0.0,0.7572851622746646
Côte d'Ivoire,2007,228317.69,2835.8,301495.0,302.5,Western Africa,West Africa,0.0,228317.69,0.0,0.7572851622746646
Côte d'Ivoire,2007,228317.69,2835.8,301495.0,66.02,Western Africa,West Africa,0.0,228317.69,0.0,0.7572851622746646
Côte d'Ivoire,2007,228317.69,1764.3,80511.0,60000.0,Western Africa,West Africa,0.0,228317.69,0.0,2.8358570878513496
Côte d'Ivoire,2007,228317.69,1764.3,80511.0,60000.0,Western Africa,West Africa,0.0,228317.69,0.0,2.8358570878513496
Côte d'Ivoire,2007,228317.69,1764.3,80511.0,125.2,Western Africa,West Africa,0.0,228317.69,0.0,2.8358570878513496
Côte d'Ivoire,2007,228317.69,1764.3,80511.0,83.21,Western Africa,West Africa,0.0,228317.69,0.0,2.8358570878513496
Côte d'Ivoire,2007,228317.69,1764.3,80511.0,145000.0,Western Africa,West Africa,0.0,228317.69,0.0,2.8358570878513496
Côte d'Ivoire,2007,228317.69,1764.3,80511.0,145000.0,Western Africa,West Africa,0.0,228317.69,0.0,2.8358570878513496
Côte d'Ivoire,2007,228317.69,1764.3,80511.0,302.5,Western Africa,West Africa,0.0,228317.69,0.0,2.8358570878513496
Côte d'Ivoire,2007,228317.69,1764.3,80511.0,66.02,Western Africa,West Africa,0.0,228317.69,0.0,2.8358570878513496
Côte d'Ivoire,2007,228317.69,1764.3,301495.0,60000.0,Western Africa,West Africa,0.0,228317.69,0.0,0.7572851622746646
Côte d'Ivoire,2007,228317.69,1764.3,301495.0,60000.0,Western Africa,West Africa,0.0,228317.69,0.0,0.7572851622746646
Côte d'Ivoire,2007,228317.69,1764.3,301495.0,125.2,Western Africa,West Africa,0.0,228317.69,0.0,0.7572851622746646
Côte d'Ivoire,2007,228317.69,1764.3,301495.0,83.21,Western Africa,West Africa,0.0,228317.69,0.0,0.7572851622746646
Côte d'Ivoire,2007,228317.69,1764.3,301495.0,145000.0,Western Africa,West Africa,0.0,228317.69,0.0,0.7572851622746646
Côte d'Ivoire,2007,228317.69,1764.3,301495.0,145000.0,Western Africa,West Africa,0.0,228317.69,0.0,0.7572851622746646
Côte d'Ivoire,2007,228317.69,1764.3,301495.0,302.5,Western Africa,West Africa,0.0,228317.69,0.0,0.7572851622746646
Côte d'Ivoire,2007,228317.69,1764.3,301495.0,66.02,Western Africa,West Africa,0.0,228317.69,0.0,0.7572851622746646
Côte d'Ivoire,2007,531940.0,2835.8,80511.0,60000.0,Western Africa,West Africa,132.98238520195258,329525.12666666665,61.42623337433308,6.607047484194706
Côte d'Ivoire,2007,531940.0,2835.8,80511.0,60000.0,Western Africa,West Africa,0.0,430732.5633333333,23.496583560677944,6.607047484194706
Côte d'Ivoire,2007,531940.0,2835.8,80511.0,125.2,Western Africa,West Africa,0.0,531940.0,0.0,6.607047484194706
Côte d'Ivoire,2007,531940.0,2835.8,80511.0,83.21,Western Africa,West Africa,0.0,531940.0,0.0,6.607047484194706
Côte d'Ivoire,2007,531940.0,2835.8,80511.0,145000.0,Western Africa,West Africa,0.0,531940.0,0.0,6.607047484194706
Côte d'Ivoire,2007,531940.0,2835.8,80511.0,145000.0,Western Africa,West Africa,0.0,531940.0,0.0,6.607047484194706
Côte d'Ivoire,2007,531940.0,2835.8,80511.0,302.5,Western Africa,West Africa,0.0,531940.0,0.0,6.607047484194706
Côte d'Ivoire,2007,531940.0,2835.8,80511.0,66.02,Western Africa,West Africa,0.0,531940.0,0.0,6.607047484194706
Côte d'Ivoire,2007,531940.0,2835.8,301495.0,60000.0,Western Africa,West Africa,0.0,531940.0,0.0,1.7643410338479908
Côte d'Ivoire,2007,531940.0,2835.8,301495.0,60000.0,Western Africa,West Africa,0.0,531940.0,0.0,1.7643410338479908
Côte d'Ivoire,2007,531940.0,2835.8,301495.0,125.2,Western Africa,West Africa,0.0,531940.0,0.0,1.7643410338479908
Côte d'Ivoire,2007,531940.0,2835.8,301495.0,83.21,Western Africa,West Africa,0.0,531940.0,0.0,1.7643410338479908
Côte d'Ivoire,2007,531940.0,2835.8,301495.0,145000.0,Western Africa,West Africa,0.0,531940.0,0.0,1.7643410338479908
Côte d'Ivoire,2007,531940.0,2835.8,301495.0,145000.0,Western Africa,West Africa,0.0,531940.0,0.0,1.7643410338479908
Côte d'Ivoire,2007,531940.0,2835.8,301495.0,302.5,Western Africa,West Africa,0.0,531940.0,0.0,1.7643410338479908
Côte d'Ivoire,2007,531940.0,2835.8,301495.0,66.02,Western Africa,West Africa,0.0,531940.0,0.0,1.7643410338479908
Côte d'Ivoire,2007,531940.0,1764.3,80511.0,60000.0,Western Africa,West Africa,0.0,531940.0,0.0,6.607047484194706
Côte d'Ivoire,2007,531940.0,1764.3,80511.0,60000.0,Western Africa,West Africa,0.0,531940.0,0.0,6.607047484194706
Côte d'Ivoire,2007,531940.0,1764.3,80511.0,125.2,Western Africa,West Africa,0.0,531940.0,0.0,6.607047484194706
Côte d'Ivoire,2007,531940.0,1764.3,80511.0,83.21,Western Africa,West Africa,0.0,531940.0,0.0,6.607047484194706
Côte d'Ivoire,2007,531940.0,1764.3,80511.0,145000.0,Western Africa,West Africa,0.0,531940.0,0.0,6.607047484194706
Côte d'Ivoire,2007,531940.0,1764.3,80511.0,145000.0,Western Africa,West Africa,0.0,531940.0,0.0,6.607047484194706
Côte d'Ivoire,2007,531940.0,1764.3,80511.0,302.5,Western Africa,West Africa,0.0,531940.0,0.0,6.607047484194706
Côte d'Ivoire,2007,531940.0,1764.3,80511.0,66.02,Western Africa,West Africa,0.0,531940.0,0.0,6.607047484194706
Côte d'Ivoire,2007,531940.0,1764.3,301495.0,60000.0,Western Africa,West Africa,0.0,531940.0,0.0,1.7643410338479908
Côte d'Ivoire,2007,531940.0,1764.3,301495.0,60000.0,Western Africa,West Africa,0.0,531940.0,0.0,1.7643410338479908
Côte d'Ivoire,2007,531940.0,1764.3,301495.0,125.2,Western Africa,West Africa,0.0,531940.0,0.0,1.7643410338479908
Côte d'Ivoire,2007,531940.0,1764.3,301495.0,83.21,Western Africa,West Africa,0.0,531940.0,0.0,1.7643410338479908
Côte d'Ivoire,2007,531940.0,1764.3,301495.0,145000.0,Western Africa,West Africa,0.0,531940.0,0.0,1.7643410338479908
Côte d'Ivoire,2007,531940.0,1764.3,301495.0,145000.0,Western Africa,West Africa,0.0,531940.0,0.0,1.7643410338479908
Côte d'Ivoire,2007,531940.0,1764.3,301495.0,302.5,Western Africa,West Africa,0.0,531940.0,0.0,1.7643410338479908
Côte d'Ivoire,2007,531940.0,1764.3,301495.0,66.02,Western Africa,West Africa,0.0,531940.0,0.0,1.7643410338479908
Côte d'Ivoire,2008,220683.24,2802.9,78734.0,103.19,Western Africa,West Africa,-58.5135090423732,428187.74666666664,-48.461103401962525,2.802896334493357
Côte d'Ivoire,2008,220683.24,2802.9,78734.0,156000.0,Western Africa,West Africa,0.0,324435.4933333333,-31.97931652525317,2.802896334493357
Côte d'Ivoire,2008,220683.24,2802.9,78734.0,156000.0,Western Africa,West Africa,0.0,220683.24,0.0,2.802896334493357
Côte d'Ivoire,2008,220683.24,2802.9,78734.0,348.4,Western Africa,West Africa,0.0,220683.24,0.0,2.802896334493357
Côte d'Ivoire,2008,220683.24,2802.9,78734.0,71.03,Western Africa,West Africa,0.0,220683.24,0.0,2.802896334493357
Côte d'Ivoire,2008,220683.24,2802.9,310237.0,103.19,Western Africa,West Africa,0.0,220683.24,0.0,0.7113375902938721
Côte d'Ivoire,2008,220683.24,2802.9,310237.0,156000.0,Western Africa,West Africa,0.0,220683.24,0.0,0.7113375902938721
Côte d'Ivoire,2008,220683.24,2802.9,310237.0,156000.0,Western Africa,West Africa,0.0,220683.24,0.0,0.7113375902938721
Côte d'Ivoire,2008,220683.24,2802.9,310237.0,348.4,Western Africa,West Africa,0.0,220683.24,0.0,0.7113375902938721
Côte d'Ivoire,2008,220683.24,2802.9,310237.0,71.03,Western Africa,West Africa,0.0,220683.24,0.0,0.7113375902938721
Côte d'Ivoire,2008,220683.24,2031.3,78734.0,103.19,Western Africa,West Africa,0.0,220683.24,0.0,2.802896334493357
Côte d'Ivoire,2008,220683.24,2031.3,78734.0,156000.0,Western Africa,West Africa,0.0,220683.24,0.0,2.802896334493357
Côte d'Ivoire,2008,220683.24,2031.3,78734.0,156000.0,Western Africa,West Africa,0.0,220683.24,0.0,2.802896334493357
Côte d'Ivoire,2008,220683.24,2031.3,78734.0,348.4,Western Africa,West Africa,0.0,220683.24,0.0,2.802896334493357
Côte d'Ivoire,2008,220683.24,2031.3,78734.0,71.03,Western Africa,West Africa,0.0,220683.24,0.0,2.802896334493357
Côte d'Ivoire,2008,220683.24,2031.3,310237.0,103.19,Western Africa,West Africa,0.0,220683.24,0.0,0.7113375902938721
Côte d'Ivoire,2008,220683.24,2031.3,310237.0,156000.0,Western Africa,West Africa,0.0,220683.24,0.0,0.7113375902938721
Côte d'Ivoire,2008,220683.24,2031.3,310237.0,156000.0,Western Africa,West Africa,0.0,220683.24,0.0,0.7113375902938721
Côte d'Ivoire,2008,220683.24,2031.3,310237.0,348.4,Western Africa,West Africa,0.0,220683.24,0.0,0.7113375902938721
Côte d'Ivoire,2008,220683.24,2031.3,310237.0,71.03,Western Africa,West Africa,0.0,220683.24,0.0,0.7113375902938721
Côte d'Ivoire,2008,630188.0,2802.9,78734.0,103.19,Western Africa,West Africa,185.5622384373186,357184.82666666666,76.4319066632991,8.004013513856783
Côte d'Ivoire,2008,630188.0,2802.9,78734.0,156000.0,Western Africa,West Africa,0.0,493686.4133333333,27.64945175319255,8.004013513856783
Côte d'Ivoire,2008,630188.0,2802.9,78734.0,156000.0,Western Africa,West Africa,0.0,630188.0,0.0,8.004013513856783
Côte d'Ivoire,2008,630188.0,2802.9,78734.0,348.4,Western Africa,West Africa,0.0,630188.0,0.0,8.004013513856783
Côte d'Ivoire,2008,630188.0,2802.9,78734.0,71.03,Western Africa,West Africa,0.0,630188.0,0.0,8.004013513856783
Côte d'Ivoire,2008,630188.0,2802.9,310237.0,103.19,Western Africa,West Africa,0.0,630188.0,0.0,2.031311545689263
Côte d'Ivoire,2008,630188.0,2802.9,310237.0,156000.0,Western Africa,West Africa,0.0,630188.0,0.0,2.031311545689263
Côte d'Ivoire,2008,630188.0,2802.9,310237.0,156000.0,Western Africa,West Africa,0.0,630188.0,0.0,2.031311545689263
Côte d'Ivoire,2008,630188.0,2802.9,310237.0,348.4,Western Africa,West Africa,0.0,630188.0,0.0,2.031311545689263
Côte d'Ivoire,2008,630188.0,2802.9,310237.0,71.03,Western Africa,West Africa,0.0,630188.0,0.0,2.031311545689263
Côte d'Ivoire,2008,630188.0,2031.3,78734.0,103.19,Western Africa,West Africa,0.0,630188.0,0.0,8.004013513856783
Côte d'Ivoire,2008,630188.0,2031.3,78734.0,156000.0,Western Africa,West Africa,0.0,630188.0,0.0,8.004013513856783
Côte d'Ivoire,2008,630188.0,2031.3,78734.0,156000.0,Western Africa,West Africa,0.0,630188.0,0.0,8.004013513856783
Côte d'Ivoire,2008,630188.0,2031.3,78734.0,348.4,Western Africa,West Africa,0.0,630188.0,0.0,8.004013513856783
Côte d'Ivoire,2008,630188.0,2031.3,78734.0,71.03,Western Africa,West Africa,0.0,630188.0,0.0,8.004013513856783
Côte d'Ivoire,2008,630188.0,2031.3,310237.0,103.19,Western Africa,West Africa,0.0,630188.0,0.0,2.031311545689263
Côte d'Ivoire,2008,630188.0,2031.3,310237.0,156000.0,Western Africa,West Africa,0.0,630188.0,0.0,2.031311545689263
Côte d'Ivoire,2008,630188.0,2031.3,310237.0,156000.0,Western Africa,West Africa,0.0,630188.0,0.0,2.031311545689263
Côte d'Ivoire,2008,630188.0,2031.3,310237.0,348.4,Western Africa,West Africa,0.0,630188.0,0.0,2.031311545689263
Côte d'Ivoire,2008,630188.0,2031.3,310237.0,71.03,Western Africa,West Africa,0.0,630188.0,0.0,2.031311545689263
Côte d'Ivoire,2009,213096.94,2768.2,76980.0,99.61,Western Africa,West Africa,-66.18517966067269,491157.64666666667,-56.61333149423158,2.7682117433099505
Côte d'Ivoire,2009,213096.94,2768.2,76980.0,151200.0,Western Africa,West Africa,0.0,352127.2933333333,-39.48298128703229,2.7682117433099505
Côte d'Ivoire,2009,213096.94,2768.2,76980.0,151200.0,Western Africa,West Africa,0.0,213096.94,0.0,2.7682117433099505
Côte d'Ivoire,2009,213096.94,2768.2,76980.0,320.2,Western Africa,West Africa,0.0,213096.94,0.0,2.7682117433099505
Côte d'Ivoire,2009,213096.94,2768.2,76980.0,68.84,Western Africa,West Africa,0.0,213096.94,0.0,2.7682117433099505
Côte d'Ivoire,2009,213096.94,2768.2,319232.0,99.61,Western Africa,West Africa,0.0,213096.94,0.0,0.6675300095228549
Côte d'Ivoire,2009,213096.94,2768.2,319232.0,151200.0,Western Africa,West Africa,0.0,213096.94,0.0,0.6675300095228549
Côte d'Ivoire,2009,213096.94,2768.2,319232.0,151200.0,Western Africa,West Africa,0.0,213096.94,0.0,0.6675300095228549
Côte d'Ivoire,2009,213096.94,2768.2,319232.0,320.2,Western Africa,West Africa,0.0,213096.94,0.0,0.6675300095228549
Côte d'Ivoire,2009,213096.94,2768.2,319232.0,68.84,Western Africa,West Africa,0.0,213096.94,0.0,0.6675300095228549
Côte d'Ivoire,2009,213096.94,1996.6,76980.0,99.61,Western Africa,West Africa,0.0,213096.94,0.0,2.7682117433099505
Côte d'Ivoire,2009,213096.94,1996.6,76980.0,151200.0,Western Africa,West Africa,0.0,213096.94,0.0,2.7682117433099505
Côte d'Ivoire,2009,213096.94,1996.6,76980.0,151200.0,Western Africa,West Africa,0.0,213096.94,0.0,2.7682117433099505
Côte d'Ivoire,2009,213096.94,1996.6,76980.0,320.2,Western Africa,West Africa,0.0,213096.94,0.0,2.7682117433099505
Côte d'Ivoire,2009,213096.94,1996.6,76980.0,68.84,Western Africa,West Africa,0.0,213096.94,0.0,2.7682117433099505
Côte d'Ivoire,2009,213096.94,1996.6,319232.0,99.61,Western Africa,West Africa,0.0,213096.94,0.0,0.6675300095228549
Côte d'Ivoire,2009,213096.94,1996.6,319232.0,151200.0,Western Africa,West Africa,0.0,213096.94,0.0,0.6675300095228549
Côte d'Ivoire,2009,213096.94,1996.6,319232.0,151200.0,Western Africa,West Africa,0.0,213096.94,0.0,0.6675300095228549
Côte d'Ivoire,2009,213096.94,1996.6,319232.0,320.2,Western Africa,West Africa,0.0,213096.94,0.0,0.6675300095228549
Côte d'Ivoire,2009,213096.94,1996.6,319232.0,68.84,Western Africa,West Africa,0.0,213096.94,0.0,0.6675300095228549
Côte d'Ivoire,2009,637372.0,2768.2,76980.0,99.61,Western Africa,West Africa,199.09955534790876,354521.95999999996,79.78350339708155,8.279709015328656
Côte d'Ivoire,2009,637372.0,2768.2,76980.0,151200.0,Western Africa,West Africa,0.0,495946.98,28.516157110181418,8.279709015328656
Côte d'Ivoire,2009,637372.0,2768.2,76980.0,151200.0,Western Africa,West Africa,0.0,637372.0,0.0,8.279709015328656
Côte d'Ivoire,2009,637372.0,2768.2,76980.0,320.2,Western Africa,West Africa,0.0,637372.0,0.0,8.279709015328656
Côte d'Ivoire,2009,637372.0,2768.2,76980.0,68.84,Western Africa,West Africa,0.0,637372.0,0.0,8.279709015328656
Côte d'Ivoire,2009,637372.0,2768.2,319232.0,99.61,Western Africa,West Africa,0.0,637372.0,0.0,1.996579290296712
Côte d'Ivoire,2009,637372.0,2768.2,319232.0,151200.0,Western Africa,West Africa,0.0,637372.0,0.0,1.996579290296712
Côte d'Ivoire,2009,637372.0,2768.2,319232.0,151200.0,Western Africa,West Africa,0.0,637372.0,0.0,1.996579290296712
Côte d'Ivoire,2009,637372.0,2768.2,319232.0,320.2,Western Africa,West Africa,0.0,637372.0,0.0,1.996579290296712
Côte d'Ivoire,2009,637372.0,2768.2,319232.0,68.84,Western Africa,West Africa,0.0,637372.0,0.0,1.996579290296712
Côte d'Ivoire,2009,637372.0,1996.6,76980.0,99.61,Western Africa,West Africa,0.0,637372.0,0.0,8.279709015328656
Côte d'Ivoire,2009,637372.0,1996.6,76980.0,151200.0,Western Africa,West Africa,0.0,637372.0,0.0,8.279709015328656
Côte d'Ivoire,2009,637372.0,1996.6,76980.0,151200.0,Western Africa,West Africa,0.0,637372.0,0.0,8.279709015328656
Côte d'Ivoire,2009,637372.0,1996.6,76980.0,320.2,Western Africa,West Africa,0.0,637372.0,0.0,8.279709015328656
Côte d'Ivoire,2009,637372.0,1996.6,76980.0,68.84,Western Africa,West Africa,0.0,637372.0,0.0,8.279709015328656
Côte d'Ivoire,2009,637372.0,1996.6,319232.0,99.61,Western Africa,West Africa,0.0,637372.0,0.0,1.996579290296712
Côte d'Ivoire,2009,637372.0,1996.6,319232.0,151200.0,Western Africa,West Africa,0.0,637372.0,0.0,1.996579290296712
Côte d'Ivoire,2009,637372.0,1996.6,319232.0,151200.0,Western Africa,West Africa,0.0,637372.0,0.0,1.996579290296712
Côte d'Ivoire,2009,637372.0,1996.6,319232.0,320.2,Western Africa,West Africa,0.0,637372.0,0.0,1.996579290296712
Côte d'Ivoire,2009,637372.0,1996.6,319232.0,68.84,Western Africa,West Africa,0.0,637372.0,0.0,1.996579290296712
Côte d'Ivoire,2010,185000.0,2466.7,75000.0,123.12,Western Africa,West Africa,-70.97456430467608,486581.3333333333,-61.97963478527741,2.466666666666667
Côte d'Ivoire,2010,185000.0,2466.7,75000.0,156000.0,Western Africa,West Africa,0.0,335790.6666666666,-44.90615184857232,2.466666666666667
Côte d'Ivoire,2010,185000.0,2466.7,75000.0,156000.0,Western Africa,West Africa,0.0,185000.0,0.0,2.466666666666667
Côte d'Ivoire,2010,185000.0,2466.7,75000.0,315.0,Western Africa,West Africa,0.0,185000.0,0.0,2.466666666666667
Côte d'Ivoire,2010,185000.0,2466.7,75000.0,71.03,Western Africa,West Africa,0.0,185000.0,0.0,2.466666666666667
Côte d'Ivoire,2010,185000.0,2466.7,324045.0,123.12,Western Africa,West Africa,0.0,185000.0,0.0,0.5709083614930025
Côte d'Ivoire,2010,185000.0,2466.7,324045.0,156000.0,Western Africa,West Africa,0.0,185000.0,0.0,0.5709083614930025
Côte d'Ivoire,2010,185000.0,2466.7,324045.0,156000.0,Western Africa,West Africa,0.0,185000.0,0.0,0.5709083614930025
Côte d'Ivoire,2010,185000.0,2466.7,324045.0,315.0,Western Africa,West Africa,0.0,185000.0,0.0,0.5709083614930025
Côte d'Ivoire,2010,185000.0,2466.7,324045.0,71.03,Western Africa,West Africa,0.0,185000.0,0.0,0.5709083614930025
Côte d'Ivoire,2010,185000.0,1980.0,75000.0,123.12,Western Africa,West Africa,0.0,185000.0,0.0,2.466666666666667
Côte d'Ivoire,2010,185000.0,1980.0,75000.0,156000.0,Western Africa,West Africa,0.0,185000.0,0.0,2.466666666666667
Côte d'Ivoire,2010,185000.0,1980.0,75000.0,156000.0,Western Africa,West Africa,0.0,185000.0,0.0,2.466666666666667
Côte d'Ivoire,2010,185000.0,1980.0,75000.0,315.0,Western Africa,West Africa,0.0,185000.0,0.0,2.466666666666667
Côte d'Ivoire,2010,185000.0,1980.0,75000.0,71.03,Western Africa,West Africa,0.0,185000.0,0.0,2.466666666666667
Côte d'Ivoire,2010,185000.0,1980.0,324045.0,123.12,Western Africa,West Africa,0.0,185000.0,0.0,0.5709083614930025
Côte d'Ivoire,2010,185000.0,1980.0,324045.0,156000.0,Western Africa,West Africa,0.0,185000.0,0.0,0.5709083614930025
Côte d'Ivoire,2010,185000.0,1980.0,324045.0,156000.0,Western Africa,West Africa,0.0,185000.0,0.0,0.5709083614930025
Côte d'Ivoire,2010,185000.0,1980.0,324045.0,315.0,Western Africa,West Africa,0.0,185000.0,0.0,0.5709083614930025
Côte d'Ivoire,2010,185000.0,1980.0,324045.0,71.03,Western Africa,West Africa,0.0,185000.0,0.0,0.5709083614930025
Côte d'Ivoire,2010,641610.0,2466.7,75000.0,123.12,Western Africa,West Africa,246.81621621621622,337203.3333333333,90.2739197912239,8.5548
Côte d'Ivoire,2010,641610.0,2466.7,75000.0,156000.0,Western Africa,West Africa,0.0,489406.6666666667,31.099562735829778,8.5548
Côte d'Ivoire,2010,641610.0,2466.7,75000.0,156000.0,Western Africa,West Africa,0.0,641610.0,0.0,8.5548
Côte d'Ivoire,2010,641610.0,2466.7,75000.0,315.0,Western Africa,West Africa,0.0,641610.0,0.0,8.5548
Côte d'Ivoire,2010,641610.0,2466.7,75000.0,71.03,Western Africa,West Africa,0.0,641610.0,0.0,8.5548
Côte d'Ivoire,2010,641610.0,2466.7,324045.0,123.12,Western Africa,West Africa,0.0,641610.0,0.0,1.9800027773920288
Côte d'Ivoire,2010,641610.0,2466.7,324045.0,156000.0,Western Africa,West Africa,0.0,641610.0,0.0,1.9800027773920288
Côte d'Ivoire,2010,641610.0,2466.7,324045.0,156000.0,Western Africa,West Africa,0.0,641610.0,0.0,1.9800027773920288
Côte d'Ivoire,2010,641610.0,2466.7,324045.0,315.0,Western Africa,West Africa,0.0,641610.0,0.0,1.9800027773920288
Côte d'Ivoire,2010,641610.0,2466.7,324045.0,71.03,Western Africa,West Africa,0.0,641610.0,0.0,1.9800027773920288
Côte d'Ivoire,2010,641610.0,1980.0,75000.0,123.12,Western Africa,West Africa,0.0,641610.0,0.0,8.5548
Côte d'Ivoire,2010,641610.0,1980.0,75000.0,156000.0,Western Africa,West Africa,0.0,641610.0,0.0,8.5548
Côte d'Ivoire,2010,641610.0,1980.0,75000.0,156000.0,Western Africa,West Africa,0.0,641610.0,0.0,8.5548
Côte d'Ivoire,2010,641610.0,1980.0,75000.0,315.0,Western Africa,West Africa,0.0,641610.0,0.0,8.5548
Côte d'Ivoire,2010,641610.0,1980.0,75000.0,71.03,Western Africa,West Africa,0.0,641610.0,0.0,8.5548
Côte d'Ivoire,2010,641610.0,1980.0,324045.0,123.12,Western Africa,West Africa,0.0,641610.0,0.0,1.9800027773920288
Côte d'Ivoire,2010,641610.0,1980.0,324045.0,156000.0,Western Africa,West Africa,0.0,641610.0,0.0,1.9800027773920288
Côte d'Ivoire,2010,641610.0,1980.0,324045.0,156000.0,Western Africa,West Africa,0.0,641610.0,0.0,1.9800027773920288
Côte d'Ivoire,2010,641610.0,1980.0,324045.0,315.0,Western Africa,West Africa,0.0,641610.0,0.0,1.9800027773920288
Côte d'Ivoire,2010,641610.0,1980.0,324045.0,71.03,Western Africa,West Africa,0.0,641610.0,0.0,1.9800027773920288
Côte d'Ivoire,2011,205424.77,2751.0,74673.0,127.52,Western Africa,West Africa,-67.98292264771435,496214.9233333333,-58.6016541743535,2.7509912552060314
Côte d'Ivoire,2011,205424.77,2751.0,74673.0,179256.1,Western Africa,West Africa,0.0,350819.8466666666,-41.44437039356401,2.7509912552060314
Côte d'Ivoire,2011,205424.77,2751.0,74673.0,179256.1,Western Africa,West Africa,0.0,205424.77,0.0,2.7509912552060314
Côte d'Ivoire,2011,205424.77,2751.0,74673.0,379.9,Western Africa,West Africa,0.0,205424.77,0.0,2.7509912552060314
Côte d'Ivoire,2011,205424.77,2751.0,74673.0,81.61,Western Africa,West Africa,0.0,205424.77,0.0,2.7509912552060314
Côte d'Ivoire,2011,205424.77,2751.0,327800.0,127.52,Western Africa,West Africa,0.0,205424.77,0.0,0.6266771507016473
Côte d'Ivoire,2011,205424.77,2751.0,327800.0,179256.1,Western Africa,West Africa,0.0,205424.77,0.0,0.6266771507016473
Côte d'Ivoire,2011,205424.77,2751.0,327800.0,179256.1,Western Africa,West Africa,0.0,205424.77,0.0,0.6266771507016473
Côte d'Ivoire,2011,205424.77,2751.0,327800.0,379.9,Western Africa,West Africa,0.0,205424.77,0.0,0.6266771507016473
Côte d'Ivoire,2011,205424.77,2751.0,327800.0,81.61,Western Africa,West Africa,0.0,205424.77,0.0,0.6266771507016473
Côte d'Ivoire,2011,205424.77,1896.9,74673.0,127.52,Western Africa,West Africa,0.0,205424.77,0.0,2.7509912552060314
Côte d'Ivoire,2011,205424.77,1896.9,74673.0,179256.1,Western Africa,West Africa,0.0,205424.77,0.0,2.7509912552060314
Côte d'Ivoire,2011,205424.77,1896.9,74673.0,179256.1,Western Africa,West Africa,0.0,205424.77,0.0,2.7509912552060314
Côte d'Ivoire,2011,205424.77,1896.9,74673.0,379.9,Western Africa,West Africa,0.0,205424.77,0.0,2.7509912552060314
Côte d'Ivoire,2011,205424.77,1896.9,74673.0,81.61,Western Africa,West Africa,0.0,205424.77,0.0,2.7509912552060314
Côte d'Ivoire,2011,205424.77,1896.9,327800.0,127.52,Western Africa,West Africa,0.0,205424.77,0.0,0.6266771507016473
Côte d'Ivoire,2011,205424.77,1896.9,327800.0,179256.1,Western Africa,West Africa,0.0,205424.77,0.0,0.6266771507016473
Côte d'Ivoire,2011,205424.77,1896.9,327800.0,179256.1,Western Africa,West Africa,0.0,205424.77,0.0,0.6266771507016473
Côte d'Ivoire,2011,205424.77,1896.9,327800.0,379.9,Western Africa,West Africa,0.0,205424.77,0.0,0.6266771507016473
Côte d'Ivoire,2011,205424.77,1896.9,327800.0,81.61,Western Africa,West Africa,0.0,205424.77,0.0,0.6266771507016473
Côte d'Ivoire,2011,621790.0,2751.0,74673.0,127.52,Western Africa,West Africa,202.68501700160115,344213.17999999993,80.64096209215467,8.326838348532936
Côte d'Ivoire,2011,621790.0,2751.0,74673.0,179256.1,Western Africa,West Africa,0.0,483001.5899999999,28.73456586343745,8.326838348532936
Côte d'Ivoire,2011,621790.0,2751.0,74673.0,179256.1,Western Africa,West Africa,0.0,621790.0,0.0,8.326838348532936
Côte d'Ivoire,2011,621790.0,2751.0,74673.0,379.9,Western Africa,West Africa,0.0,621790.0,0.0,8.326838348532936
Côte d'Ivoire,2011,621790.0,2751.0,74673.0,81.61,Western Africa,West Africa,0.0,621790.0,0.0,8.326838348532936
Côte d'Ivoire,2011,621790.0,2751.0,327800.0,127.52,Western Africa,West Africa,0.0,621790.0,0.0,1.8968578401464307
Côte d'Ivoire,2011,621790.0,2751.0,327800.0,179256.1,Western Africa,West Africa,0.0,621790.0,0.0,1.8968578401464307
Côte d'Ivoire,2011,621790.0,2751.0,327800.0,179256.1,Western Africa,West Africa,0.0,621790.0,0.0,1.8968578401464307
Côte d'Ivoire,2011,621790.0,2751.0,327800.0,379.9,Western Africa,West Africa,0.0,621790.0,0.0,1.8968578401464307
Côte d'Ivoire,2011,621790.0,2751.0,327800.0,81.61,Western Africa,West Africa,0.0,621790.0,0.0,1.8968578401464307
Côte d'Ivoire,2011,621790.0,1896.9,74673.0,127.52,Western Africa,West Africa,0.0,621790.0,0.0,8.326838348532936
Côte d'Ivoire,2011,621790.0,1896.9,74673.0,179256.1,Western Africa,West Africa,0.0,621790.0,0.0,8.326838348532936
Côte d'Ivoire,2011,621790.0,1896.9,74673.0,179256.1,Western Africa,West Africa,0.0,621790.0,0.0,8.326838348532936
Côte d'Ivoire,2011,621790.0,1896.9,74673.0,379.9,Western Africa,West Africa,0.0,621790.0,0.0,8.326838348532936
Côte d'Ivoire,2011,621790.0,1896.9,74673.0,81.61,Western Africa,West Africa,0.0,621790.0,0.0,8.326838348532936
Côte d'Ivoire,2011,621790.0,1896.9,327800.0,127.52,Western Africa,West Africa,0.0,621790.0,0.0,1.8968578401464307
Côte d'Ivoire,2011,621790.0,1896.9,327800.0,179256.1,Western Africa,West Africa,0.0,621790.0,0.0,1.8968578401464307
Côte d'Ivoire,2011,621790.0,1896.9,327800.0,179256.1,Western Africa,West Africa,0.0,621790.0,0.0,1.8968578401464307
Côte d'Ivoire,2011,621790.0,1896.9,327800.0,379.9,Western Africa,West Africa,0.0,621790.0,0.0,1.8968578401464307
Côte d'Ivoire,2011,621790.0,1896.9,327800.0,81.61,Western Africa,West Africa,0.0,621790.0,0.0,1.8968578401464307
Côte d'Ivoire,2012,200000.0,2777.8,72000.0,121.14,Western Africa,West Africa,-67.83479953038807,481193.33333333326,-58.43666440377394,2.7777777777777777
Côte d'Ivoire,2012,200000.0,2777.8,72000.0,84.86,Western Africa,West Africa,0.0,340596.66666666657,-41.27951927499778,2.7777777777777777
Côte d'Ivoire,2012,200000.0,2777.8,308839.0,121.14,Western Africa,West Africa,0.0,200000.0,0.0,0.647586606613802
Côte d'Ivoire,2012,200000.0,2777.8,308839.0,84.86,Western Africa,West Africa,0.0,200000.0,0.0,0.647586606613802
Côte d'Ivoire,2012,200000.0,2120.0,72000.0,121.14,Western Africa,West Africa,0.0,200000.0,0.0,2.7777777777777777
Côte d'Ivoire,2012,200000.0,2120.0,72000.0,84.86,Western Africa,West Africa,0.0,200000.0,0.0,2.7777777777777777
Côte d'Ivoire,2012,200000.0,2120.0,308839.0,121.14,Western Africa,West Africa,0.0,200000.0,0.0,0.647586606613802
Côte d'Ivoire,2012,200000.0,2120.0,308839.0,84.86,Western Africa,West Africa,0.0,200000.0,0.0,0.647586606613802
Côte d'Ivoire,2012,654738.0,2777.8,72000.0,121.14,Western Africa,West Africa,227.36900000000003,351579.33333333326,86.22766980994336,9.093583333333333
Côte d'Ivoire,2012,654738.0,2777.8,72000.0,84.86,Western Africa,West Africa,0.0,503158.66666666657,30.125553503334956,9.093583333333333
Côte d'Ivoire,2012,654738.0,2777.8,308839.0,121.14,Western Africa,West Africa,0.0,654738.0,0.0,2.1199977982055374
Côte d'Ivoire,2012,654738.0,2777.8,308839.0,84.86,Western Africa,West Africa,0.0,654738.0,0.0,2.1199977982055374
Côte d'Ivoire,2012,654738.0,2120.0,72000.0,121.14,Western Africa,West Africa,0.0,654738.0,0.0,9.093583333333333
Côte d'Ivoire,2012,654738.0,2120.0,72000.0,84.86,Western Africa,West Africa,0.0,654738.0,0.0,9.093583333333333
Côte d'Ivoire,2012,654738.0,2120.0,308839.0,121.14,Western Africa,West Africa,0.0,654738.0,0.0,2.1199977982055374
Côte d'Ivoire,2012,654738.0,2120.0,308839.0,84.86,Western Africa,West Africa,0.0,654738.0,0.0,2.1199977982055374
Côte d'Ivoire,2013,205000.0,2835.4,72300.0,100.93,Western Africa,West Africa,-68.68976598272897,504825.33333333326,-59.391895282592785,2.835408022130014
Côte d'Ivoire,2013,205000.0,2835.4,72300.0,89.88,Western Africa,West Africa,0.0,354912.66666666657,-42.239311455024605,2.835408022130014
Côte d'Ivoire,2013,205000.0,2835.4,307869.0,100.93,Western Africa,West Africa,0.0,205000.0,0.0,0.6658676255160474
Côte d'Ivoire,2013,205000.0,2835.4,307869.0,89.88,Western Africa,West Africa,0.0,205000.0,0.0,0.6658676255160474
Côte d'Ivoire,2013,205000.0,2147.9,72300.0,100.93,Western Africa,West Africa,0.0,205000.0,0.0,2.835408022130014
Côte d'Ivoire,2013,205000.0,2147.9,72300.0,89.88,Western Africa,West Africa,0.0,205000.0,0.0,2.835408022130014
Côte d'Ivoire,2013,205000.0,2147.9,307869.0,100.93,Western Africa,West Africa,0.0,205000.0,0.0,0.6658676255160474
Côte d'Ivoire,2013,205000.0,2147.9,307869.0,89.88,Western Africa,West Africa,0.0,205000.0,0.0,0.6658676255160474
Côte d'Ivoire,2013,661285.0,2835.4,72300.0,100.93,Western Africa,West Africa,222.57804878048782,357094.99999999994,85.18461473837498,9.14640387275242
Côte d'Ivoire,2013,661285.0,2835.4,72300.0,89.88,Western Africa,West Africa,0.0,509189.99999999994,29.869989591311707,9.14640387275242
Côte d'Ivoire,2013,661285.0,2835.4,307869.0,100.93,Western Africa,West Africa,0.0,661285.0,0.0,2.1479427938506315
Côte d'Ivoire,2013,661285.0,2835.4,307869.0,89.88,Western Africa,West Africa,0.0,661285.0,0.0,2.1479427938506315
Côte d'Ivoire,2013,661285.0,2147.9,72300.0,100.93,Western Africa,West Africa,0.0,661285.0,0.0,9.14640387275242
Côte d'Ivoire,2013,661285.0,2147.9,72300.0,89.88,Western Africa,West Africa,0.0,661285.0,0.0,9.14640387275242
Côte d'Ivoire,2013,661285.0,2147.9,307869.0,100.93,Western Africa,West Africa,0.0,661285.0,0.0,2.1479427938506315
Côte d'Ivoire,2013,661285.0,2147.9,307869.0,89.88,Western Africa,West Africa,0.0,661285.0,0.0,2.1479427938506315
Côte d'Ivoire,2014,200669.35,2774.2,72334.0,99.79,Western Africa,West Africa,-69.65463453730237,507746.44999999995,-60.478433674917866,2.7742050764509085
Côte d'Ivoire,2014,200669.35,2774.2,72334.0,95.16,Western Africa,West Africa,0.0,354207.8999999999,-43.34701456404556,2.7742050764509085
Côte d'Ivoire,2014,200669.35,2774.2,316407.0,99.79,Western Africa,West Africa,0.0,200669.35,0.0,0.6342127386562244
Côte d'Ivoire,2014,200669.35,2774.2,316407.0,95.16,Western Africa,West Africa,0.0,200669.35,0.0,0.6342127386562244
Côte d'Ivoire,2014,200669.35,2149.1,72334.0,99.79,Western Africa,West Africa,0.0,200669.35,0.0,2.7742050764509085
Côte d'Ivoire,2014,200669.35,2149.1,72334.0,95.16,Western Africa,West Africa,0.0,200669.35,0.0,2.7742050764509085
Côte d'Ivoire,2014,200669.35,2149.1,316407.0,99.79,Western Africa,West Africa,0.0,200669.35,0.0,0.6342127386562244
Côte d'Ivoire,2014,200669.35,2149.1,316407.0,95.16,Western Africa,West Africa,0.0,200669.35,0.0,0.6342127386562244
Côte d'Ivoire,2014,680000.0,2774.2,72334.0,99.79,Western Africa,West Africa,238.86590054734316,360446.2333333332,88.65504397465851,9.40083501534548
Côte d'Ivoire,2014,680000.0,2774.2,72334.0,95.16,Western Africa,West Africa,0.0,520223.1166666665,30.713145612810333,9.40083501534548
Côte d'Ivoire,2014,680000.0,2774.2,316407.0,99.79,Western Africa,West Africa,0.0,680000.0,0.0,2.149130708233383
Côte d'Ivoire,2014,680000.0,2774.2,316407.0,95.16,Western Africa,West Africa,0.0,680000.0,0.0,2.149130708233383
Côte d'Ivoire,2014,680000.0,2149.1,72334.0,99.79,Western Africa,West Africa,0.0,680000.0,0.0,9.40083501534548
Côte d'Ivoire,2014,680000.0,2149.1,72334.0,95.16,Western Africa,West Africa,0.0,680000.0,0.0,9.40083501534548
Côte d'Ivoire,2014,680000.0,2149.1,316407.0,99.79,Western Africa,West Africa,0.0,680000.0,0.0,2.149130708233383
Côte d'Ivoire,2014,680000.0,2149.1,316407.0,95.16,Western Africa,West Africa,0.0,680000.0,0.0,2.149130708233383
Côte d'Ivoire,2015,196575.68,2638.8,74493.0,100.0,Western Africa,West Africa,-71.09181176470588,518858.5599999999,-62.11382153934204,2.638847676962936
Côte d'Ivoire,2015,196575.68,2638.8,74493.0,101.35,Western Africa,West Africa,0.0,357717.1199999999,-45.04717023328376,2.638847676962936
Côte d'Ivoire,2015,196575.68,2638.8,497864.0,100.0,Western Africa,West Africa,0.0,196575.68,0.0,0.39483810839908084
Côte d'Ivoire,2015,196575.68,2638.8,497864.0,101.35,Western Africa,West Africa,0.0,196575.68,0.0,0.39483810839908084
Côte d'Ivoire,2015,196575.68,2060.8,74493.0,100.0,Western Africa,West Africa,0.0,196575.68,0.0,2.638847676962936
Côte d'Ivoire,2015,196575.68,2060.8,74493.0,101.35,Western Africa,West Africa,0.0,196575.68,0.0,2.638847676962936
Côte d'Ivoire,2015,196575.68,2060.8,497864.0,100.0,Western Africa,West Africa,0.0,196575.68,0.0,0.39483810839908084
Côte d'Ivoire,2015,196575.68,2060.8,497864.0,101.35,Western Africa,West Africa,0.0,196575.68,0.0,0.39483810839908084
Côte d'Ivoire,2015,1026000.0,2638.8,74493.0,100.0,Western Africa,West Africa,421.93638602699986,473050.4533333332,116.89018428591021,13.77310619789779
Côte d'Ivoire,2015,1026000.0,2638.8,74493.0,101.35,Western Africa,West Africa,0.0,749525.2266666666,36.886653510367964,13.77310619789779
Côte d'Ivoire,2015,1026000.0,2638.8,497864.0,100.0,Western Africa,West Africa,0.0,1026000.0,0.0,2.060803753635531
Côte d'Ivoire,2015,1026000.0,2638.8,497864.0,101.35,Western Africa,West Africa,0.0,1026000.0,0.0,2.060803753635531
Côte d'Ivoire,2015,1026000.0,2060.8,74493.0,100.0,Western Africa,West Africa,0.0,1026000.0,0.0,13.77310619789779
Côte d'Ivoire,2015,1026000.0,2060.8,74493.0,101.35,Western Africa,West Africa,0.0,1026000.0,0.0,13.77310619789779
Côte d'Ivoire,2015,1026000.0,2060.8,497864.0,100.0,Western Africa,West Africa,0.0,1026000.0,0.0,2.060803753635531
Côte d'Ivoire,2015,1026000.0,2060.8,497864.0,101.35,Western Africa,West Africa,0.0,1026000.0,0.0,2.060803753635531
Côte d'Ivoire,2016,192961.79,2576.4,74896.0,100.21,Western Africa,West Africa,-81.19280799220273,748320.5966666666,-74.21402125512346,2.5763964697714163
Côte d'Ivoire,2016,192961.79,2576.4,74896.0,103.49,Western Africa,West Africa,0.0,470641.1933333332,-59.0002335678819,2.5763964697714163
Côte d'Ivoire,2016,192961.79,2576.4,472032.0,100.21,Western Africa,West Africa,0.0,192961.79,0.0,0.40878963714324457
Côte d'Ivoire,2016,192961.79,2576.4,472032.0,103.49,Western Africa,West Africa,0.0,192961.79,0.0,0.40878963714324457
Côte d'Ivoire,2016,192961.79,2048.6,74896.0,100.21,Western Africa,West Africa,0.0,192961.79,0.0,2.5763964697714163
Côte d'Ivoire,2016,192961.79,2048.6,74896.0,103.49,Western Africa,West Africa,0.0,192961.79,0.0,2.5763964697714163
Côte d'Ivoire,2016,192961.79,2048.6,472032.0,100.21,Western Africa,West Africa,0.0,192961.79,0.0,0.40878963714324457
Côte d'Ivoire,2016,192961.79,2048.6,472032.0,103.49,Western Africa,West Africa,0.0,192961.79,0.0,0.40878963714324457
Côte d'Ivoire,2016,967000.0,2576.4,74896.0,100.21,Western Africa,West Africa,401.1354838696303,450974.52666666656,114.42452795449103,12.911236915189063
Côte d'Ivoire,2016,967000.0,2576.4,74896.0,103.49,Western Africa,West Africa,0.0,708987.2633333332,36.3917308547419,12.911236915189063
Côte d'Ivoire,2016,967000.0,2576.4,472032.0,100.21,Western Africa,West Africa,0.0,967000.0,0.0,2.0485899261067044
Côte d'Ivoire,2016,967000.0,2576.4,472032.0,103.49,Western Africa,West Africa,0.0,967000.0,0.0,2.0485899261067044
Côte d'Ivoire,2016,967000.0,2048.6,74896.0,100.21,Western Africa,West Africa,0.0,967000.0,0.0,12.911236915189063
Côte d'Ivoire,2016,967000.0,2048.6,74896.0,103.49,Western Africa,West Africa,0.0,967000.0,0.0,12.911236915189063
Côte d'Ivoire,2016,967000.0,2048.6,472032.0,100.21,Western Africa,West Africa,0.0,967000.0,0.0,2.0485899261067044
Côte d'Ivoire,2016,967000.0,2048.6,472032.0,103.49,Western Africa,West Africa,0.0,967000.0,0.0,2.0485899261067044
Côte d'Ivoire,2017,190656.32,2551.7,74717.0,100.42,Western Africa,West Africa,-80.28373112719751,708218.7733333331,-73.07945974057583,2.5517127293654727
Côte d'Ivoire,2017,190656.32,2551.7,74717.0,117.06,Western Africa,West Africa,0.0,449437.5466666666,-57.57890692176555,2.5517127293654727
Côte d'Ivoire,2017,190656.32,2551.7,493661.0,100.42,Western Africa,West Africa,0.0,190656.32,0.0,0.38620899767249184
Côte d'Ivoire,2017,190656.32,2551.7,493661.0,117.06,Western Africa,West Africa,0.0,190656.32,0.0,0.38620899767249184
Côte d'Ivoire,2017,190656.32,2076.3,74717.0,100.42,Western Africa,West Africa,0.0,190656.32,0.0,2.5517127293654727
Côte d'Ivoire,2017,190656.32,2076.3,74717.0,117.06,Western Africa,West Africa,0.0,190656.32,0.0,2.5517127293654727
Côte d'Ivoire,2017,190656.32,2076.3,493661.0,100.42,Western Africa,West Africa,0.0,190656.32,0.0,0.38620899767249184
Côte d'Ivoire,2017,190656.32,2076.3,493661.0,117.06,Western Africa,West Africa,0.0,190656.32,0.0,0.38620899767249184
Côte d'Ivoire,2017,1025000.0,2551.7,74717.0,100.42,Western Africa,West Africa,437.6165867462458,468770.87999999983,118.6569268125188,13.71843087918412
Côte d'Ivoire,2017,1025000.0,2551.7,74717.0,117.06,Western Africa,West Africa,0.0,746885.4399999998,37.236575397694224,13.71843087918412
Côte d'Ivoire,2017,1025000.0,2551.7,493661.0,100.42,Western Africa,West Africa,0.0,1025000.0,0.0,2.0763236309937385
Côte d'Ivoire,2017,1025000.0,2551.7,493661.0,117.06,Western Africa,West Africa,0.0,1025000.0,0.0,2.0763236309937385
Côte d'Ivoire,2017,1025000.0,2076.3,74717.0,100.42,Western Africa,West Africa,0.0,1025000.0,0.0,13.71843087918412
Côte d'Ivoire,2017,1025000.0,2076.3,74717.0,117.06,Western Africa,West Africa,0.0,1025000.0,0.0,13.71843087918412
Côte d'Ivoire,2017,1025000.0,2076.3,493661.0,100.42,Western Africa,West Africa,0.0,1025000.0,0.0,2.0763236309937385
Côte d'Ivoire,2017,1025000.0,2076.3,493661.0,117.06,Western Africa,West Africa,0.0,1025000.0,0.0,2.0763236309937385
Côte d'Ivoire,2018,190431.72,2540.7,74951.0,100.63,Western Africa,West Africa,-81.4212956097561,746810.5733333332,-74.50066632693452,2.540749556376833
Côte d'Ivoire,2018,190431.72,2540.7,74951.0,114.29,Western Africa,West Africa,0.0,468621.1466666665,-59.363395921299436,2.540749556376833
Côte d'Ivoire,2018,190431.72,2540.7,503630.0,100.63,Western Africa,West Africa,0.0,190431.72,0.0,0.3781183011337688
Côte d'Ivoire,2018,190431.72,2540.7,503630.0,114.29,Western Africa,West Africa,0.0,190431.72,0.0,0.3781183011337688
Côte d'Ivoire,2018,190431.72,2094.7,74951.0,100.63,Western Africa,West Africa,0.0,190431.72,0.0,2.540749556376833
Côte d'Ivoire,2018,190431.72,2094.7,74951.0,114.29,Western Africa,West Africa,0.0,190431.72,0.0,2.540749556376833
Côte d'Ivoire,2018,190431.72,2094.7,503630.0,100.63,Western Africa,West Africa,0.0,190431.72,0.0,0.3781183011337688
Côte d'Ivoire,2018,190431.72,2094.7,503630.0,114.29,Western Africa,West Africa,0.0,190431.72,0.0,0.3781183011337688
Côte d'Ivoire,2018,1054960.0,2540.7,74951.0,100.63,Western Africa,West Africa,453.9833384900373,478607.8133333332,120.42264472294733,14.07532921508719
Côte d'Ivoire,2018,1054960.0,2540.7,74951.0,114.29,Western Africa,West Africa,0.0,766783.9066666666,37.58243891503688,14.07532921508719
Côte d'Ivoire,2018,1054960.0,2540.7,503630.0,100.63,Western Africa,West Africa,0.0,1054960.0,0.0,2.094712388062665
Côte d'Ivoire,2018,1054960.0,2540.7,503630.0,114.29,Western Africa,West Africa,0.0,1054960.0,0.0,2.094712388062665
Côte d'Ivoire,2018,1054960.0,2094.7,74951.0,100.63,Western Africa,West Africa,0.0,1054960.0,0.0,14.07532921508719
Côte d'Ivoire,2018,1054960.0,2094.7,74951.0,114.29,Western Africa,West Africa,0.0,1054960.0,0.0,14.07532921508719
Côte d'Ivoire,2018,1054960.0,2094.7,503630.0,100.63,Western Africa,West Africa,0.0,1054960.0,0.0,2.094712388062665
Côte d'Ivoire,2018,1054960.0,2094.7,503630.0,114.29,Western Africa,West Africa,0.0,1054960.0,0.0,2.094712388062665
Côte d'Ivoire,2019,188751.2,2521.7,74851.0,100.84,Western Africa,West Africa,-82.10821263365435,766223.733333333,-75.3660462618577,2.521692428958865
Côte d'Ivoire,2019,188751.2,2521.7,74851.0,116.41,Western Africa,West Africa,0.0,477487.4666666665,-60.469915301092705,2.521692428958865
Côte d'Ivoire,2019,188751.2,2521.7,544000.0,100.84,Western Africa,West Africa,0.0,188751.2,0.0,0.34696911764705884
Côte d'Ivoire,2019,188751.2,2521.7,544000.0,116.41,Western Africa,West Africa,0.0,188751.2,0.0,0.34696911764705884
Côte d'Ivoire,2019,188751.2,2026.5,74851.0,100.84,Western Africa,West Africa,0.0,188751.2,0.0,2.521692428958865
Côte d'Ivoire,2019,188751.2,2026.5,74851.0,116.41,Western Africa,West Africa,0.0,188751.2,0.0,2.521692428958865
Côte d'Ivoire,2019,188751.2,2026.5,544000.0,100.84,Western Africa,West Africa,0.0,188751.2,0.0,0.34696911764705884
Côte d'Ivoire,2019,188751.2,2026.5,544000.0,116.41,Western Africa,West Africa,0.0,188751.2,0.0,0.34696911764705884
Côte d'Ivoire,2019,1102433.0,2521.7,74851.0,100.84,Western Africa,West Africa,484.06675030410395,493311.7999999999,123.47590306982326,14.728367022484669
Côte d'Ivoire,2019,1102433.0,2521.7,74851.0,116.41,Western Africa,West Africa,0.0,797872.3999999999,38.17159234985446,14.728367022484669
Côte d'Ivoire,2019,1102433.0,2521.7,544000.0,100.84,Western Africa,West Africa,0.0,1102433.0,0.0,2.02653125
Côte d'Ivoire,2019,1102433.0,2521.7,544000.0,116.41,Western Africa,West Africa,0.0,1102433.0,0.0,2.02653125
Côte d'Ivoire,2019,1102433.0,2026.5,74851.0,100.84,Western Africa,West Africa,0.0,1102433.0,0.0,14.728367022484669
Côte d'Ivoire,2019,1102433.0,2026.5,74851.0,116.41,Western Africa,West Africa,0.0,1102433.0,0.0,14.728367022484669
Côte d'Ivoire,2019,1102433.0,2026.5,544000.0,100.84,Western Africa,West Africa,0.0,1102433.0,0.0,2.02653125
Côte d'Ivoire,2019,1102433.0,2026.5,544000.0,116.41,Western Africa,West Africa,0.0,1102433.0,0.0,2.02653125
Côte d'Ivoire,2020,187423.34,2496.5,75074.0,101.05,Western Africa,West Africa,-82.99911740668139,797429.7799999998,-76.49657127176765,2.4965146388896287
Côte d'Ivoire,2020,187423.34,2496.5,75074.0,118.84,Western Africa,West Africa,0.0,492426.5599999998,-61.938823933461265,2.4965146388896287
Côte d'Ivoire,2020,187423.34,2496.5,540000.0,101.05,Western Africa,West Africa,0.0,187423.34,0.0,0.3470802592592592
Côte d'Ivoire,2020,187423.34,2496.5,540000.0,118.84,Western Africa,West Africa,0.0,187423.34,0.0,0.3470802592592592
Côte d'Ivoire,2020,187423.34,2177.3,75074.0,101.05,Western Africa,West Africa,0.0,187423.34,0.0,2.4965146388896287
Côte d'Ivoire,2020,187423.34,2177.3,75074.0,118.84,Western Africa,West Africa,0.0,187423.34,0.0,2.4965146388896287
Côte d'Ivoire,2020,187423.34,2177.3,540000.0,101.05,Western Africa,West Africa,0.0,187423.34,0.0,0.3470802592592592
Côte d'Ivoire,2020,187423.34,2177.3,540000.0,118.84,Western Africa,West Africa,0.0,187423.34,0.0,0.3470802592592592
Côte d'Ivoire,2020,1175715.0,2496.5,75074.0,101.05,Western Africa,West Africa,527.3044755258336,516853.89333333314,127.4753107531976,15.660748061912246
Côte d'Ivoire,2020,1175715.0,2496.5,75074.0,118.84,Western Africa,West Africa,0.0,846284.4466666664,38.92669357576996,15.660748061912246
Côte d'Ivoire,2020,1175715.0,2496.5,540000.0,101.05,Western Africa,West Africa,0.0,1175715.0,0.0,2.17725
Côte d'Ivoire,2020,1175715.0,2496.5,540000.0,118.84,Western Africa,West Africa,0.0,1175715.0,0.0,2.17725
Côte d'Ivoire,2020,1175715.0,2177.3,75074.0,101.05,Western Africa,West Africa,0.0,1175715.0,0.0,15.660748061912246
Côte d'Ivoire,2020,1175715.0,2177.3,75074.0,118.84,Western Africa,West Africa,0.0,1175715.0,0.0,15.660748061912246
Côte d'Ivoire,2020,1175715.0,2177.3,540000.0,101.05,Western Africa,West Africa,0.0,1175715.0,0.0,2.17725
Côte d'Ivoire,2020,1175715.0,2177.3,540000.0,118.84,Western Africa,West Africa,0.0,1175715.0,0.0,2.17725
Côte d'Ivoire,2021,188162.46,2470.6,76160.0,101.26,Western Africa,West Africa,-83.99591227465841,846530.8199999998,-77.7725210288268,2.4706205357142856
Côte d'Ivoire,2021,188162.46,2470.6,76160.0,283000.0,Western Africa,West Africa,0.0,517346.63999999984,-63.62932597764623,2.4706205357142856
Côte d'Ivoire,2021,188162.46,2470.6,76160.0,283000.0,Western Africa,West Africa,0.0,188162.46,0.0,2.4706205357142856
Côte d'Ivoire,2021,188162.46,2470.6,76160.0,510.3,Western Africa,West Africa,0.0,188162.46,0.0,2.4706205357142856
Côte d'Ivoire,2021,188162.46,2470.6,76160.0,128.85,Western Africa,West Africa,0.0,188162.46,0.0,2.4706205357142856
Côte d'Ivoire,2021,188162.46,2470.6,540000.0,101.26,Western Africa,West Africa,0.0,188162.46,0.0,0.348449
Côte d'Ivoire,2021,188162.46,2470.6,540000.0,283000.0,Western Africa,West Africa,0.0,188162.46,0.0,0.348449
Côte d'Ivoire,2021,188162.46,2470.6,540000.0,283000.0,Western Africa,West Africa,0.0,188162.46,0.0,0.348449
Côte d'Ivoire,2021,188162.46,2470.6,540000.0,510.3,Western Africa,West Africa,0.0,188162.46,0.0,0.348449
Côte d'Ivoire,2021,188162.46,2470.6,540000.0,128.85,Western Africa,West Africa,0.0,188162.46,0.0,0.348449
Côte d'Ivoire,2021,188162.46,2110.3,76160.0,101.26,Western Africa,West Africa,0.0,188162.46,0.0,2.4706205357142856
Côte d'Ivoire,2021,188162.46,2110.3,76160.0,283000.0,Western Africa,West Africa,0.0,188162.46,0.0,2.4706205357142856
Côte d'Ivoire,2021,188162.46,2110.3,76160.0,283000.0,Western Africa,West Africa,0.0,188162.46,0.0,2.4706205357142856
Côte d'Ivoire,2021,188162.46,2110.3,76160.0,510.3,Western Africa,West Africa,0.0,188162.46,0.0,2.4706205357142856
Côte d'Ivoire,2021,188162.46,2110.3,76160.0,128.85,Western Africa,West Africa,0.0,188162.46,0.0,2.4706205357142856
Côte d'Ivoire,2021,188162.46,2110.3,540000.0,101.26,Western Africa,West Africa,0.0,188162.46,0.0,0.348449
Côte d'Ivoire,2021,188162.46,2110.3,540000.0,283000.0,Western Africa,West Africa,0.0,188162.46,0.0,0.348449
Côte d'Ivoire,2021,188162.46,2110.3,540000.0,283000.0,Western Africa,West Africa,0.0,188162.46,0.0,0.348449
Côte d'Ivoire,2021,188162.46,2110.3,540000.0,510.3,Western Africa,West Africa,0.0,188162.46,0.0,0.348449
Côte d'Ivoire,2021,188162.46,2110.3,540000.0,128.85,Western Africa,West Africa,0.0,188162.46,0.0,0.348449
Côte d'Ivoire,2021,1139557.0,2470.6,76160.0,101.26,Western Africa,West Africa,505.62399109790556,505293.97333333315,125.52356848480659,14.96267069327731
Côte d'Ivoire,2021,1139557.0,2470.6,76160.0,283000.0,Western Africa,West Africa,0.0,822425.4866666665,38.560516238216806,14.96267069327731
Côte d'Ivoire,2021,1139557.0,2470.6,76160.0,283000.0,Western Africa,West Africa,0.0,1139557.0,0.0,14.96267069327731
Côte d'Ivoire,2021,1139557.0,2470.6,76160.0,510.3,Western Africa,West Africa,0.0,1139557.0,0.0,14.96267069327731
Côte d'Ivoire,2021,1139557.0,2470.6,76160.0,128.85,Western Africa,West Africa,0.0,1139557.0,0.0,14.96267069327731
Côte d'Ivoire,2021,1139557.0,2470.6,540000.0,101.26,Western Africa,West Africa,0.0,1139557.0,0.0,2.1102907407407407
Côte d'Ivoire,2021,1139557.0,2470.6,540000.0,283000.0,Western Africa,West Africa,0.0,1139557.0,0.0,2.1102907407407407
Côte d'Ivoire,2021,1139557.0,2470.6,540000.0,283000.0,Western Africa,West Africa,0.0,1139557.0,0.0,2.1102907407407407
Côte d'Ivoire,2021,1139557.0,2470.6,540000.0,510.3,Western Africa,West Africa,0.0,1139557.0,0.0,2.1102907407407407
Côte d'Ivoire,2021,1139557.0,2470.6,540000.0,128.85,Western Africa,West Africa,0.0,1139557.0,0.0,2.1102907407407407
Côte d'Ivoire,2021,1139557.0,2110.3,76160.0,101.26,Western Africa,West Africa,0.0,1139557.0,0.0,14.96267069327731
Côte d'Ivoire,2021,1139557.0,2110.3,76160.0,283000.0,Western Africa,West Africa,0.0,1139557.0,0.0,14.96267069327731
Côte d'Ivoire,2021,1139557.0,2110.3,76160.0,283000.0,Western Africa,West Africa,0.0,1139557.0,0.0,14.96267069327731
Côte d'Ivoire,2021,1139557.0,2110.3,76160.0,510.3,Western Africa,West Africa,0.0,1139557.0,0.0,14.96267069327731
Côte d'Ivoire,2021,1139557.0,2110.3,76160.0,128.85,Western Africa,West Africa,0.0,1139557.0,0.0,14.96267069327731
Côte d'Ivoire,2021,1139557.0,2110.3,540000.0,101.26,Western Africa,West Africa,0.0,1139557.0,0.0,2.1102907407407407
Côte d'Ivoire,2021,1139557.0,2110.3,540000.0,283000.0,Western Africa,West Africa,0.0,1139557.0,0.0,2.1102907407407407
Côte d'Ivoire,2021,1139557.0,2110.3,540000.0,283000.0,Western Africa,West Africa,0.0,1139557.0,0.0,2.1102907407407407
Côte d'Ivoire,2021,1139557.0,2110.3,540000.0,510.3,Western Africa,West Africa,0.0,1139557.0,0.0,2.1102907407407407
Côte d'Ivoire,2021,1139557.0,2110.3,540000.0,128.85,Western Africa,West Africa,0.0,1139557.0,0.0,2.1102907407407407
Côte d'Ivoire,2022,187052.18,2456.9,76134.0,101.47,Western Africa,West Africa,-83.58553543175111,822055.3933333332,-77.2457937120847,2.4568810255601963
Côte d'Ivoire,2022,187052.18,2456.9,76134.0,246000.0,Western Africa,West Africa,0.0,504553.78666666645,-62.927207179286114,2.4568810255601963
Côte d'Ivoire,2022,187052.18,2456.9,76134.0,246000.0,Western Africa,West Africa,0.0,187052.18,0.0,2.4568810255601963
Côte d'Ivoire,2022,187052.18,2456.9,76134.0,394.4,Western Africa,West Africa,0.0,187052.18,0.0,2.4568810255601963
Côte d'Ivoire,2022,187052.18,2456.9,76134.0,112.0,Western Africa,West Africa,0.0,187052.18,0.0,2.4568810255601963
Côte d'Ivoire,2022,187052.18,2456.9,540000.0,101.47,Western Africa,West Africa,0.0,187052.18,0.0,0.3463929259259259
Côte d'Ivoire,2022,187052.18,2456.9,540000.0,246000.0,Western Africa,West Africa,0.0,187052.18,0.0,0.3463929259259259
Côte d'Ivoire,2022,187052.18,2456.9,540000.0,246000.0,Western Africa,West Africa,0.0,187052.18,0.0,0.3463929259259259
Côte d'Ivoire,2022,187052.18,2456.9,540000.0,394.4,Western Africa,West Africa,0.0,187052.18,0.0,0.3463929259259259
Côte d'Ivoire,2022,187052.18,2456.9,540000.0,112.0,Western Africa,West Africa,0.0,187052.18,0.0,0.3463929259259259
Côte d'Ivoire,2022,187052.18,2221.0,76134.0,101.47,Western Africa,West Africa,0.0,187052.18,0.0,2.4568810255601963
Côte d'Ivoire,2022,187052.18,2221.0,76134.0,246000.0,Western Africa,West Africa,0.0,187052.18,0.0,2.4568810255601963
Côte d'Ivoire,2022,187052.18,2221.0,76134.0,246000.0,Western Africa,West Africa,0.0,187052.18,0.0,2.4568810255601963
Côte d'Ivoire,2022,187052.18,2221.0,76134.0,394.4,Western Africa,West Africa,0.0,187052.18,0.0,2.4568810255601963
Côte d'Ivoire,2022,187052.18,2221.0,76134.0,112.0,Western Africa,West Africa,0.0,187052.18,0.0,2.4568810255601963
Côte d'Ivoire,2022,187052.18,2221.0,540000.0,101.47,Western Africa,West Africa,0.0,187052.18,0.0,0.3463929259259259
Côte d'Ivoire,2022,187052.18,2221.0,540000.0,246000.0,Western Africa,West Africa,0.0,187052.18,0.0,0.3463929259259259
Côte d'Ivoire,2022,187052.18,2221.0,540000.0,246000.0,Western Africa,West Africa,0.0,187052.18,0.0,0.3463929259259259
Côte d'Ivoire,2022,187052.18,2221.0,540000.0,394.4,Western Africa,West Africa,0.0,187052.18,0.0,0.3463929259259259
Côte d'Ivoire,2022,187052.18,2221.0,540000.0,112.0,Western Africa,West Africa,0.0,187052.18,0.0,0.3463929259259259
Côte d'Ivoire,2022,1199340.0,2456.9,76134.0,101.47,Western Africa,West Africa,541.1793757228598,524481.4533333333,128.6715750152106,15.753014421940263
Côte d'Ivoire,2022,1199340.0,2456.9,76134.0,246000.0,Western Africa,West Africa,0.0,861910.7266666666,39.148981778925005,15.753014421940263
Côte d'Ivoire,2022,1199340.0,2456.9,76134.0,246000.0,Western Africa,West Africa,0.0,1199340.0,0.0,15.753014421940263
Côte d'Ivoire,2022,1199340.0,2456.9,76134.0,394.4,Western Africa,West Africa,0.0,1199340.0,0.0,15.753014421940263
Côte d'Ivoire,2022,1199340.0,2456.9,76134.0,112.0,Western Africa,West Africa,0.0,1199340.0,0.0,15.753014421940263
Côte d'Ivoire,2022,1199340.0,2456.9,540000.0,101.47,Western Africa,West Africa,0.0,1199340.0,0.0,2.221
Côte d'Ivoire,2022,1199340.0,2456.9,540000.0,246000.0,Western Africa,West Africa,0.0,1199340.0,0.0,2.221
Côte d'Ivoire,2022,1199340.0,2456.9,540000.0,246000.0,Western Africa,West Africa,0.0,1199340.0,0.0,2.221
Côte d'Ivoire,2022,1199340.0,2456.9,540000.0,394.4,Western Africa,West Africa,0.0,1199340.0,0.0,2.221
Côte d'Ivoire,2022,1199340.0,2456.9,540000.0,112.0,Western Africa,West Africa,0.0,1199340.0,0.0,2.221
Côte d'Ivoire,2022,1199340.0,2221.0,76134.0,101.47,Western Africa,West Africa,0.0,1199340.0,0.0,15.753014421940263
Côte d'Ivoire,2022,1199340.0,2221.0,76134.0,246000.0,Western Africa,West Africa,0.0,1199340.0,0.0,15.753014421940263
Côte d'Ivoire,2022,1199340.0,2221.0,76134.0,246000.0,Western Africa,West Africa,0.0,1199340.0,0.0,15.753014421940263
Côte d'Ivoire,2022,1199340.0,2221.0,76134.0,394.4,Western Africa,West Africa,0.0,1199340.0,0.0,15.753014421940263
Côte d'Ivoire,2022,1199340.0,2221.0,76134.0,112.0,Western Africa,West Africa,0.0,1199340.0,0.0,15.753014421940263
Côte d'Ivoire,2022,1199340.0,2221.0,540000.0,101.47,Western Africa,West Africa,0.0,1199340.0,0.0,2.221
Côte d'Ivoire,2022,1199340.0,2221.0,540000.0,246000.0,Western Africa,West Africa,0.0,1199340.0,0.0,2.221
Côte d'Ivoire,2022,1199340.0,2221.0,540000.0,246000.0,Western Africa,West Africa,0.0,1199340.0,0.0,2.221
Côte d'Ivoire,2022,1199340.0,2221.0,540000.0,394.4,Western Africa,West Africa,0.0,1199340.0,0.0,2.221
Côte d'Ivoire,2022,1199340.0,2221.0,540000.0,112.0,Western Africa,West Africa,0.0,1199340.0,0.0,2.221
Côte d'Ivoire,2023,185901.49,2435.3,76335.0,101.68,Western Africa,West Africa,-84.49968399286274,861527.1633333331,-78.421865506744,2.435337525381542
Côte d'Ivoire,2023,185901.49,2435.3,76335.0,282000.0,Western Africa,West Africa,0.0,523714.3266666665,-64.5032643687209,2.435337525381542
Côte d'Ivoire,2023,185901.49,2435.3,76335.0,282000.0,Western Africa,West Africa,0.0,185901.49,0.0,2.435337525381542
Côte d'Ivoire,2023,185901.49,2435.3,76335.0,464.9,Western Africa,West Africa,0.0,185901.49,0.0,2.435337525381542
Côte d'Ivoire,2023,185901.49,2435.3,76335.0,128.39,Western Africa,West Africa,0.0,185901.49,0.0,2.435337525381542
Côte d'Ivoire,2023,185901.49,2435.3,540000.0,101.68,Western Africa,West Africa,0.0,185901.49,0.0,0.3442620185185185
Côte d'Ivoire,2023,185901.49,2435.3,540000.0,282000.0,Western Africa,West Africa,0.0,185901.49,0.0,0.3442620185185185
Côte d'Ivoire,2023,185901.49,2435.3,540000.0,282000.0,Western Africa,West Africa,0.0,185901.49,0.0,0.3442620185185185
Côte d'Ivoire,2023,185901.49,2435.3,540000.0,464.9,Western Africa,West Africa,0.0,185901.49,0.0,0.3442620185185185
Côte d'Ivoire,2023,185901.49,2435.3,540000.0,128.39,Western Africa,West Africa,0.0,185901.49,0.0,0.3442620185185185
Côte d'Ivoire,2023,185901.49,2622.7,76335.0,101.68,Western Africa,West Africa,0.0,185901.49,0.0,2.435337525381542
Côte d'Ivoire,2023,185901.49,2622.7,76335.0,282000.0,Western Africa,West Africa,0.0,185901.49,0.0,2.435337525381542
Côte d'Ivoire,2023,185901.49,2622.7,76335.0,282000.0,Western Africa,West Africa,0.0,185901.49,0.0,2.435337525381542
Côte d'Ivoire,2023,185901.49,2622.7,76335.0,464.9,Western Africa,West Africa,0.0,185901.49,0.0,2.435337525381542
Côte d'Ivoire,2023,185901.49,2622.7,76335.0,128.39,Western Africa,West Africa,0.0,185901.49,0.0,2.435337525381542
Côte d'Ivoire,2023,185901.49,2622.7,540000.0,101.68,Western Africa,West Africa,0.0,185901.49,0.0,0.3442620185185185
Côte d'Ivoire,2023,185901.49,2622.7,540000.0,282000.0,Western Africa,West Africa,0.0,185901.49,0.0,0.3442620185185185
Côte d'Ivoire,2023,185901.49,2622.7,540000.0,282000.0,Western Africa,West Africa,0.0,185901.49,0.0,0.3442620185185185
Côte d'Ivoire,2023,185901.49,2622.7,540000.0,464.9,Western Africa,West Africa,0.0,185901.49,0.0,0.3442620185185185
Côte d'Ivoire,2023,185901.49,2622.7,540000.0,128.39,Western Africa,West Africa,0.0,185901.49,0.0,0.3442620185185185
Côte d'Ivoire,2023,1416232.0,2435.3,76335.0,101.68,Western Africa,West Africa,661.818530878908,596011.6599999998,137.6181700874779,18.552852557804414
Côte d'Ivoire,2023,1416232.0,2435.3,76335.0,282000.0,Western Africa,West Africa,0.0,1006121.8299999997,40.761482135816536,18.552852557804414
Côte d'Ivoire,2023,1416232.0,2435.3,76335.0,282000.0,Western Africa,West Africa,0.0,1416232.0,0.0,18.552852557804414
Côte d'Ivoire,2023,1416232.0,2435.3,76335.0,464.9,Western Africa,West Africa,0.0,1416232.0,0.0,18.552852557804414
Côte d'Ivoire,2023,1416232.0,2435.3,76335.0,128.39,Western Africa,West Africa,0.0,1416232.0,0.0,18.552852557804414
Côte d'Ivoire,2023,1416232.0,2435.3,540000.0,101.68,Western Africa,West Africa,0.0,1416232.0,0.0,2.622651851851852
Côte d'Ivoire,2023,1416232.0,2435.3,540000.0,282000.0,Western Africa,West Africa,0.0,1416232.0,0.0,2.622651851851852
Côte d'Ivoire,2023,1416232.0,2435.3,540000.0,282000.0,Western Africa,West Africa,0.0,1416232.0,0.0,2.622651851851852
Côte d'Ivoire,2023,1416232.0,2435.3,540000.0,464.9,Western Africa,West Africa,0.0,1416232.0,0.0,2.622651851851852
Côte d'Ivoire,2023,1416232.0,2435.3,540000.0,128.39,Western Africa,West Africa,0.0,1416232.0,0.0,2.622651851851852
Côte d'Ivoire,2023,1416232.0,2622.7,76335.0,101.68,Western Africa,West Africa,0.0,1416232.0,0.0,18.552852557804414
Côte d'Ivoire,2023,1416232.0,2622.7,76335.0,282000.0,Western Africa,West Africa,0.0,1416232.0,0.0,18.552852557804414
Côte d'Ivoire,2023,1416232.0,2622.7,76335.0,282000.0,Western Africa,West Africa,0.0,1416232.0,0.0,18.552852557804414
Côte d'Ivoire,2023,1416232.0,2622.7,76335.0,464.9,Western Africa,West Africa,0.0,1416232.0,0.0,18.552852557804414
Côte d'Ivoire,2023,1416232.0,2622.7,76335.0,128.39,Western Africa,West Africa,0.0,1416232.0,0.0,18.552852557804414
Côte d'Ivoire,2023,1416232.0,2622.7,540000.0,101.68,Western Africa,West Africa,0.0,1416232.0,0.0,2.622651851851852
Côte d'Ivoire,2023,1416232.0,2622.7,540000.0,282000.0,Western Africa,West Africa,0.0,1416232.0,0.0,2.622651851851852
Côte d'Ivoire,2023,1416232.0,2622.7,540000.0,282000.0,Western Africa,West Africa,0.0,1416232.0,0.0,2.622651851851852
Côte d'Ivoire,2023,1416232.0,2622.7,540000.0,464.9,Western Africa,West Africa,0.0,1416232.0,0.0,2.622651851851852
Côte d'Ivoire,2023,1416232.0,2622.7,540000.0,128.39,Western Africa,West Africa,0.0,1416232.0,0.0,2.622651851851852
Côte d'Ivoire,2024,184728.85,2413.8,76532.0,96.81,Western Africa,West Africa,-86.95631436092391,1005730.9499999997,-81.63237891803966,2.413746537396122
Côte d'Ivoire,2024,184728.85,2413.8,76532.0,284000.0,Western Africa,West Africa,0.0,595229.8999999998,-68.96512591185355,2.413746537396122
Côte d'Ivoire,2024,184728.85,2413.8,76532.0,208000.0,Western Africa,West Africa,0.0,184728.85,0.0,2.413746537396122
Côte d'Ivoire,2024,184728.85,2413.8,76532.0,255000.0,Western Africa,West Africa,0.0,184728.85,0.0,2.413746537396122
Côte d'Ivoire,2024,184728.85,2413.8,76532.0,304000.0,Western Africa,West Africa,0.0,184728.85,0.0,2.413746537396122
Côte d'Ivoire,2024,184728.85,2413.8,76532.0,309000.0,Western Africa,West Africa,0.0,184728.85,0.0,2.413746537396122
Côte d'Ivoire,2024,184728.85,2413.8,76532.0,250000.0,Western Africa,West Africa,0.0,184728.85,0.0,2.413746537396122
Côte d'Ivoire,2024,184728.85,2413.8,76532.0,297000.0,Western Africa,West Africa,0.0,184728.85,0.0,2.413746537396122
Côte d'Ivoire,2024,184728.85,2413.8,76532.0,299000.0,Western Africa,West Africa,0.0,184728.85,0.0,2.413746537396122
Côte d'Ivoire,2024,184728.85,2413.8,76532.0,298000.0,Western Africa,West Africa,0.0,184728.85,0.0,2.413746537396122
Côte d'Ivoire,2024,184728.85,2413.8,76532.0,299000.0,Western Africa,West Africa,0.0,184728.85,0.0,2.413746537396122
Côte d'Ivoire,2024,184728.85,2413.8,76532.0,298000.0,Western Africa,West Africa,0.0,184728.85,0.0,2.413746537396122
Côte d'Ivoire,2024,184728.85,2413.8,76532.0,296000.0,Western Africa,West Africa,0.0,184728.85,0.0,2.413746537396122
Côte d'Ivoire,2024,184728.85,2413.8,76532.0,299000.0,Western Africa,West Africa,0.0,184728.85,0.0,2.413746537396122
Côte d'Ivoire,2024,184728.85,2413.8,76532.0,284000.0,Western Africa,West Africa,0.0,184728.85,0.0,2.413746537396122
Côte d'Ivoire,2024,184728.85,2413.8,76532.0,468.4,Western Africa,West Africa,0.0,184728.85,0.0,2.413746537396122
Côte d'Ivoire,2024,184728.85,2413.8,76532.0,129.3,Western Africa,West Africa,0.0,184728.85,0.0,2.413746537396122
Côte d'Ivoire,2024,184728.85,2413.8,640000.0,96.81,Western Africa,West Africa,0.0,184728.85,0.0,0.288638828125
Côte d'Ivoire,2024,184728.85,2413.8,640000.0,284000.0,Western Africa,West Africa,0.0,184728.85,0.0,0.288638828125
Côte d'Ivoire,2024,184728.85,2413.8,640000.0,208000.0,Western Africa,West Africa,0.0,184728.85,0.0,0.288638828125
Côte d'Ivoire,2024,184728.85,2413.8,640000.0,255000.0,Western Africa,West Africa,0.0,184728.85,0.0,0.288638828125
Côte d'Ivoire,2024,184728.85,2413.8,640000.0,304000.0,Western Africa,West Africa,0.0,184728.85,0.0,0.288638828125
Côte d'Ivoire,2024,184728.85,2413.8,640000.0,309000.0,Western Africa,West Africa,0.0,184728.85,0.0,0.288638828125
Côte d'Ivoire,2024,184728.85,2413.8,640000.0,250000.0,Western Africa,West Africa,0.0,184728.85,0.0,0.288638828125
Côte d'Ivoire,2024,184728.85,2413.8,640000.0,297000.0,Western Africa,West Africa,0.0,184728.85,0.0,0.288638828125
Côte d'Ivoire,2024,184728.85,2413.8,640000.0,299000.0,Western Africa,West Africa,0.0,184728.85,0.0,0.288638828125
Côte d'Ivoire,2024,184728.85,2413.8,640000.0,298000.0,Western Africa,West Africa,0.0,184728.85,0.0,0.288638828125
Côte d'Ivoire,2024,184728.85,2413.8,640000.0,299000.0,Western Africa,West Africa,0.0,184728.85,0.0,0.288638828125
Côte d'Ivoire,2024,184728.85,2413.8,640000.0,298000.0,Western Africa,West Africa,0.0,184728.85,0.0,0.288638828125
Côte d'Ivoire,2024,184728.85,2413.8,640000.0,296000.0,Western Africa,West Africa,0.0,184728.85,0.0,0.288638828125
Côte d'Ivoire,2024,184728.85,2413.8,640000.0,299000.0,Western Africa,West Africa,0.0,184728.85,0.0,0.288638828125
Côte d'Ivoire,2024,184728.85,2413.8,640000.0,284000.0,Western Africa,West Africa,0.0,184728.85,0.0,0.288638828125
Côte d'Ivoire,2024,184728.85,2413.8,640000.0,468.4,Western Africa,West Africa,0.0,184728.85,0.0,0.288638828125
Côte d'Ivoire,2024,184728.85,2413.8,640000.0,129.3,Western Africa,West Africa,0.0,184728.85,0.0,0.288638828125
Côte d'Ivoire,2024,184728.85,2563.5,76532.0,96.81,Western Africa,West Africa,0.0,184728.85,0.0,2.413746537396122
Côte d'Ivoire,2024,184728.85,2563.5,76532.0,284000.0,Western Africa,West Africa,0.0,184728.85,0.0,2.413746537396122
Côte d'Ivoire,2024,184728.85,2563.5,76532.0,208000.0,Western Africa,West Africa,0.0,184728.85,0.0,2.413746537396122
Côte d'Ivoire,2024,184728.85,2563.5,76532.0,255000.0,Western Africa,West Africa,0.0,184728.85,0.0,2.413746537396122
Côte d'Ivoire,2024,184728.85,2563.5,76532.0,304000.0,Western Africa,West Africa,0.0,184728.85,0.0,2.413746537396122
Côte d'Ivoire,2024,184728.85,2563.5,76532.0,309000.0,Western Africa,West Africa,0.0,184728.85,0.0,2.413746537396122
Côte d'Ivoire,2024,184728.85,2563.5,76532.0,250000.0,Western Africa,West Africa,0.0,184728.85,0.0,2.413746537396122
Côte d'Ivoire,2024,184728.85,2563.5,76532.0,297000.0,Western Africa,West Africa,0.0,184728.85,0.0,2.413746537396122
Côte d'Ivoire,2024,184728.85,2563.5,76532.0,299000.0,Western Africa,West Africa,0.0,184728.85,0.0,2.413746537396122
Côte d'Ivoire,2024,184728.85,2563.5,76532.0,298000.0,Western Africa,West Africa,0.0,184728.85,0.0,2.413746537396122
Côte d'Ivoire,2024,184728.85,2563.5,76532.0,299000.0,Western Africa,West Africa,0.0,184728.85,0.0,2.413746537396122
Côte d'Ivoire,2024,184728.85,2563.5,76532.0,298000.0,Western Africa,West Africa,0.0,184728.85,0.0,2.413746537396122
Côte d'Ivoire,2024,184728.85,2563.5,76532.0,296000.0,Western Africa,West Africa,0.0,184728.85,0.0,2.413746537396122
Côte d'Ivoire,2024,184728.85,2563.5,76532.0,299000.0,Western Africa,West Africa,0.0,184728.85,0.0,2.413746537396122
Côte d'Ivoire,2024,184728.85,2563.5,76532.0,284000.0,Western Africa,West Africa,0.0,184728.85,0.0,2.413746537396122
Côte d'Ivoire,2024,184728.85,2563.5,76532.0,468.4,Western Africa,West Africa,0.0,184728.85,0.0,2.413746537396122
Côte d'Ivoire,2024,184728.85,2563.5,76532.0,129.3,Western Africa,West Africa,0.0,184728.85,0.0,2.413746537396122
Côte d'Ivoire,2024,184728.85,2563.5,640000.0,96.81,Western Africa,West Africa,0.0,184728.85,0.0,0.288638828125
Côte d'Ivoire,2024,184728.85,2563.5,640000.0,284000.0,Western Africa,West Africa,0.0,184728.85,0.0,0.288638828125
Côte d'Ivoire,2024,184728.85,2563.5,640000.0,208000.0,Western Africa,West Africa,0.0,184728.85,0.0,0.288638828125
Côte d'Ivoire,2024,184728.85,2563.5,640000.0,255000.0,Western Africa,West Africa,0.0,184728.85,0.0,0.288638828125
Côte d'Ivoire,2024,184728.85,2563.5,640000.0,304000.0,Western Africa,West Africa,0.0,184728.85,0.0,0.288638828125
Côte d'Ivoire,2024,184728.85,2563.5,640000.0,309000.0,Western Africa,West Africa,0.0,184728.85,0.0,0.288638828125
Côte d'Ivoire,2024,184728.85,2563.5,640000.0,250000.0,Western Africa,West Africa,0.0,184728.85,0.0,0.288638828125
Côte d'Ivoire,2024,184728.85,2563.5,640000.0,297000.0,Western Africa,West Africa,0.0,184728.85,0.0,0.288638828125
Côte d'Ivoire,2024,184728.85,2563.5,640000.0,299000.0,Western Africa,West Africa,0.0,184728.85,0.0,0.288638828125
Côte d'Ivoire,2024,184728.85,2563.5,640000.0,298000.0,Western Africa,West Africa,0.0,184728.85,0.0,0.288638828125
Côte d'Ivoire,2024,184728.85,2563.5,640000.0,299000.0,Western Africa,West Africa,0.0,184728.85,0.0,0.288638828125
Côte d'Ivoire,2024,184728.85,2563.5,640000.0,298000.0,Western Africa,West Africa,0.0,184728.85,0.0,0.288638828125
Côte d'Ivoire,2024,184728.85,2563.5,640000.0,296000.0,Western Africa,West Africa,0.0,184728.85,0.0,0.288638828125
Côte d'Ivoire,2024,184728.85,2563.5,640000.0,299000.0,Western Africa,West Africa,0.0,184728.85,0.0,0.288638828125
Côte d'Ivoire,2024,184728.85,2563.5,640000.0,284000.0,Western Africa,West Africa,0.0,184728.85,0.0,0.288638828125
Côte d'Ivoire,2024,184728.85,2563.5,640000.0,468.4,Western Africa,West Africa,0.0,184728.85,0.0,0.288638828125
Côte d'Ivoire,2024,184728.85,2563.5,640000.0,129.3,Western Africa,West Africa,0.0,184728.85,0.0,0.288638828125
Côte d'Ivoire,2024,1640661.0,2413.8,76532.0,96.81,Western Africa,West Africa,788.1455170646058,670039.5666666665,144.86031596044558,21.437581665185803
Côte d'Ivoire,2024,1640661.0,2413.8,76532.0,284000.0,Western Africa,West Africa,0.0,1155350.2833333332,42.00550462206867,21.437581665185803
Côte d'Ivoire,2024,1640661.0,2413.8,76532.0,208000.0,Western Africa,West Africa,0.0,1640661.0,0.0,21.437581665185803
Côte d'Ivoire,2024,1640661.0,2413.8,76532.0,255000.0,Western Africa,West Africa,0.0,1640661.0,0.0,21.437581665185803
Côte d'Ivoire,2024,1640661.0,2413.8,76532.0,304000.0,Western Africa,West Africa,0.0,1640661.0,0.0,21.437581665185803
Côte d'Ivoire,2024,1640661.0,2413.8,76532.0,309000.0,Western Africa,West Africa,0.0,1640661.0,0.0,21.437581665185803
Côte d'Ivoire,2024,1640661.0,2413.8,76532.0,250000.0,Western Africa,West Africa,0.0,1640661.0,0.0,21.437581665185803
Côte d'Ivoire,2024,1640661.0,2413.8,76532.0,297000.0,Western Africa,West Africa,0.0,1640661.0,0.0,21.437581665185803
Côte d'Ivoire,2024,1640661.0,2413.8,76532.0,299000.0,Western Africa,West Africa,0.0,1640661.0,0.0,21.437581665185803
Côte d'Ivoire,2024,1640661.0,2413.8,76532.0,298000.0,Western Africa,West Africa,0.0,1640661.0,0.0,21.437581665185803
Côte d'Ivoire,2024,1640661.0,2413.8,76532.0,299000.0,Western Africa,West Africa,0.0,1640661.0,0.0,21.437581665185803
Côte d'Ivoire,2024,1640661.0,2413.8,76532.0,298000.0,Western Africa,West Africa,0.0,1640661.0,0.0,21.437581665185803
Côte d'Ivoire,2024,1640661.0,2413.8,76532.0,296000.0,Western Africa,West Africa,0.0,1640661.0,0.0,21.437581665185803
Côte d'Ivoire,2024,1640661.0,2413.8,76532.0,299000.0,Western Africa,West Africa,0.0,1640661.0,0.0,21.437581665185803
Côte d'Ivoire,2024,1640661.0,2413.8,76532.0,284000.0,Western Africa,West Africa,0.0,1640661.0,0.0,21.437581665185803
Côte d'Ivoire,2024,1640661.0,2413.8,76532.0,468.4,Western Africa,West Africa,0.0,1640661.0,0.0,21.437581665185803
Côte d'Ivoire,2024,1640661.0,2413.8,76532.0,129.3,Western Africa,West Africa,0.0,1640661.0,0.0,21.437581665185803
Côte d'Ivoire,2024,1640661.0,2413.8,640000.0,96.81,Western Africa,West Africa,0.0,1640661.0,0.0,2.5635328125
Côte d'Ivoire,2024,1640661.0,2413.8,640000.0,284000.0,Western Africa,West Africa,0.0,1640661.0,0.0,2.5635328125
Côte d'Ivoire,2024,1640661.0,2413.8,640000.0,208000.0,Western Africa,West Africa,0.0,1640661.0,0.0,2.5635328125
Côte d'Ivoire,2024,1640661.0,2413.8,640000.0,255000.0,Western Africa,West Africa,0.0,1640661.0,0.0,2.5635328125
Côte d'Ivoire,2024,1640661.0,2413.8,640000.0,304000.0,Western Africa,West Africa,0.0,1640661.0,0.0,2.5635328125
Côte d'Ivoire,2024,1640661.0,2413.8,640000.0,309000.0,Western Africa,West Africa,0.0,1640661.0,0.0,2.5635328125
Côte d'Ivoire,2024,1640661.0,2413.8,640000.0,250000.0,Western Africa,West Africa,0.0,1640661.0,0.0,2.5635328125
Côte d'Ivoire,2024,1640661.0,2413.8,640000.0,297000.0,Western Africa,West Africa,0.0,1640661.0,0.0,2.5635328125
Côte d'Ivoire,2024,1640661.0,2413.8,640000.0,299000.0,Western Africa,West Africa,0.0,1640661.0,0.0,2.5635328125
Côte d'Ivoire,2024,1640661.0,2413.8,640000.0,298000.0,Western Africa,West Africa,0.0,1640661.0,0.0,2.5635328125
Côte d'Ivoire,2024,1640661.0,2413.8,640000.0,299000.0,Western Africa,West Africa,0.0,1640661.0,0.0,2.5635328125
Côte d'Ivoire,2024,1640661.0,2413.8,640000.0,298000.0,Western Africa,West Africa,0.0,1640661.0,0.0,2.5635328125
Côte d'Ivoire,2024,1640661.0,2413.8,640000.0,296000.0,Western Africa,West Africa,0.0,1640661.0,0.0,2.5635328125
Côte d'Ivoire,2024,1640661.0,2413.8,640000.0,299000.0,Western Africa,West Africa,0.0,1640661.0,0.0,2.5635328125
Côte d'Ivoire,2024,1640661.0,2413.8,640000.0,284000.0,Western Africa,West Africa,0.0,1640661.0,0.0,2.5635328125
Côte d'Ivoire,2024,1640661.0,2413.8,640000.0,468.4,Western Africa,West Africa,0.0,1640661.0,0.0,2.5635328125
Côte d'Ivoire,2024,1640661.0,2413.8,640000.0,129.3,Western Africa,West Africa,0.0,1640661.0,0.0,2.5635328125
Côte d'Ivoire,2024,1640661.0,2563.5,76532.0,96.81,Western Africa,West Africa,0.0,1640661.0,0.0,21.437581665185803
Côte d'Ivoire,2024,1640661.0,2563.5,76532.0,284000.0,Western Africa,West Africa,0.0,1640661.0,0.0,21.437581665185803
Côte d'Ivoire,2024,1640661.0,2563.5,76532.0,208000.0,Western Africa,West Africa,0.0,1640661.0,0.0,21.437581665185803
Côte d'Ivoire,2024,1640661.0,2563.5,76532.0,255000.0,Western Africa,West Africa,0.0,1640661.0,0.0,21.437581665185803
Côte d'Ivoire,2024,1640661.0,2563.5,76532.0,304000.0,Western Africa,West Africa,0.0,1640661.0,0.0,21.437581665185803
Côte d'Ivoire,2024,1640661.0,2563.5,76532.0,309000.0,Western Africa,West Africa,0.0,1640661.0,0.0,21.437581665185803
Côte d'Ivoire,2024,1640661.0,2563.5,76532.0,250000.0,Western Africa,West Africa,0.0,1640661.0,0.0,21.437581665185803
Côte d'Ivoire,2024,1640661.0,2563.5,76532.0,297000.0,Western Africa,West Africa,0.0,1640661.0,0.0,21.437581665185803
Côte d'Ivoire,2024,1640661.0,2563.5,76532.0,299000.0,Western Africa,West Africa,0.0,1640661.0,0.0,21.437581665185803
Côte d'Ivoire,2024,1640661.0,2563.5,76532.0,298000.0,Western Africa,West Africa,0.0,1640661.0,0.0,21.437581665185803
Côte d'Ivoire,2024,1640661.0,2563.5,76532.0,299000.0,Western Africa,West Africa,0.0,1640661.0,0.0,21.437581665185803
Côte d'Ivoire,2024,1640661.0,2563.5,76532.0,298000.0,Western Africa,West Africa,0.0,1640661.0,0.0,21.437581665185803
Côte d'Ivoire,2024,1640661.0,2563.5,76532.0,296000.0,Western Africa,West Africa,0.0,1640661.0,0.0,21.437581665185803
Côte d'Ivoire,2024,1640661.0,2563.5,76532.0,299000.0,Western Africa,West Africa,0.0,1640661.0,0.0,21.437581665185803
Côte d'Ivoire,2024,1640661.0,2563.5,76532.0,284000.0,Western Africa,West Africa,0.0,1640661.0,0.0,21.437581665185803
Côte d'Ivoire,2024,1640661.0,2563.5,76532.0,468.4,Western Africa,West Africa,0.0,1640661.0,0.0,21.437581665185803
Côte d'Ivoire,2024,1640661.0,2563.5,76532.0,129.3,Western Africa,West Africa,0.0,1640661.0,0.0,21.437581665185803
Côte d'Ivoire,2024,1640661.0,2563.5,640000.0,96.81,Western Africa,West Africa,0.0,1640661.0,0.0,2.5635328125
Côte d'Ivoire,2024,1640661.0,2563.5,640000.0,284000.0,Western Africa,West Africa,0.0,1640661.0,0.0,2.5635328125
Côte d'Ivoire,2024,1640661.0,2563.5,640000.0,208000.0,Western Africa,West Africa,0.0,1640661.0,0.0,2.5635328125
Côte d'Ivoire,2024,1640661.0,2563.5,640000.0,255000.0,Western Africa,West Africa,0.0,1640661.0,0.0,2.5635328125
Côte d'Ivoire,2024,1640661.0,2563.5,640000.0,304000.0,Western Africa,West Africa,0.0,1640661.0,0.0,2.5635328125
Côte d'Ivoire,2024,1640661.0,2563.5,640000.0,309000.0,Western Africa,West Africa,0.0,1640661.0,0.0,2.5635328125
Côte d'Ivoire,2024,1640661.0,2563.5,640000.0,250000.0,Western Africa,West Africa,0.0,1640661.0,0.0,2.5635328125
Côte d'Ivoire,2024,1640661.0,2563.5,640000.0,297000.0,Western Africa,West Africa,0.0,1640661.0,0.0,2.5635328125
Côte d'Ivoire,2024,1640661.0,2563.5,640000.0,299000.0,Western Africa,West Africa,0.0,1640661.0,0.0,2.5635328125
Côte d'Ivoire,2024,1640661.0,2563.5,640000.0,298000.0,Western Africa,West Africa,0.0,1640661.0,0.0,2.5635328125
Côte d'Ivoire,2024,1640661.0,2563.5,640000.0,299000.0,Western Africa,West Africa,0.0,1640661.0,0.0,2.5635328125
Côte d'Ivoire,2024,1640661.0,2563.5,640000.0,298000.0,Western Africa,West Africa,0.0,1640661.0,0.0,2.5635328125
Côte d'Ivoire,2024,1640661.0,2563.5,640000.0,296000.0,Western Africa,West Africa,0.0,1640661.0,0.0,2.5635328125
Côte d'Ivoire,2024,1640661.0,2563.5,640000.0,299000.0,Western Africa,West Africa,0.0,1640661.0,0.0,2.5635328125
Côte d'Ivoire,2024,1640661.0,2563.5,640000.0,284000.0,Western Africa,West Africa,0.0,1640661.0,0.0,2.5635328125
Côte d'Ivoire,2024,1640661.0,2563.5,640000.0,468.4,Western Africa,West Africa,0.0,1640661.0,0.0,2.5635328125
Côte d'Ivoire,2024,1640661.0,2563.5,640000.0,129.3,Western Africa,West Africa,0.0,1640661.0,0.0,2.5635328125
Democratic Republic of the Congo,2000,1184000.0,799.0,1481852.0,,Central Africa,Middle Africa,,1184000.0,0.0,0.7990001700574686
Democratic Republic of the Congo,2001,1169188.0,799.0,1463314.0,,Central Africa,Middle Africa,-1.2510135135135103,1176594.0,-0.6294439713274078,0.7990000779053573
Democratic Republic of the Congo,2002,1154570.0,779.0,1482118.0,,Central Africa,Middle Africa,-1.2502694177497498,1169252.6666666667,-1.255730868549091,0.7790000526273887
Democratic Republic of the Congo,2003,1154800.0,779.0,1482413.0,,Central Africa,Middle Africa,0.01992083632866848,1159519.3333333333,-0.40700773136454155,0.7790001841592052
Democratic Republic of the Congo,2004,1155030.0,779.0,1482709.0,,Central Africa,Middle Africa,0.019916868721847614,1154800.0,0.0199168687218566,0.7789997902487946
Democratic Republic of the Congo,2005,1155260.0,779.0,1483004.0,,Central Africa,Middle Africa,0.01991290269516277,1155030.0,0.019912902695168093,0.7789999217803864
Democratic Republic of the Congo,2006,1155490.0,779.0,1483299.0,,Central Africa,Middle Africa,0.019908938247659158,1155260.0,0.019908938247667193,0.7790000532596597
Democratic Republic of the Congo,2007,1155720.0,779.0,1483594.0,,Central Africa,Middle Africa,0.01990497537840419,1155490.0,0.01990497537841089,0.7790001846866461
Democratic Republic of the Congo,2008,1155950.0,779.0,1483890.0,,Central Africa,Middle Africa,0.019901014086465274,1155720.0,0.01990101408645693,0.778999791089636
Democratic Republic of the Congo,2009,1156180.0,779.0,1484185.0,,Central Africa,Middle Africa,0.01989705437086542,1155950.0,0.019897054370863792,0.7789999225163979
Democratic Republic of the Congo,2010,1782273.0,799.6,2229000.0,,Central Africa,Middle Africa,54.15186216679064,1364801.0,30.588488724729835,0.7995841184387618
Democratic Republic of the Congo,2011,1892657.0,778.0,2432720.0,,Central Africa,Middle Africa,6.193439501131426,1610370.0,17.52932555872253,0.778000345292512
Democratic Republic of the Congo,2012,1938044.0,778.2,2490470.0,,Central Africa,Middle Africa,2.3980573342132327,1870991.3333333333,3.5838042363994607,0.778184037551145
Democratic Republic of the Congo,2013,1986099.0,779.3,2548431.0,,Central Africa,Middle Africa,2.4795618675324205,1938933.3333333333,2.4325574198872273,0.7793418774139853
Democratic Republic of the Congo,2014,2015345.0,775.7,2598038.0,,Central Africa,Middle Africa,1.4725348534992522,1979829.3333333333,1.793875162303556,0.7757180610907154
Democratic Republic of the Congo,2015,2039009.0,775.5,2629332.0,,Central Africa,Middle Africa,1.1741910194036365,2013484.3333333333,1.2676863804751106,0.7754855605910551
Democratic Republic of the Congo,2016,2100806.44,772.7,2718815.0,,Central Africa,Middle Africa,3.0307585694815398,2051720.1466666665,2.392445841752914,0.7726919411581884
Democratic Republic of the Congo,2017,2186318.0,771.9,2832465.0,,Central Africa,Middle Africa,4.070415930370053,2108711.1466666665,3.6802979609611355,0.771878205026364
Democratic Republic of the Congo,2018,2186055.0,770.2,2838359.0,,Central Africa,Middle Africa,-0.012029357120058037,2157726.48,1.3128874425270074,0.770182700637939
Democratic Republic of the Congo,2019,2138962.0,770.1,2777665.0,,Central Africa,Middle Africa,-2.154245890428197,2170445.0,-1.4505320337534469,0.7700575843379242
Democratic Republic of the Congo,2020,2186150.0,769.1,2842524.0,,Central Africa,Middle Africa,2.2061167987089014,2170389.0,0.7261831865163342,0.7690876136841764
Democratic Republic of the Congo,2021,2243379.0,769.7,2914521.0,,Central Africa,Middle Africa,2.6177984127347065,2189497.0,2.460930524225427,0.7697247678091872
Democratic Republic of the Congo,2022,2283672.0,770.4,2964189.0,,Central Africa,Middle Africa,1.796085280284787,2237733.6666666665,2.052895481604088,0.7704205096233743
Democratic Republic of the Congo,2023,2335599.0,769.7,3034452.0,,Central Africa,Middle Africa,2.2738379241852513,2287550.0,2.1004568206159426,0.7696938359875193
Democratic Republic of the Congo,2024,2387753.0,769.0,3105142.0,,Central Africa,Middle Africa,2.23300318248123,2335674.6666666665,2.229691235537376,0.7689674095419791
Djibouti,2000,11.0,1833.3,6.0,,Eastern Africa,East Africa,,11.0,0.0,1.8333333333333333
Djibouti,2001,12.0,1714.3,7.0,,Eastern Africa,East Africa,9.090909090909083,11.5,4.3478260869565215,1.7142857142857142
Djibouti,2002,10.0,1666.7,6.0,,Eastern Africa,East Africa,-16.666666666666664,11.0,-9.090909090909092,1.6666666666666667
Djibouti,2003,10.0,1666.7,6.0,,Eastern Africa,East Africa,0.0,10.666666666666666,-6.249999999999995,1.6666666666666667
Djibouti,2004,9.95,1658.7,6.0,,Eastern Africa,East Africa,-0.5000000000000115,9.983333333333333,-0.33388981636059983,1.6583333333333332
Djibouti,2005,9.0,1500.0,6.0,,Eastern Africa,East Africa,-9.547738693467334,9.65,-6.735751295336791,1.5
Djibouti,2006,10.0,1666.7,6.0,,Eastern Africa,East Africa,11.111111111111116,9.65,3.626943005181343,1.6666666666666667
Djibouti,2007,10.96,1738.2,6.0,,Eastern Africa,East Africa,9.600000000000009,9.986666666666666,9.746328437917235,1.8266666666666669
Djibouti,2008,12.12,1780.6,7.0,,Eastern Africa,East Africa,10.583941605839398,11.026666666666666,9.915356711003632,1.7314285714285713
Djibouti,2009,13.12,1816.7,7.0,,Eastern Africa,East Africa,8.25082508250825,12.066666666666668,8.729281767955781,1.874285714285714
Djibouti,2010,14.06,1848.3,8.0,,Eastern Africa,East Africa,7.164634146341475,13.1,7.328244274809167,1.7575
Djibouti,2011,14.97,1879.3,8.0,,Eastern Africa,East Africa,6.472261735419638,14.050000000000002,6.54804270462632,1.87125
Djibouti,2012,16.0,2000.0,8.0,,Eastern Africa,East Africa,6.880427521710075,15.01,6.595602931379083,2.0
Djibouti,2013,16.0,2000.0,8.0,,Eastern Africa,East Africa,0.0,15.656666666666666,2.192889078134982,2.0
Djibouti,2014,16.46,1986.4,8.0,,Eastern Africa,East Africa,2.8750000000000053,16.153333333333332,1.8984729673958014,2.0575
Djibouti,2015,17.92,2007.6,9.0,,Eastern Africa,East Africa,8.869987849331729,16.793333333333333,6.709011512504974,1.9911111111111113
Djibouti,2016,16.79,1998.2,8.0,,Eastern Africa,East Africa,-6.305803571428581,17.05666666666667,-1.5634160641000736,2.09875
Djibouti,2017,16.75,1998.7,8.0,,Eastern Africa,East Africa,-0.2382370458606231,17.153333333333332,-2.351340847260003,2.09375
Djibouti,2018,16.73,1998.2,8.0,,Eastern Africa,East Africa,-0.11940298507462366,16.756666666666664,-0.1591406405410607,2.09125
Djibouti,2019,16.77,2002.6,8.0,,Eastern Africa,East Africa,0.23909145248057762,16.75,0.11940298507462432,2.09625
Djibouti,2020,16.87,2007.1,8.0,,Eastern Africa,East Africa,0.5963029218843285,16.790000000000003,0.47647409172125244,2.10875
Djibouti,2021,17.15,2021.1,8.0,,Eastern Africa,East Africa,1.6597510373443924,16.929999999999996,1.2994683992912137,2.14375
Djibouti,2022,17.22,2027.4,8.0,,Eastern Africa,East Africa,0.40816326530612734,17.08,0.8196721311475443,2.1525
Djibouti,2023,17.31,2034.2,9.0,,Eastern Africa,East Africa,0.5226480836237002,17.226666666666663,0.48374613003097355,1.9233333333333331
Djibouti,2024,17.41,2041.0,9.0,,Eastern Africa,East Africa,0.5777007510109788,17.313333333333333,0.5583365421640406,1.9344444444444444
Egypt,2000,6474450.0,7680.0,843029.0,607.0,Northern Africa,North Africa,,6474450.0,0.0,7.679984911551085
Egypt,2000,6474450.0,7680.0,843029.0,607.0,Northern Africa,North Africa,0.0,6474450.0,0.0,7.679984911551085
Egypt,2000,6474450.0,7680.0,843029.0,174.8,Northern Africa,North Africa,0.0,6474450.0,0.0,7.679984911551085
Egypt,2000,6474450.0,7680.0,843029.0,24.54,Northern Africa,North Africa,0.0,6474450.0,0.0,7.679984911551085
Egypt,2001,6093578.0,6979.8,873035.0,613.0,Northern Africa,North Africa,-5.882692738379324,6347492.666666667,-4.00023568361219,6.979763697904437
Egypt,2001,6093578.0,6979.8,873035.0,613.0,Northern Africa,North Africa,0.0,6220535.333333333,-2.0409390274341828,6.979763697904437
Egypt,2001,6093578.0,6979.8,873035.0,154.3,Northern Africa,North Africa,0.0,6093578.0,0.0,6.979763697904437
Egypt,2001,6093578.0,6979.8,873035.0,24.78,Northern Africa,North Africa,0.0,6093578.0,0.0,6.979763697904437
Egypt,2002,6430962.0,7765.6,828132.0,629.0,Northern Africa,North Africa,5.5367142260261515,6206039.333333333,3.6242546104821174,7.765624320760458
Egypt,2002,6430962.0,7765.6,828132.0,629.0,Northern Africa,North Africa,0.0,6318500.666666667,1.7798737274275251,7.765624320760458
Egypt,2002,6430962.0,7765.6,828132.0,139.8,Northern Africa,North Africa,0.0,6430962.0,0.0,7.765624320760458
Egypt,2002,6430962.0,7765.6,828132.0,25.43,Northern Africa,North Africa,0.0,6430962.0,0.0,7.765624320760458
Egypt,2003,6530427.0,7829.3,834103.0,693.0,Northern Africa,North Africa,1.5466581827104475,6464117.0,1.025816828501093,7.829281275813658
Egypt,2003,6530427.0,7829.3,834103.0,693.0,Northern Africa,North Africa,0.0,6497272.0,0.5102910883213755,7.829281275813658
Egypt,2003,6530427.0,7829.3,834103.0,118.4,Northern Africa,North Africa,0.0,6530427.0,0.0,7.829281275813658
Egypt,2003,6530427.0,7829.3,834103.0,28.02,Northern Africa,North Africa,0.0,6530427.0,0.0,7.829281275813658
Egypt,2004,6236140.0,7908.7,788520.0,1036.0,Northern Africa,North Africa,-4.50639751428199,6432331.333333333,-3.0500812717255292,7.908664333181149
Egypt,2004,6236140.0,7908.7,788520.0,1036.0,Northern Africa,North Africa,0.0,6334235.666666667,-1.548658304314227,7.908664333181149
Egypt,2004,6236140.0,7908.7,788520.0,167.2,Northern Africa,North Africa,0.0,6236140.0,0.0,7.908664333181149
Egypt,2004,6236140.0,7908.7,788520.0,41.88,Northern Africa,North Africa,0.0,6236140.0,0.0,7.908664333181149
Egypt,2005,7085190.0,8160.7,868210.0,1036.0,Northern Africa,North Africa,13.614992607606634,6519156.666666667,8.68261590072744,8.160686930581312
Egypt,2005,7085190.0,8160.7,868210.0,1036.0,Northern Africa,North Africa,0.0,6802173.333333333,4.160680017955051,8.160686930581312
Egypt,2005,7085190.0,8160.7,868210.0,179.3,Northern Africa,North Africa,0.0,7085190.0,0.0,8.160686930581312
Egypt,2005,7085190.0,8160.7,868210.0,41.88,Northern Africa,North Africa,0.0,7085190.0,0.0,8.160686930581312
Egypt,2006,6374300.0,8370.5,761524.0,1079.0,Northern Africa,North Africa,-10.03346416962707,6848226.666666667,-6.920429035643296,8.370451883328693
Egypt,2006,6374300.0,8370.5,761524.0,1079.0,Northern Africa,North Africa,0.0,6611263.333333333,-3.5842367999257787,8.370451883328693
Egypt,2006,6374300.0,8370.5,761524.0,188.2,Northern Africa,North Africa,0.0,6374300.0,0.0,8.370451883328693
Egypt,2006,6374300.0,8370.5,761524.0,43.62,Northern Africa,North Africa,0.0,6374300.0,0.0,8.370451883328693
Egypt,2007,6243220.0,8046.3,775910.0,1586.0,Northern Africa,North Africa,-2.0563826616255887,6330606.666666667,-1.3803837652210316,8.046319805132038
Egypt,2007,6243220.0,8046.3,775910.0,1586.0,Northern Africa,North Africa,0.0,6286913.333333333,-0.6949886377734865,8.046319805132038
Egypt,2007,6243220.0,8046.3,775910.0,281.4,Northern Africa,North Africa,0.0,6243220.0,0.0,8.046319805132038
Egypt,2007,6243220.0,8046.3,775910.0,64.12,Northern Africa,North Africa,0.0,6243220.0,0.0,8.046319805132038
Egypt,2008,7401412.0,7905.3,936254.0,1415.0,Northern Africa,North Africa,18.551196337787236,6629284.0,11.647230681322448,7.905346198787936
Egypt,2008,7401412.0,7905.3,936254.0,1415.0,Northern Africa,North Africa,0.0,7015348.0,5.5031339856554515,7.905346198787936
Egypt,2008,7401412.0,7905.3,936254.0,260.5,Northern Africa,North Africa,0.0,7401412.0,0.0,7.905346198787936
Egypt,2008,7401412.0,7905.3,936254.0,57.2,Northern Africa,North Africa,0.0,7401412.0,0.0,7.905346198787936
Egypt,2009,7686091.0,7818.4,983081.0,1394.0,Northern Africa,North Africa,3.8462796017840972,7496305.0,2.5317272976486414,7.8183700020649365
Egypt,2009,7686091.0,7818.4,983081.0,1394.0,Northern Africa,North Africa,0.0,7591198.0,1.2500398487827613,7.8183700020649365
Egypt,2009,7686091.0,7818.4,983081.0,251.4,Northern Africa,North Africa,0.0,7686091.0,0.0,7.8183700020649365
Egypt,2009,7686091.0,7818.4,983081.0,56.35,Northern Africa,North Africa,0.0,7686091.0,0.0,7.8183700020649365
Egypt,2010,7041099.0,7270.0,968519.0,1879.0,Northern Africa,North Africa,-8.39167790233033,7471093.666666667,-5.755444729399506,7.269964760629374
Egypt,2010,7041099.0,7270.0,968519.0,1879.0,Northern Africa,North Africa,0.0,7256096.333333333,-2.962988960684963,7.269964760629374
Egypt,2010,7041099.0,7270.0,968519.0,334.2,Northern Africa,North Africa,0.0,7041099.0,0.0,7.269964760629374
Egypt,2010,7041099.0,7270.0,968519.0,75.96,Northern Africa,North Africa,0.0,7041099.0,0.0,7.269964760629374
Egypt,2011,6876473.0,7740.9,888329.0,1936.0,Northern Africa,North Africa,-2.338072508283151,6986223.666666667,-1.5709583875809725,7.740907929382019
Egypt,2011,6876473.0,7740.9,888329.0,1936.0,Northern Africa,North Africa,0.0,6931348.333333333,-0.7916978154082049,7.740907929382019
Egypt,2011,6876473.0,7740.9,888329.0,326.3,Northern Africa,North Africa,0.0,6876473.0,0.0,7.740907929382019
Egypt,2011,6876473.0,7740.9,888329.0,78.26,Northern Africa,North Africa,0.0,6876473.0,0.0,7.740907929382019
Egypt,2012,8093646.0,7772.3,1041345.0,2174.0,Northern Africa,North Africa,17.700542123847505,7282197.333333333,11.142909612629746,7.772300246316062
Egypt,2012,8093646.0,7772.3,1041345.0,2174.0,Northern Africa,North Africa,0.0,7687921.666666667,5.2774254333583395,7.772300246316062
Egypt,2012,8093646.0,7772.3,1041345.0,359.0,Northern Africa,North Africa,0.0,8093646.0,0.0,7.772300246316062
Egypt,2012,8093646.0,7772.3,1041345.0,87.89,Northern Africa,North Africa,0.0,8093646.0,0.0,7.772300246316062
Egypt,2013,7956593.0,7722.3,1030339.0,2234.0,Northern Africa,North Africa,-1.6933406773659287,8047961.666666667,-1.1353019615525874,7.722305959494885
Egypt,2013,7956593.0,7722.3,1030339.0,2234.0,Northern Africa,North Africa,0.0,8002277.333333333,-0.5708916528428202,7.722305959494885
Egypt,2013,7956593.0,7722.3,1030339.0,325.2,Northern Africa,North Africa,0.0,7956593.0,0.0,7.722305959494885
Egypt,2013,7956593.0,7722.3,1030339.0,90.31,Northern Africa,North Africa,0.0,7956593.0,0.0,7.722305959494885
Egypt,2014,8059906.0,7755.6,1039241.0,2271.0,Northern Africa,North Africa,1.298457769550354,7991030.666666667,0.8619080091963067,7.755569689802462
Egypt,2014,8059906.0,7755.6,1039241.0,2271.0,Northern Africa,North Africa,0.0,8025468.333333333,0.4291047604490826,7.755569689802462
Egypt,2014,8059906.0,7755.6,1039241.0,320.9,Northern Africa,North Africa,0.0,8059906.0,0.0,7.755569689802462
Egypt,2014,8059906.0,7755.6,1039241.0,91.81,Northern Africa,North Africa,0.0,8059906.0,0.0,7.755569689802462
Egypt,2015,7803183.0,7354.6,1060996.0,2692.0,Northern Africa,North Africa,-3.185186030705567,7974331.666666667,-2.1462446487156015,7.354582863648873
Egypt,2015,7803183.0,7354.6,1060996.0,2692.0,Northern Africa,North Africa,0.0,7888757.333333333,-1.0847631599941008,7.354582863648873
Egypt,2015,7803183.0,7354.6,1060996.0,350.0,Northern Africa,North Africa,0.0,7803183.0,0.0,7.354582863648873
Egypt,2015,7803183.0,7354.6,1060996.0,108.83,Northern Africa,North Africa,0.0,7803183.0,0.0,7.354582863648873
Egypt,2016,7817640.0,7607.1,1027682.0,2458.0,Northern Africa,North Africa,0.18527054921049224,7808002.0,0.123437468381796,7.60706132830973
Egypt,2016,7817640.0,7607.1,1027682.0,2458.0,Northern Africa,North Africa,0.0,7812821.0,0.06168066566480916,7.60706132830973
Egypt,2016,7817640.0,7607.1,1027682.0,245.2,Northern Africa,North Africa,0.0,7817640.0,0.0,7.60706132830973
Egypt,2016,7817640.0,7607.1,1027682.0,99.37,Northern Africa,North Africa,0.0,7817640.0,0.0,7.60706132830973
Egypt,2017,8542635.0,7789.5,1096680.0,2857.0,Northern Africa,North Africa,9.273834558767092,8059305.0,5.9971672495333035,7.789542072436809
Egypt,2017,8542635.0,7789.5,1096680.0,4600.0,Northern Africa,North Africa,0.0,8300970.0,2.9112862713634673,7.789542072436809
Egypt,2017,8542635.0,7789.5,1096680.0,4820.0,Northern Africa,North Africa,0.0,8542635.0,0.0,7.789542072436809
Egypt,2017,8542635.0,7789.5,1096680.0,4880.0,Northern Africa,North Africa,0.0,8542635.0,0.0,7.789542072436809
Egypt,2017,8542635.0,7789.5,1096680.0,4880.0,Northern Africa,North Africa,0.0,8542635.0,0.0,7.789542072436809
Egypt,2017,8542635.0,7789.5,1096680.0,4880.0,Northern Africa,North Africa,0.0,8542635.0,0.0,7.789542072436809
Egypt,2017,8542635.0,7789.5,1096680.0,4990.0,Northern Africa,North Africa,0.0,8542635.0,0.0,7.789542072436809
Egypt,2017,8542635.0,7789.5,1096680.0,5120.0,Northern Africa,North Africa,0.0,8542635.0,0.0,7.789542072436809
Egypt,2017,8542635.0,7789.5,1096680.0,5240.0,Northern Africa,North Africa,0.0,8542635.0,0.0,7.789542072436809
Egypt,2017,8542635.0,7789.5,1096680.0,5360.0,Northern Africa,North Africa,0.0,8542635.0,0.0,7.789542072436809
Egypt,2017,8542635.0,7789.5,1096680.0,5360.0,Northern Africa,North Africa,0.0,8542635.0,0.0,7.789542072436809
Egypt,2017,8542635.0,7789.5,1096680.0,5320.0,Northern Africa,North Africa,0.0,8542635.0,0.0,7.789542072436809
Egypt,2017,8542635.0,7789.5,1096680.0,5320.0,Northern Africa,North Africa,0.0,8542635.0,0.0,7.789542072436809
Egypt,2017,8542635.0,7789.5,1096680.0,2857.0,Northern Africa,North Africa,0.0,8542635.0,0.0,7.789542072436809
Egypt,2017,8542635.0,7789.5,1096680.0,160.7,Northern Africa,North Africa,0.0,8542635.0,0.0,7.789542072436809
Egypt,2017,8542635.0,7789.5,1096680.0,115.5,Northern Africa,North Africa,0.0,8542635.0,0.0,7.789542072436809
Egypt,2018,5111236.0,7516.2,680025.0,2933.0,Northern Africa,North Africa,-40.16792242674537,7398835.333333333,-30.91837066608591,7.516247196794236
Egypt,2018,5111236.0,7516.2,680025.0,2933.0,Northern Africa,North Africa,0.0,6255035.666666667,-18.286061465037214,7.516247196794236
Egypt,2018,5111236.0,7516.2,680025.0,165.1,Northern Africa,North Africa,0.0,5111236.0,0.0,7.516247196794236
Egypt,2018,5111236.0,7516.2,680025.0,118.57,Northern Africa,North Africa,0.0,5111236.0,0.0,7.516247196794236
Egypt,2019,7593140.0,4951.3,1533571.0,5454.1,Northern Africa,North Africa,48.55780480494347,5938537.333333333,27.862124523142967,4.951280377628424
Egypt,2019,7593140.0,4951.3,1533571.0,4030.0,Northern Africa,North Africa,0.0,6765838.666666667,12.227624306343687,4.951280377628424
Egypt,2019,7593140.0,4951.3,1533571.0,4148.0,Northern Africa,North Africa,0.0,7593140.0,0.0,4.951280377628424
Egypt,2019,7593140.0,4951.3,1533571.0,4190.0,Northern Africa,North Africa,0.0,7593140.0,0.0,4.951280377628424
Egypt,2019,7593140.0,4951.3,1533571.0,4188.0,Northern Africa,North Africa,0.0,7593140.0,0.0,4.951280377628424
Egypt,2019,7593140.0,4951.3,1533571.0,4223.0,Northern Africa,North Africa,0.0,7593140.0,0.0,4.951280377628424
Egypt,2019,7593140.0,4951.3,1533571.0,4292.0,Northern Africa,North Africa,0.0,7593140.0,0.0,4.951280377628424
Egypt,2019,7593140.0,4951.3,1533571.0,4359.0,Northern Africa,North Africa,0.0,7593140.0,0.0,4.951280377628424
Egypt,2019,7593140.0,4951.3,1533571.0,4336.0,Northern Africa,North Africa,0.0,7593140.0,0.0,4.951280377628424
Egypt,2019,7593140.0,4951.3,1533571.0,4339.0,Northern Africa,North Africa,0.0,7593140.0,0.0,4.951280377628424
Egypt,2019,7593140.0,4951.3,1533571.0,4104.0,Northern Africa,North Africa,0.0,7593140.0,0.0,4.951280377628424
Egypt,2019,7593140.0,4951.3,1533571.0,4059.0,Northern Africa,North Africa,0.0,7593140.0,0.0,4.951280377628424
Egypt,2019,7593140.0,4951.3,1533571.0,4046.0,Northern Africa,North Africa,0.0,7593140.0,0.0,4.951280377628424
Egypt,2019,7593140.0,4951.3,1533571.0,5454.1,Northern Africa,North Africa,0.0,7593140.0,0.0,4.951280377628424
Egypt,2019,7593140.0,4951.3,1533571.0,325.2,Northern Africa,North Africa,0.0,7593140.0,0.0,4.951280377628424
Egypt,2019,7593140.0,4951.3,1533571.0,220.49,Northern Africa,North Africa,0.0,7593140.0,0.0,4.951280377628424
Egypt,2020,7593175.0,7776.7,976401.0,5571.4,Northern Africa,North Africa,0.0004609423769341703,7593151.666666667,0.00030729444580245084,7.776697279089227
Egypt,2020,7593175.0,7776.7,976401.0,5313.8,Northern Africa,North Africa,0.0,7593163.333333333,0.00015364698683302972,7.776697279089227
Egypt,2020,7593175.0,7776.7,976401.0,5245.1,Northern Africa,North Africa,0.0,7593175.0,0.0,7.776697279089227
Egypt,2020,7593175.0,7776.7,976401.0,5265.1,Northern Africa,North Africa,0.0,7593175.0,0.0,7.776697279089227
Egypt,2020,7593175.0,7776.7,976401.0,5282.7,Northern Africa,North Africa,0.0,7593175.0,0.0,7.776697279089227
Egypt,2020,7593175.0,7776.7,976401.0,5292.6,Northern Africa,North Africa,0.0,7593175.0,0.0,7.776697279089227
Egypt,2020,7593175.0,7776.7,976401.0,5287.6,Northern Africa,North Africa,0.0,7593175.0,0.0,7.776697279089227
Egypt,2020,7593175.0,7776.7,976401.0,5561.3,Northern Africa,North Africa,0.0,7593175.0,0.0,7.776697279089227
Egypt,2020,7593175.0,7776.7,976401.0,5608.4,Northern Africa,North Africa,0.0,7593175.0,0.0,7.776697279089227
Egypt,2020,7593175.0,7776.7,976401.0,5981.9,Northern Africa,North Africa,0.0,7593175.0,0.0,7.776697279089227
Egypt,2020,7593175.0,7776.7,976401.0,6006.3,Northern Africa,North Africa,0.0,7593175.0,0.0,7.776697279089227
Egypt,2020,7593175.0,7776.7,976401.0,5996.4,Northern Africa,North Africa,0.0,7593175.0,0.0,7.776697279089227
Egypt,2020,7593175.0,7776.7,976401.0,6016.2,Northern Africa,North Africa,0.0,7593175.0,0.0,7.776697279089227
Egypt,2020,7593175.0,7776.7,976401.0,5571.4,Northern Africa,North Africa,0.0,7593175.0,0.0,7.776697279089227
Egypt,2020,7593175.0,7776.7,976401.0,353.5,Northern Africa,North Africa,0.0,7593175.0,0.0,7.776697279089227
Egypt,2020,7593175.0,7776.7,976401.0,225.23,Northern Africa,North Africa,0.0,7593175.0,0.0,7.776697279089227
Egypt,2021,8035715.0,7827.6,1026585.0,4565.6,Northern Africa,North Africa,5.82812854965149,7740688.333333333,3.811375086582528,7.82761778128455
Egypt,2021,8035715.0,7827.6,1026585.0,4565.6,Northern Africa,North Africa,0.0,7888201.666666667,1.8700502290234682,7.82761778128455
Egypt,2021,8035715.0,7827.6,1026585.0,291.8,Northern Africa,North Africa,0.0,8035715.0,0.0,7.82761778128455
Egypt,2021,8035715.0,7827.6,1026585.0,184.57,Northern Africa,North Africa,0.0,8035715.0,0.0,7.82761778128455
Egypt,2022,6857490.0,7508.3,913318.0,9436.0,Northern Africa,North Africa,-14.662354252235177,7642973.333333333,-10.27719578593322,7.508326782128459
Egypt,2022,6857490.0,7508.3,913318.0,5030.2,Northern Africa,North Africa,0.0,7250231.666666667,-5.416953343329952,7.508326782128459
Egypt,2022,6857490.0,7508.3,913318.0,4960.3,Northern Africa,North Africa,0.0,6857490.0,0.0,7.508326782128459
Egypt,2022,6857490.0,7508.3,913318.0,5130.3,Northern Africa,North Africa,0.0,6857490.0,0.0,7.508326782128459
Egypt,2022,6857490.0,7508.3,913318.0,5370.1,Northern Africa,North Africa,0.0,6857490.0,0.0,7.508326782128459
Egypt,2022,6857490.0,7508.3,913318.0,5630.2,Northern Africa,North Africa,0.0,6857490.0,0.0,7.508326782128459
Egypt,2022,6857490.0,7508.3,913318.0,5650.0,Northern Africa,North Africa,0.0,6857490.0,0.0,7.508326782128459
Egypt,2022,6857490.0,7508.3,913318.0,5810.2,Northern Africa,North Africa,0.0,6857490.0,0.0,7.508326782128459
Egypt,2022,6857490.0,7508.3,913318.0,6650.0,Northern Africa,North Africa,0.0,6857490.0,0.0,7.508326782128459
Egypt,2022,6857490.0,7508.3,913318.0,6880.0,Northern Africa,North Africa,0.0,6857490.0,0.0,7.508326782128459
Egypt,2022,6857490.0,7508.3,913318.0,7260.1,Northern Africa,North Africa,0.0,6857490.0,0.0,7.508326782128459
Egypt,2022,6857490.0,7508.3,913318.0,7790.2,Northern Africa,North Africa,0.0,6857490.0,0.0,7.508326782128459
Egypt,2022,6857490.0,7508.3,913318.0,10230.1,Northern Africa,North Africa,0.0,6857490.0,0.0,7.508326782128459
Egypt,2022,6857490.0,7508.3,913318.0,9436.0,Northern Africa,North Africa,0.0,6857490.0,0.0,7.508326782128459
Egypt,2022,6857490.0,7508.3,913318.0,492.5,Northern Africa,North Africa,0.0,6857490.0,0.0,7.508326782128459
Egypt,2022,6857490.0,7508.3,913318.0,381.46,Northern Africa,North Africa,0.0,6857490.0,0.0,7.508326782128459
Egypt,2023,7446859.0,7623.5,976832.0,14400.0,Northern Africa,North Africa,8.594529485278146,7053946.333333333,5.570111368865442,7.623479779532202
Egypt,2023,7446859.0,7623.5,976832.0,14400.0,Northern Africa,North Africa,0.0,7250402.666666667,2.709592037370977,7.623479779532202
Egypt,2023,7446859.0,7623.5,976832.0,470.2,Northern Africa,North Africa,0.0,7446859.0,0.0,7.623479779532202
Egypt,2023,7446859.0,7623.5,976832.0,582.13,Northern Africa,North Africa,0.0,7446859.0,0.0,7.623479779532202
Egypt,2024,7206000.0,7585.3,950000.0,16251.2,Northern Africa,North Africa,-3.2343703566832693,7366572.666666667,-2.179747270983281,7.585263157894737
Egypt,2024,7206000.0,7585.3,950000.0,16636.9,Northern Africa,North Africa,0.0,7286286.333333333,-1.1018827652440555,7.585263157894737
Egypt,2024,7206000.0,7585.3,950000.0,16006.9,Northern Africa,North Africa,0.0,7206000.0,0.0,7.585263157894737
Egypt,2024,7206000.0,7585.3,950000.0,16628.3,Northern Africa,North Africa,0.0,7206000.0,0.0,7.585263157894737
Egypt,2024,7206000.0,7585.3,950000.0,17015.5,Northern Africa,North Africa,0.0,7206000.0,0.0,7.585263157894737
Egypt,2024,7206000.0,7585.3,950000.0,17340.2,Northern Africa,North Africa,0.0,7206000.0,0.0,7.585263157894737
Egypt,2024,7206000.0,7585.3,950000.0,17456.3,Northern Africa,North Africa,0.0,7206000.0,0.0,7.585263157894737
Egypt,2024,7206000.0,7585.3,950000.0,18250.0,Northern Africa,North Africa,0.0,7206000.0,0.0,7.585263157894737
Egypt,2024,7206000.0,7585.3,950000.0,18956.3,Northern Africa,North Africa,0.0,7206000.0,0.0,7.585263157894737
Egypt,2024,7206000.0,7585.3,950000.0,19190.8,Northern Africa,North Africa,0.0,7206000.0,0.0,7.585263157894737
Egypt,2024,7206000.0,7585.3,950000.0,19108.9,Northern Africa,North Africa,0.0,7206000.0,0.0,7.585263157894737
Egypt,2024,7206000.0,7585.3,950000.0,19942.3,Northern Africa,North Africa,0.0,7206000.0,0.0,7.585263157894737
Egypt,2024,7206000.0,7585.3,950000.0,469.11,Northern Africa,North Africa,0.0,7206000.0,0.0,7.585263157894737
Eritrea,2000,5315.0,235.8,22541.0,3410.0,Eastern Africa,East Africa,,5315.0,0.0,0.23579255578723216
Eritrea,2000,5315.0,235.8,22541.0,3410.0,Eastern Africa,East Africa,0.0,5315.0,0.0,0.23579255578723216
Eritrea,2000,5315.0,235.8,22541.0,354.3,Eastern Africa,East Africa,0.0,5315.0,0.0,0.23579255578723216
Eritrea,2000,5315.0,235.8,22541.0,18.24,Eastern Africa,East Africa,0.0,5315.0,0.0,0.23579255578723216
Eritrea,2001,9051.0,785.1,11529.0,2910.0,Eastern Africa,East Africa,70.29162746942615,6560.333333333333,37.96555053096896,0.785063752276867
Eritrea,2001,9051.0,785.1,11529.0,2910.0,Eastern Africa,East Africa,0.0,7805.666666666667,15.954221292223595,0.785063752276867
Eritrea,2001,9051.0,785.1,11529.0,257.3,Eastern Africa,East Africa,0.0,9051.0,0.0,0.785063752276867
Eritrea,2001,9051.0,785.1,11529.0,15.56,Eastern Africa,East Africa,0.0,9051.0,0.0,0.785063752276867
Eritrea,2002,3008.0,207.6,14491.0,3750.0,Eastern Africa,East Africa,-66.76610319301734,7036.666666666667,-57.25248697299858,0.20757711683113655
Eritrea,2002,3008.0,207.6,14491.0,3750.0,Eastern Africa,East Africa,0.0,5022.333333333333,-40.107519745138376,0.20757711683113655
Eritrea,2002,3008.0,207.6,14491.0,268.7,Eastern Africa,East Africa,0.0,3008.0,0.0,0.20757711683113655
Eritrea,2002,3008.0,207.6,14491.0,20.06,Eastern Africa,East Africa,0.0,3008.0,0.0,0.20757711683113655
Eritrea,2003,4456.0,333.5,13362.0,23.23,Eastern Africa,East Africa,48.13829787234043,3490.6666666666665,27.654698242933545,0.33348301152522075
Eritrea,2004,2291.0,240.9,9509.0,30.42,Eastern Africa,East Africa,-48.58617594254937,3251.6666666666665,-29.543823680164017,0.2409296455989063
Eritrea,2005,13581.0,490.6,27685.0,29.7,Eastern Africa,East Africa,492.7979048450458,6776.0,100.42798110979929,0.4905544518692433
Eritrea,2006,28404.0,975.5,29116.0,33.06,Eastern Africa,East Africa,109.1451292246521,14758.666666666666,92.45640979311591,0.9755460914960846
Eritrea,2007,13686.0,832.1,16448.0,35.47,Eastern Africa,East Africa,-51.816645542881275,18557.0,-26.248854879560273,0.8320768482490273
Eritrea,2008,4148.0,212.3,19534.0,41.18,Eastern Africa,East Africa,-69.69165570656145,15412.666666666666,-73.08707124010554,0.21234770144363674
Eritrea,2009,16652.0,868.9,19164.0,53.32,Eastern Africa,East Africa,301.4464802314368,11495.333333333334,44.8587832743722,0.8689208933416823
Eritrea,2010,18000.0,900.0,20000.0,59.5,Eastern Africa,East Africa,8.095123708863806,12933.333333333334,39.17525773195876,0.9
Eritrea,2011,20000.0,952.4,21000.0,67.44,Eastern Africa,East Africa,11.111111111111116,18217.333333333332,9.78555222132768,0.9523809523809523
Eritrea,2012,22000.0,1047.6,21000.0,74.71,Eastern Africa,East Africa,10.000000000000009,20000.0,10.0,1.0476190476190477
Eritrea,2013,20000.0,1000.0,20000.0,82.12,Eastern Africa,East Africa,-9.090909090909093,20666.666666666668,-3.225806451612909,1.0
Eritrea,2014,18000.0,947.4,19000.0,90.49,Eastern Africa,East Africa,-9.999999999999998,20000.0,-10.0,0.9473684210526315
Eritrea,2015,20000.0,1000.0,20000.0,99.47,Eastern Africa,East Africa,11.111111111111116,19333.333333333332,3.4482758620689715,1.0
Eritrea,2016,20000.0,1000.0,20000.0,110.04,Eastern Africa,East Africa,0.0,19333.333333333332,3.4482758620689715,1.0
Eritrea,2017,20000.0,1000.0,20000.0,121.71,Eastern Africa,East Africa,0.0,20000.0,0.0,1.0
Eritrea,2018,20000.0,1000.0,20000.0,113.45,Eastern Africa,East Africa,0.0,20000.0,0.0,1.0
Eritrea,2019,20000.0,1000.0,20000.0,127.57,Eastern Africa,East Africa,0.0,20000.0,0.0,1.0
Eritrea,2020,20000.0,1000.0,20000.0,133.91,Eastern Africa,East Africa,0.0,20000.0,0.0,1.0
Eritrea,2021,20000.0,1000.0,20000.0,136.13,Eastern Africa,East Africa,0.0,20000.0,0.0,1.0
Eritrea,2022,20000.0,1000.0,20000.0,136.98,Eastern Africa,East Africa,0.0,20000.0,0.0,1.0
Eritrea,2023,20000.0,1000.0,20000.0,137.14,Eastern Africa,East Africa,0.0,20000.0,0.0,1.0
Eritrea,2024,20000.0,1000.0,20000.0,171.45,Eastern Africa,East Africa,0.0,20000.0,0.0,1.0
Ethiopia,2000,2682940.0,1620.4,1655750.0,980.0,Eastern Africa,East Africa,,2682940.0,0.0,1.6203774724445115
Ethiopia,2000,2682940.0,1620.4,1655750.0,980.0,Eastern Africa,East Africa,0.0,2682940.0,0.0,1.6203774724445115
Ethiopia,2000,2682940.0,1620.4,1655750.0,119.3,Eastern Africa,East Africa,0.0,2682940.0,0.0,1.6203774724445115
Ethiopia,2000,2682940.0,1620.4,1655750.0,22.65,Eastern Africa,East Africa,0.0,2682940.0,0.0,1.6203774724445115
Ethiopia,2001,3298330.0,1742.7,1892690.0,670.0,Eastern Africa,East Africa,22.937151035804003,2888070.0,14.205334358239238,1.7426678431227511
Ethiopia,2001,3298330.0,1742.7,1892690.0,670.0,Eastern Africa,East Africa,0.0,3093200.0,6.631643605327815,1.7426678431227511
Ethiopia,2001,3298330.0,1742.7,1892690.0,79.2,Eastern Africa,East Africa,0.0,3298330.0,0.0,1.7426678431227511
Ethiopia,2001,3298330.0,1742.7,1892690.0,15.49,Eastern Africa,East Africa,0.0,3298330.0,0.0,1.7426678431227511
Ethiopia,2002,2825555.0,1875.3,1506759.0,570.0,Eastern Africa,East Africa,-14.333768907295507,3140738.3333333335,-10.03532608839854,1.8752534413267152
Ethiopia,2002,2825555.0,1875.3,1506759.0,570.0,Eastern Africa,East Africa,0.0,2983146.6666666665,-5.282732774341183,1.8752534413267152
Ethiopia,2002,2825555.0,1875.3,1506759.0,66.5,Eastern Africa,East Africa,0.0,2825555.0,0.0,1.8752534413267152
Ethiopia,2002,2825555.0,1875.3,1506759.0,13.17,Eastern Africa,East Africa,0.0,2825555.0,0.0,1.8752534413267152
Ethiopia,2003,2743880.0,1531.9,1791115.0,1088.0,Eastern Africa,East Africa,-2.8905825581169053,2798330.0,-1.9458033898789635,1.5319396018681102
Ethiopia,2003,2743880.0,1531.9,1791115.0,1088.0,Eastern Africa,East Africa,0.0,2771105.0,-0.982460065569511,1.5319396018681102
Ethiopia,2003,2743880.0,1531.9,1791115.0,126.5,Eastern Africa,East Africa,0.0,2743880.0,0.0,1.5319396018681102
Ethiopia,2003,2743880.0,1531.9,1791115.0,25.15,Eastern Africa,East Africa,0.0,2743880.0,0.0,1.5319396018681102
Ethiopia,2004,2906314.0,1613.2,1801566.0,1015.0,Eastern Africa,East Africa,5.919865300231786,2798024.6666666665,3.870206529034656,1.6132153914982854
Ethiopia,2004,2906314.0,1613.2,1801566.0,1015.0,Eastern Africa,East Africa,0.0,2852169.3333333335,1.8983678855907051,1.6132153914982854
Ethiopia,2004,2906314.0,1613.2,1801566.0,117.5,Eastern Africa,East Africa,0.0,2906314.0,0.0,1.6132153914982854
Ethiopia,2004,2906314.0,1613.2,1801566.0,23.46,Eastern Africa,East Africa,0.0,2906314.0,0.0,1.6132153914982854
Ethiopia,2005,3911869.0,2006.0,1950115.0,1253.0,Eastern Africa,East Africa,34.59898001385948,3241499.0,20.680864007670525,2.005968365968161
Ethiopia,2005,3911869.0,2006.0,1950115.0,1253.0,Eastern Africa,East Africa,0.0,3576684.0,9.371389812463164,2.005968365968161
Ethiopia,2005,3911869.0,2006.0,1950115.0,144.6,Eastern Africa,East Africa,0.0,3911869.0,0.0,2.005968365968161
Ethiopia,2005,3911869.0,2006.0,1950115.0,28.96,Eastern Africa,East Africa,0.0,3911869.0,0.0,2.005968365968161
Ethiopia,2006,4029630.0,2640.4,1526125.0,1200.0,Eastern Africa,East Africa,3.0103513180016916,3951122.6666666665,1.9869626927975277,2.6404324678515847
Ethiopia,2006,4029630.0,2640.4,1526125.0,1200.0,Eastern Africa,East Africa,0.0,3990376.3333333335,0.9837083870702548,2.6404324678515847
Ethiopia,2006,4029630.0,2640.4,1526125.0,138.0,Eastern Africa,East Africa,0.0,4029630.0,0.0,2.6404324678515847
Ethiopia,2006,4029630.0,2640.4,1526125.0,27.73,Eastern Africa,East Africa,0.0,4029630.0,0.0,2.6404324678515847
Ethiopia,2007,4281077.53,1823.2,2348154.0,2410.0,Eastern Africa,East Africa,6.239965704047279,4113445.8433333337,4.0752131680145345,1.823167275229819
Ethiopia,2007,4281077.53,1823.2,2348154.0,2410.0,Eastern Africa,East Africa,0.0,4197261.6866666665,1.996917266311733,1.823167275229819
Ethiopia,2007,4281077.53,1823.2,2348154.0,268.8,Eastern Africa,East Africa,0.0,4281077.53,0.0,1.823167275229819
Ethiopia,2007,4281077.53,1823.2,2348154.0,55.7,Eastern Africa,East Africa,0.0,4281077.53,0.0,1.823167275229819
Ethiopia,2008,4473011.03,1883.4,2374989.0,3360.0,Eastern Africa,East Africa,4.483298857706042,4345055.363333333,2.9448569918452105,1.8833817882945985
Ethiopia,2008,4473011.03,1883.4,2374989.0,3360.0,Eastern Africa,East Africa,0.0,4409033.196666666,1.4510626361739059,1.8833817882945985
Ethiopia,2008,4473011.03,1883.4,2374989.0,350.0,Eastern Africa,East Africa,0.0,4473011.03,0.0,1.8833817882945985
Ethiopia,2008,4473011.03,1883.4,2374989.0,77.66,Eastern Africa,East Africa,0.0,4473011.03,0.0,1.8833817882945985
Ethiopia,2009,4796706.24,1984.9,2416619.0,89.36,Eastern Africa,East Africa,7.236628924655264,4580909.433333334,4.710785266707193,1.9848831114875785
Ethiopia,2010,5481405.9,2192.6,2499980.0,2440.0,Eastern Africa,East Africa,14.274371323602253,4917041.056666667,11.477732986755349,2.1925799006392053
Ethiopia,2010,5481405.9,2192.6,2499980.0,2450.0,Eastern Africa,East Africa,0.0,5253172.680000001,4.344673855267208,2.1925799006392053
Ethiopia,2010,5481405.9,2192.6,2499980.0,2350.0,Eastern Africa,East Africa,0.0,5481405.9,0.0,2.1925799006392053
Ethiopia,2010,5481405.9,2192.6,2499980.0,2230.0,Eastern Africa,East Africa,0.0,5481405.9,0.0,2.1925799006392053
Ethiopia,2010,5481405.9,2192.6,2499980.0,2190.0,Eastern Africa,East Africa,0.0,5481405.9,0.0,2.1925799006392053
Ethiopia,2010,5481405.9,2192.6,2499980.0,2060.0,Eastern Africa,East Africa,0.0,5481405.9,0.0,2.1925799006392053
Ethiopia,2010,5481405.9,2192.6,2499980.0,1970.0,Eastern Africa,East Africa,0.0,5481405.9,0.0,2.1925799006392053
Ethiopia,2010,5481405.9,2192.6,2499980.0,1720.0,Eastern Africa,East Africa,0.0,5481405.9,0.0,2.1925799006392053
Ethiopia,2010,5481405.9,2192.6,2499980.0,1600.0,Eastern Africa,East Africa,0.0,5481405.9,0.0,2.1925799006392053
Ethiopia,2010,5481405.9,2192.6,2499980.0,1910.0,Eastern Africa,East Africa,0.0,5481405.9,0.0,2.1925799006392053
Ethiopia,2010,5481405.9,2192.6,2499980.0,1750.0,Eastern Africa,East Africa,0.0,5481405.9,0.0,2.1925799006392053
Ethiopia,2010,5481405.9,2192.6,2499980.0,2440.0,Eastern Africa,East Africa,0.0,5481405.9,0.0,2.1925799006392053
Ethiopia,2010,5481405.9,2192.6,2499980.0,169.3,Eastern Africa,East Africa,0.0,5481405.9,0.0,2.1925799006392053
Ethiopia,2010,5481405.9,2192.6,2499980.0,56.39,Eastern Africa,East Africa,0.0,5481405.9,0.0,2.1925799006392053
Ethiopia,2011,5747070.0,2221.3,2587240.0,2360.0,Eastern Africa,East Africa,4.846641625280834,5569960.600000001,3.1797244669917313,2.2213130594765076
Ethiopia,2011,5747070.0,2221.3,2587240.0,2080.0,Eastern Africa,East Africa,0.0,5658515.3,1.5649811886167417,2.2213130594765076
Ethiopia,2011,5747070.0,2221.3,2587240.0,2360.0,Eastern Africa,East Africa,0.0,5747070.0,0.0,2.2213130594765076
Ethiopia,2011,5747070.0,2221.3,2587240.0,139.7,Eastern Africa,East Africa,0.0,5747070.0,0.0,2.2213130594765076
Ethiopia,2011,5747070.0,2221.3,2587240.0,54.55,Eastern Africa,East Africa,0.0,5747070.0,0.0,2.2213130594765076
Ethiopia,2012,6700800.7,2593.3,2583900.0,4200.0,Eastern Africa,East Africa,16.595077143657555,6064980.233333333,10.483471375094949,2.593289484887186
Ethiopia,2012,6700800.7,2593.3,2583900.0,4200.0,Eastern Africa,East Africa,0.0,6382890.466666666,4.980662522622866,2.593289484887186
Ethiopia,2012,6700800.7,2593.3,2583900.0,237.2,Eastern Africa,East Africa,0.0,6700800.7,0.0,2.593289484887186
Ethiopia,2012,6700800.7,2593.3,2583900.0,97.07,Eastern Africa,East Africa,0.0,6700800.7,0.0,2.593289484887186
Ethiopia,2013,7105706.19,2740.3,2593066.0,4290.0,Eastern Africa,East Africa,6.042643381409629,6835769.196666666,3.9488898113318944,2.74027201390169
Ethiopia,2013,7105706.19,2740.3,2593066.0,4290.0,Eastern Africa,East Africa,0.0,6970737.693333334,1.9362153993507336,2.74027201390169
Ethiopia,2013,7105706.19,2740.3,2593066.0,230.3,Eastern Africa,East Africa,0.0,7105706.19,0.0,2.74027201390169
Ethiopia,2013,7105706.19,2740.3,2593066.0,99.15,Eastern Africa,East Africa,0.0,7105706.19,0.0,2.74027201390169
Ethiopia,2014,7729849.74,2950.2,2620090.0,4820.0,Eastern Africa,East Africa,8.783694868757298,7313754.04,5.689221947091895,2.9502229847066324
Ethiopia,2014,7729849.74,2950.2,2620090.0,4820.0,Eastern Africa,East Africa,0.0,7521801.890000001,2.765930996887763,2.9502229847066324
Ethiopia,2014,7729849.74,2950.2,2620090.0,246.1,Eastern Africa,East Africa,0.0,7729849.74,0.0,2.9502229847066324
Ethiopia,2014,7729849.74,2950.2,2620090.0,111.4,Eastern Africa,East Africa,0.0,7729849.74,0.0,2.9502229847066324
Ethiopia,2015,8211424.38,2776.5,2957510.0,4100.0,Eastern Africa,East Africa,6.230064699808757,7890374.62,4.068878544577896,2.7764654658817722
Ethiopia,2015,8211424.38,2776.5,2957510.0,3710.0,Eastern Africa,East Africa,0.0,8050899.5,1.9938750943295205,2.7764654658817722
Ethiopia,2015,8211424.38,2776.5,2957510.0,3990.0,Eastern Africa,East Africa,0.0,8211424.38,0.0,2.7764654658817722
Ethiopia,2015,8211424.38,2776.5,2957510.0,3800.0,Eastern Africa,East Africa,0.0,8211424.38,0.0,2.7764654658817722
Ethiopia,2015,8211424.38,2776.5,2957510.0,3910.0,Eastern Africa,East Africa,0.0,8211424.38,0.0,2.7764654658817722
Ethiopia,2015,8211424.38,2776.5,2957510.0,4190.0,Eastern Africa,East Africa,0.0,8211424.38,0.0,2.7764654658817722
Ethiopia,2015,8211424.38,2776.5,2957510.0,4580.0,Eastern Africa,East Africa,0.0,8211424.38,0.0,2.7764654658817722
Ethiopia,2015,8211424.38,2776.5,2957510.0,4260.0,Eastern Africa,East Africa,0.0,8211424.38,0.0,2.7764654658817722
Ethiopia,2015,8211424.38,2776.5,2957510.0,4260.0,Eastern Africa,East Africa,0.0,8211424.38,0.0,2.7764654658817722
Ethiopia,2015,8211424.38,2776.5,2957510.0,3900.0,Eastern Africa,East Africa,0.0,8211424.38,0.0,2.7764654658817722
Ethiopia,2015,8211424.38,2776.5,2957510.0,3650.0,Eastern Africa,East Africa,0.0,8211424.38,0.0,2.7764654658817722
Ethiopia,2015,8211424.38,2776.5,2957510.0,3660.0,Eastern Africa,East Africa,0.0,8211424.38,0.0,2.7764654658817722
Ethiopia,2015,8211424.38,2776.5,2957510.0,3920.0,Eastern Africa,East Africa,0.0,8211424.38,0.0,2.7764654658817722
Ethiopia,2015,8211424.38,2776.5,2957510.0,4100.0,Eastern Africa,East Africa,0.0,8211424.38,0.0,2.7764654658817722
Ethiopia,2015,8211424.38,2776.5,2957510.0,199.3,Eastern Africa,East Africa,0.0,8211424.38,0.0,2.7764654658817722
Ethiopia,2015,8211424.38,2776.5,2957510.0,94.76,Eastern Africa,East Africa,0.0,8211424.38,0.0,2.7764654658817722
Ethiopia,2016,8846787.38,2946.8,3002159.0,4060.0,Eastern Africa,East Africa,7.737549182666914,8423212.046666667,5.028667579382097,2.94680840688318
Ethiopia,2016,8846787.38,2946.8,3002159.0,3960.0,Eastern Africa,East Africa,0.0,8634999.713333333,2.4526655900132326,2.94680840688318
Ethiopia,2016,8846787.38,2946.8,3002159.0,4060.0,Eastern Africa,East Africa,0.0,8846787.38,0.0,2.94680840688318
Ethiopia,2016,8846787.38,2946.8,3002159.0,186.8,Eastern Africa,East Africa,0.0,8846787.38,0.0,2.94680840688318
Ethiopia,2016,8846787.38,2946.8,3002159.0,93.84,Eastern Africa,East Africa,0.0,8846787.38,0.0,2.94680840688318
Ethiopia,2017,10488192.84,3311.9,3166792.0,4810.0,Eastern Africa,East Africa,18.553689486318348,9393922.533333333,11.648704817223743,3.3119298141463034
Ethiopia,2017,10488192.84,3311.9,3166792.0,4810.0,Eastern Africa,East Africa,0.0,9941057.686666666,5.503792157520354,3.3119298141463034
Ethiopia,2017,10488192.84,3311.9,3166792.0,201.5,Eastern Africa,East Africa,0.0,10488192.84,0.0,3.3119298141463034
Ethiopia,2017,10488192.84,3311.9,3166792.0,111.17,Eastern Africa,East Africa,0.0,10488192.84,0.0,3.3119298141463034
Ethiopia,2018,10864092.0,3336.8,3255852.0,5640.0,Eastern Africa,East Africa,3.5840222022462287,10613492.56,2.3611402051051087,3.336789264376882
Ethiopia,2018,10864092.0,3336.8,3255852.0,5640.0,Eastern Africa,East Africa,0.0,10738792.28,1.1667952664785195,3.336789264376882
Ethiopia,2018,10864092.0,3336.8,3255852.0,205.6,Eastern Africa,East Africa,0.0,10864092.0,0.0,3.336789264376882
Ethiopia,2018,10864092.0,3336.8,3255852.0,130.35,Eastern Africa,East Africa,0.0,10864092.0,0.0,3.336789264376882
Ethiopia,2019,11555370.0,3655.2,3161370.0,122.85,Eastern Africa,East Africa,6.362961580222248,11094518.0,4.15387130833444,3.655177976636711
Ethiopia,2020,10945980.0,3711.2,2949450.0,145.13,Eastern Africa,East Africa,-5.273651990373307,11121814.0,-1.5809831022169585,3.7111936123684077
Ethiopia,2021,11737527.72,3433.0,3419008.0,164.91,Eastern Africa,East Africa,7.23140111712246,11412959.24,2.8438591006481193,3.4330214260978624
Ethiopia,2022,11853521.14,3488.5,3397887.0,159.46,Eastern Africa,East Africa,0.9882270165151974,11512342.953333333,2.9635860228423896,3.4884977458049664
Ethiopia,2023,11512342.95,3409.2,3376888.0,216.4,Eastern Africa,East Africa,-2.8782855825741693,11701130.603333334,-1.6134137779776065,3.409157469836133
Ethiopia,2024,11701130.61,3443.6,3397928.0,192.58,Eastern Africa,East Africa,1.6398717517358108,11688998.233333334,0.10379312601885221,3.443607577912186
Gabon,2000,25900.0,1618.8,16000.0,,Central Africa,Middle Africa,,25900.0,0.0,1.61875
Gabon,2001,25150.0,1524.2,16500.0,,Central Africa,Middle Africa,-2.895752895752901,25525.0,-1.4691478942213516,1.5242424242424242
Gabon,2002,24000.0,1428.6,16800.0,,Central Africa,Middle Africa,-4.572564612326047,25016.666666666668,-4.063957361758832,1.4285714285714286
Gabon,2003,31000.0,1521.9,20369.0,,Central Africa,Middle Africa,29.166666666666675,26716.666666666668,16.032439176543974,1.5219205655653198
Gabon,2004,30228.03,1542.2,19600.0,,Central Africa,Middle Africa,-2.490225806451618,28409.343333333334,6.401720185248906,1.5422464285714286
Gabon,2005,34169.58,1553.2,22000.0,,Central Africa,Middle Africa,13.039387614740372,31799.203333333335,7.454201420769348,1.5531627272727273
Gabon,2006,32000.0,1561.0,20500.0,,Central Africa,Middle Africa,-6.349448837240612,32132.536666666667,-0.41246873236795034,1.5609756097560976
Gabon,2007,33000.0,1650.0,20000.0,,Central Africa,Middle Africa,3.125,33056.526666666665,-0.17100001835239645,1.65
Gabon,2008,35003.96,1591.1,22000.0,,Central Africa,Middle Africa,6.072606060606067,33334.65333333333,5.007721694220922,1.591089090909091
Gabon,2009,38431.19,1568.6,24500.0,,Central Africa,Middle Africa,9.790977935067936,35478.38333333333,8.32283319937071,1.5686200000000001
Gabon,2010,39333.08,1573.3,25000.0,,Central Africa,Middle Africa,2.346765738973988,37589.41,4.638726705207659,1.5733232000000001
Gabon,2011,40913.5,1573.6,26000.0,,Central Africa,Middle Africa,4.0180428280724545,39559.256666666675,3.4233285643975058,1.5735961538461538
Gabon,2012,41707.52,1573.9,26500.0,,Central Africa,Middle Africa,1.9407286103608756,40651.36666666667,2.598075833448801,1.573868679245283
Gabon,2013,42501.82,1574.1,27000.0,,Central Africa,Middle Africa,1.9044527221949492,41707.613333333335,1.9042246803221503,1.5741414814814814
Gabon,2014,43117.41,1566.7,27521.0,,Central Africa,Middle Africa,1.448385033864441,42442.25,1.5907733449569792,1.5667094218960067
Gabon,2015,43730.71,1565.3,27937.0,,Central Africa,Middle Africa,1.4223952691035935,43116.64666666667,1.424190842299575,1.5653330708379567
Gabon,2016,44272.11,1562.9,28327.0,,Central Africa,Middle Africa,1.2380315800955444,43706.743333333325,1.293545626025845,1.5628944116920254
Gabon,2017,44733.65,1562.2,28634.0,,Central Africa,Middle Africa,1.0425073483057323,44245.49,1.1032988898981648,1.5622564084654607
Gabon,2018,45421.29,1560.6,29105.0,,Central Africa,Middle Africa,1.5371873298959393,44809.01666666666,1.3664065379698613,1.5606009276756572
Gabon,2019,45900.84,1561.9,29387.0,,Central Africa,Middle Africa,1.0557824315425623,45351.926666666666,1.2103418171576326,1.561943716609385
Gabon,2020,46271.71,1561.3,29637.0,,Central Africa,Middle Africa,0.8079808561237689,45864.613333333335,0.8876051427883643,1.5612818436413942
Gabon,2021,45864.61,1561.3,29376.0,,Central Africa,Middle Africa,-0.8798032318235061,46012.386666666665,-0.3211671407902006,1.5612952750544662
Gabon,2022,46012.39,1561.5,29467.0,,Central Africa,Middle Africa,0.3222092153405409,46049.57,-0.08073908181987431,1.5614887840635288
Gabon,2023,46049.57,1561.4,29493.0,,Central Africa,Middle Africa,0.08080432248791514,45975.52333333334,0.16105671300314714,1.5613728681382022
Gabon,2024,45975.52,1561.4,29446.0,,Central Africa,Middle Africa,-0.16080497602909416,46012.493333333325,-0.08035498764537265,1.561350268287713
Gambia,2000,22000.0,1605.8,13700.0,1720.0,Western Africa,West Africa,,22000.0,0.0,1.6058394160583942
Gambia,2000,22000.0,1605.8,13700.0,1720.0,Western Africa,West Africa,0.0,22000.0,0.0,1.6058394160583942
Gambia,2000,22000.0,1605.8,13700.0,134.5,Western Africa,West Africa,0.0,22000.0,0.0,1.6058394160583942
Gambia,2000,22000.0,1605.8,13700.0,10.37,Western Africa,West Africa,0.0,22000.0,0.0,1.6058394160583942
Gambia,2001,28988.0,1685.2,17202.0,2460.0,Western Africa,West Africa,31.763636363636373,24329.333333333332,19.14835315394312,1.6851528891989302
Gambia,2001,28988.0,1685.2,17202.0,2460.0,Western Africa,West Africa,0.0,26658.666666666668,8.73762128638591,1.6851528891989302
Gambia,2001,28988.0,1685.2,17202.0,156.8,Western Africa,West Africa,0.0,28988.0,0.0,1.6851528891989302
Gambia,2001,28988.0,1685.2,17202.0,14.83,Western Africa,West Africa,0.0,28988.0,0.0,1.6851528891989302
Gambia,2002,18580.0,1012.5,18350.0,4920.0,Western Africa,West Africa,-35.904512211949765,25518.666666666668,-27.190553320445165,1.0125340599455042
Gambia,2002,18580.0,1012.5,18350.0,4920.0,Western Africa,West Africa,0.0,22049.333333333332,-15.734413738888547,1.0125340599455042
Gambia,2002,18580.0,1012.5,18350.0,247.0,Western Africa,West Africa,0.0,18580.0,0.0,1.0125340599455042
Gambia,2002,18580.0,1012.5,18350.0,29.66,Western Africa,West Africa,0.0,18580.0,0.0,1.0125340599455042
Gambia,2003,33353.0,1584.9,21044.0,6180.0,Western Africa,West Africa,79.51022604951561,23504.333333333332,41.90149334165332,1.5849173160996008
Gambia,2003,33353.0,1584.9,21044.0,6180.0,Western Africa,West Africa,0.0,28428.666666666668,17.321717515184197,1.5849173160996008
Gambia,2003,33353.0,1584.9,21044.0,216.6,Western Africa,West Africa,0.0,33353.0,0.0,1.5849173160996008
Gambia,2003,33353.0,1584.9,21044.0,37.26,Western Africa,West Africa,0.0,33353.0,0.0,1.5849173160996008
Gambia,2004,29209.0,1207.0,24200.0,7520.0,Western Africa,West Africa,-12.424669445027437,31971.666666666668,-8.640984204764639,1.20698347107438
Gambia,2004,29209.0,1207.0,24200.0,7520.0,Western Africa,West Africa,0.0,30590.333333333332,-4.515587712894048,1.20698347107438
Gambia,2004,29209.0,1207.0,24200.0,250.4,Western Africa,West Africa,0.0,29209.0,0.0,1.20698347107438
Gambia,2004,29209.0,1207.0,24200.0,45.34,Western Africa,West Africa,0.0,29209.0,0.0,1.20698347107438
Gambia,2005,29002.0,1051.7,27576.0,8890.0,Western Africa,West Africa,-0.708685679071519,29140.0,-0.4735758407687028,1.0517116333043226
Gambia,2005,29002.0,1051.7,27576.0,8890.0,Western Africa,West Africa,0.0,29071.0,-0.23734993636269822,1.0517116333043226
Gambia,2005,29002.0,1051.7,27576.0,311.1,Western Africa,West Africa,0.0,29002.0,0.0,1.0517116333043226
Gambia,2005,29002.0,1051.7,27576.0,53.6,Western Africa,West Africa,0.0,29002.0,0.0,1.0517116333043226
Gambia,2006,27750.0,894.5,31023.0,6170.0,Western Africa,West Africa,-4.316943659057992,28584.666666666668,-2.9199804090771315,0.894497630790059
Gambia,2006,27750.0,894.5,31023.0,6170.0,Western Africa,West Africa,0.0,28167.333333333332,-1.4816217367636226,0.894497630790059
Gambia,2006,27750.0,894.5,31023.0,219.8,Western Africa,West Africa,0.0,27750.0,0.0,0.894497630790059
Gambia,2006,27750.0,894.5,31023.0,37.2,Western Africa,West Africa,0.0,27750.0,0.0,0.894497630790059
Gambia,2007,31408.0,868.7,36156.0,38.0,Western Africa,West Africa,13.181981981981972,28969.333333333332,8.418097298292452,0.8686801637349264
Gambia,2008,44894.0,1033.0,43460.0,38.57,Western Africa,West Africa,42.938104941416185,34684.0,29.437204474685736,1.0329958582604695
Gambia,2009,54625.0,1162.2,47000.0,6391.0,Western Africa,West Africa,21.675502294293224,43642.333333333336,25.165168376270742,1.1622340425531914
Gambia,2009,54625.0,1162.2,47000.0,6391.0,Western Africa,West Africa,0.0,51381.333333333336,6.312928171060821,1.1622340425531914
Gambia,2009,54625.0,1162.2,47000.0,239.9,Western Africa,West Africa,0.0,54625.0,0.0,1.1622340425531914
Gambia,2009,54625.0,1162.2,47000.0,38.53,Western Africa,West Africa,0.0,54625.0,0.0,1.1622340425531914
Gambia,2010,66000.0,1250.0,52800.0,6666.7,Western Africa,West Africa,20.823798627002297,58416.666666666664,12.981455064194014,1.25
Gambia,2010,66000.0,1250.0,52800.0,6666.7,Western Africa,West Africa,0.0,62208.333333333336,6.095110515740116,1.25
Gambia,2010,66000.0,1250.0,52800.0,238.0,Western Africa,West Africa,0.0,66000.0,0.0,1.25
Gambia,2010,66000.0,1250.0,52800.0,40.19,Western Africa,West Africa,0.0,66000.0,0.0,1.25
Gambia,2011,23613.0,934.9,25256.0,8009.6,Western Africa,West Africa,-64.22272727272727,51871.0,-54.47745368317557,0.934946151409566
Gambia,2011,23613.0,934.9,25256.0,8009.6,Western Africa,West Africa,0.0,37742.0,-37.43574797308039,0.934946151409566
Gambia,2011,23613.0,934.9,25256.0,271.9,Western Africa,West Africa,0.0,23613.0,0.0,0.934946151409566
Gambia,2011,23613.0,934.9,25256.0,48.29,Western Africa,West Africa,0.0,23613.0,0.0,0.934946151409566
Gambia,2012,30106.0,1064.3,28288.0,9102.6,Western Africa,West Africa,27.497564900690307,25777.333333333332,16.792530905705277,1.0642675339366516
Gambia,2012,30106.0,1064.3,28288.0,9102.6,Western Africa,West Africa,0.0,27941.666666666668,7.745899194750964,1.0642675339366516
Gambia,2012,30106.0,1064.3,28288.0,283.8,Western Africa,West Africa,0.0,30106.0,0.0,1.0642675339366516
Gambia,2012,30106.0,1064.3,28288.0,54.88,Western Africa,West Africa,0.0,30106.0,0.0,1.0642675339366516
Gambia,2013,33060.0,996.7,33170.0,9974.4,Western Africa,West Africa,9.811997608450152,31090.666666666668,6.33416244960974,0.9966837503768465
Gambia,2013,33060.0,996.7,33170.0,9423.0,Western Africa,West Africa,0.0,32075.333333333332,3.0698563797726224,0.9966837503768465
Gambia,2013,33060.0,996.7,33170.0,9423.0,Western Africa,West Africa,0.0,33060.0,0.0,0.9966837503768465
Gambia,2013,33060.0,996.7,33170.0,9423.0,Western Africa,West Africa,0.0,33060.0,0.0,0.9966837503768465
Gambia,2013,33060.0,996.7,33170.0,9423.0,Western Africa,West Africa,0.0,33060.0,0.0,0.9966837503768465
Gambia,2013,33060.0,996.7,33170.0,9423.0,Western Africa,West Africa,0.0,33060.0,0.0,0.9966837503768465
Gambia,2013,33060.0,996.7,33170.0,9615.0,Western Africa,West Africa,0.0,33060.0,0.0,0.9966837503768465
Gambia,2013,33060.0,996.7,33170.0,9692.0,Western Africa,West Africa,0.0,33060.0,0.0,0.9966837503768465
Gambia,2013,33060.0,996.7,33170.0,10385.0,Western Africa,West Africa,0.0,33060.0,0.0,0.9966837503768465
Gambia,2013,33060.0,996.7,33170.0,10769.0,Western Africa,West Africa,0.0,33060.0,0.0,0.9966837503768465
Gambia,2013,33060.0,996.7,33170.0,10385.0,Western Africa,West Africa,0.0,33060.0,0.0,0.9966837503768465
Gambia,2013,33060.0,996.7,33170.0,10769.0,Western Africa,West Africa,0.0,33060.0,0.0,0.9966837503768465
Gambia,2013,33060.0,996.7,33170.0,10962.0,Western Africa,West Africa,0.0,33060.0,0.0,0.9966837503768465
Gambia,2013,33060.0,996.7,33170.0,9974.4,Western Africa,West Africa,0.0,33060.0,0.0,0.9966837503768465
Gambia,2013,33060.0,996.7,33170.0,277.4,Western Africa,West Africa,0.0,33060.0,0.0,0.9966837503768465
Gambia,2013,33060.0,996.7,33170.0,60.13,Western Africa,West Africa,0.0,33060.0,0.0,0.9966837503768465
Gambia,2014,30289.0,825.2,36703.0,11154.0,Western Africa,West Africa,-8.381730187537805,32136.333333333332,-5.748425976827886,0.8252458927063183
Gambia,2014,30289.0,825.2,36703.0,75.33,Western Africa,West Africa,0.0,31212.666666666668,-2.959268672974651,0.8252458927063183
Gambia,2015,38520.0,939.5,41000.0,98.54,Western Africa,West Africa,27.17488197035227,33032.666666666664,16.61183878584836,0.9395121951219512
Gambia,2016,31005.0,721.0,43000.0,126.13,Western Africa,West Africa,-19.50934579439252,33271.333333333336,-6.811669705652521,0.721046511627907
Gambia,2017,21441.0,612.6,35000.0,23136.0,Western Africa,West Africa,-30.846637639090467,30322.0,-29.28896510784249,0.6126
Gambia,2017,21441.0,612.6,35000.0,23136.0,Western Africa,West Africa,0.0,24629.0,-12.944090300052782,0.6126
Gambia,2017,21441.0,612.6,35000.0,496.4,Western Africa,West Africa,0.0,21441.0,0.0,0.6126
Gambia,2017,21441.0,612.6,35000.0,139.48,Western Africa,West Africa,0.0,21441.0,0.0,0.6126
Gambia,2018,18069.63,516.3,35000.0,21004.5,Western Africa,West Africa,-15.723940114733448,20317.210000000003,-11.062444105268398,0.5162751428571429
Gambia,2018,18069.63,516.3,35000.0,21004.5,Western Africa,West Africa,0.0,19193.420000000002,-5.855079501204062,0.5162751428571429
Gambia,2018,18069.63,516.3,35000.0,436.2,Western Africa,West Africa,0.0,18069.63,0.0,0.5162751428571429
Gambia,2018,18069.63,516.3,35000.0,126.63,Western Africa,West Africa,0.0,18069.63,0.0,0.5162751428571429
Gambia,2019,16088.1,459.7,35000.0,22321.1,Western Africa,West Africa,-10.96607954894483,17409.12,-7.588091758802275,0.45966
Gambia,2019,16088.1,459.7,35000.0,8000.0,Western Africa,West Africa,0.0,16748.61,-3.9436705493769346,0.45966
Gambia,2019,16088.1,459.7,35000.0,19740.0,Western Africa,West Africa,0.0,16088.1,0.0,0.45966
Gambia,2019,16088.1,459.7,35000.0,20450.0,Western Africa,West Africa,0.0,16088.1,0.0,0.45966
Gambia,2019,16088.1,459.7,35000.0,20750.0,Western Africa,West Africa,0.0,16088.1,0.0,0.45966
Gambia,2019,16088.1,459.7,35000.0,21100.0,Western Africa,West Africa,0.0,16088.1,0.0,0.45966
Gambia,2019,16088.1,459.7,35000.0,22405.0,Western Africa,West Africa,0.0,16088.1,0.0,0.45966
Gambia,2019,16088.1,459.7,35000.0,23710.0,Western Africa,West Africa,0.0,16088.1,0.0,0.45966
Gambia,2019,16088.1,459.7,35000.0,24015.0,Western Africa,West Africa,0.0,16088.1,0.0,0.45966
Gambia,2019,16088.1,459.7,35000.0,24780.0,Western Africa,West Africa,0.0,16088.1,0.0,0.45966
Gambia,2019,16088.1,459.7,35000.0,23937.0,Western Africa,West Africa,0.0,16088.1,0.0,0.45966
Gambia,2019,16088.1,459.7,35000.0,21600.0,Western Africa,West Africa,0.0,16088.1,0.0,0.45966
Gambia,2019,16088.1,459.7,35000.0,21470.0,Western Africa,West Africa,0.0,16088.1,0.0,0.45966
Gambia,2019,16088.1,459.7,35000.0,22321.1,Western Africa,West Africa,0.0,16088.1,0.0,0.45966
Gambia,2019,16088.1,459.7,35000.0,445.9,Western Africa,West Africa,0.0,16088.1,0.0,0.45966
Gambia,2019,16088.1,459.7,35000.0,134.57,Western Africa,West Africa,0.0,16088.1,0.0,0.45966
Gambia,2020,17363.0,595.5,29159.0,32000.0,Western Africa,West Africa,7.924490772682913,16513.066666666666,5.147035075253543,0.5954593778936178
Gambia,2020,17363.0,595.5,29159.0,32000.0,Western Africa,West Africa,0.0,16938.033333333336,2.508949287697687,0.5954593778936178
Gambia,2020,17363.0,595.5,29159.0,621.3,Western Africa,West Africa,0.0,17363.0,0.0,0.5954593778936178
Gambia,2020,17363.0,595.5,29159.0,192.92,Western Africa,West Africa,0.0,17363.0,0.0,0.5954593778936178
Gambia,2021,27895.0,1064.8,26198.0,34500.0,Western Africa,West Africa,60.657720440016114,20873.666666666668,33.63727822934797,1.0647759370944347
Gambia,2021,27895.0,1064.8,26198.0,34500.0,Western Africa,West Africa,0.0,24384.333333333332,14.397222260194392,1.0647759370944347
Gambia,2021,27895.0,1064.8,26198.0,670.1,Western Africa,West Africa,0.0,27895.0,0.0,1.0647759370944347
Gambia,2021,27895.0,1064.8,26198.0,207.99,Western Africa,West Africa,0.0,27895.0,0.0,1.0647759370944347
Gambia,2022,19523.0,819.4,23825.0,34978.0,Western Africa,West Africa,-30.012547051442905,25104.333333333332,-22.232549493447344,0.8194333683105981
Gambia,2022,19523.0,819.4,23825.0,29000.0,Western Africa,West Africa,0.0,22313.666666666668,-12.506535605981393,0.8194333683105981
Gambia,2022,19523.0,819.4,23825.0,29000.0,Western Africa,West Africa,0.0,19523.0,0.0,0.8194333683105981
Gambia,2022,19523.0,819.4,23825.0,30000.0,Western Africa,West Africa,0.0,19523.0,0.0,0.8194333683105981
Gambia,2022,19523.0,819.4,23825.0,31670.0,Western Africa,West Africa,0.0,19523.0,0.0,0.8194333683105981
Gambia,2022,19523.0,819.4,23825.0,31490.0,Western Africa,West Africa,0.0,19523.0,0.0,0.8194333683105981
Gambia,2022,19523.0,819.4,23825.0,37730.0,Western Africa,West Africa,0.0,19523.0,0.0,0.8194333683105981
Gambia,2022,19523.0,819.4,23825.0,38670.0,Western Africa,West Africa,0.0,19523.0,0.0,0.8194333683105981
Gambia,2022,19523.0,819.4,23825.0,38640.0,Western Africa,West Africa,0.0,19523.0,0.0,0.8194333683105981
Gambia,2022,19523.0,819.4,23825.0,33270.0,Western Africa,West Africa,0.0,19523.0,0.0,0.8194333683105981
Gambia,2022,19523.0,819.4,23825.0,37060.0,Western Africa,West Africa,0.0,19523.0,0.0,0.8194333683105981
Gambia,2022,19523.0,819.4,23825.0,38770.0,Western Africa,West Africa,0.0,19523.0,0.0,0.8194333683105981
Gambia,2022,19523.0,819.4,23825.0,38500.0,Western Africa,West Africa,0.0,19523.0,0.0,0.8194333683105981
Gambia,2022,19523.0,819.4,23825.0,34978.0,Western Africa,West Africa,0.0,19523.0,0.0,0.8194333683105981
Gambia,2022,19523.0,819.4,23825.0,636.8,Western Africa,West Africa,0.0,19523.0,0.0,0.8194333683105981
Gambia,2022,19523.0,819.4,23825.0,210.87,Western Africa,West Africa,0.0,19523.0,0.0,0.8194333683105981
Gambia,2023,21220.0,806.1,26325.0,37828.0,Western Africa,West Africa,8.692311632433537,20088.666666666668,5.631699465702048,0.8060778727445395
Gambia,2023,21220.0,806.1,26325.0,36600.0,Western Africa,West Africa,0.0,20654.333333333332,2.7387311782838206,0.8060778727445395
Gambia,2023,21220.0,806.1,26325.0,37828.0,Western Africa,West Africa,0.0,21220.0,0.0,0.8060778727445395
Gambia,2023,21220.0,806.1,26325.0,619.2,Western Africa,West Africa,0.0,21220.0,0.0,0.8060778727445395
Gambia,2023,21220.0,806.1,26325.0,228.05,Western Africa,West Africa,0.0,21220.0,0.0,0.8060778727445395
Gambia,2024,25817.37,932.4,27688.0,40754.0,Western Africa,West Africa,21.66526861451461,22752.456666666665,13.470691882795958,0.9324389627275353
Gambia,2024,25817.37,932.4,27688.0,43470.0,Western Africa,West Africa,0.0,24284.91333333333,6.3103238032281865,0.9324389627275353
Gambia,2024,25817.37,932.4,27688.0,42620.0,Western Africa,West Africa,0.0,25817.37,0.0,0.9324389627275353
Gambia,2024,25817.37,932.4,27688.0,36290.0,Western Africa,West Africa,0.0,25817.37,0.0,0.9324389627275353
Gambia,2024,25817.37,932.4,27688.0,37960.0,Western Africa,West Africa,0.0,25817.37,0.0,0.9324389627275353
Gambia,2024,25817.37,932.4,27688.0,37830.0,Western Africa,West Africa,0.0,25817.37,0.0,0.9324389627275353
Gambia,2024,25817.37,932.4,27688.0,38100.0,Western Africa,West Africa,0.0,25817.37,0.0,0.9324389627275353
Gambia,2024,25817.37,932.4,27688.0,40100.0,Western Africa,West Africa,0.0,25817.37,0.0,0.9324389627275353
Gambia,2024,25817.37,932.4,27688.0,42150.0,Western Africa,West Africa,0.0,25817.37,0.0,0.9324389627275353
Gambia,2024,25817.37,932.4,27688.0,42302.9,Western Africa,West Africa,0.0,25817.37,0.0,0.9324389627275353
Gambia,2024,25817.37,932.4,27688.0,42853.5,Western Africa,West Africa,0.0,25817.37,0.0,0.9324389627275353
Gambia,2024,25817.37,932.4,27688.0,43259.8,Western Africa,West Africa,0.0,25817.37,0.0,0.9324389627275353
Gambia,2024,25817.37,932.4,27688.0,42112.8,Western Africa,West Africa,0.0,25817.37,0.0,0.9324389627275353
Gambia,2024,25817.37,932.4,27688.0,40754.0,Western Africa,West Africa,0.0,25817.37,0.0,0.9324389627275353
Gambia,2024,25817.37,932.4,27688.0,594.3,Western Africa,West Africa,0.0,25817.37,0.0,0.9324389627275353
Gambia,2024,25817.37,932.4,27688.0,245.69,Western Africa,West Africa,0.0,25817.37,0.0,0.9324389627275353
Ghana,2000,1012700.0,1457.8,694700.0,936630.0,Western Africa,West Africa,,1012700.0,0.0,1.4577515474305456
Ghana,2000,1012700.0,1457.8,694700.0,93.7,Western Africa,West Africa,0.0,1012700.0,0.0,1.4577515474305456
Ghana,2000,1012700.0,1457.8,694700.0,171.9,Western Africa,West Africa,0.0,1012700.0,0.0,1.4577515474305456
Ghana,2000,1012700.0,1457.8,694700.0,7.19,Western Africa,West Africa,0.0,1012700.0,0.0,1.4577515474305456
Ghana,2001,937973.0,1315.0,713303.0,1501630.0,Western Africa,West Africa,-7.378986866791748,987791.0,-5.043374560003078,1.3149713375662235
Ghana,2001,937973.0,1315.0,713303.0,150.2,Western Africa,West Africa,0.0,962882.0,-2.5869213465409056,1.3149713375662235
Ghana,2001,937973.0,1315.0,713303.0,209.6,Western Africa,West Africa,0.0,937973.0,0.0,1.3149713375662235
Ghana,2001,937973.0,1315.0,713303.0,11.53,Western Africa,West Africa,0.0,937973.0,0.0,1.3149713375662235
Ghana,2002,1400000.0,1490.0,939600.0,1341680.0,Western Africa,West Africa,49.25802768309961,1091982.0,28.207241511306965,1.489995742869306
Ghana,2002,1400000.0,1490.0,939600.0,134.2,Western Africa,West Africa,0.0,1245991.0,12.3603621534987,1.489995742869306
Ghana,2002,1400000.0,1490.0,939600.0,169.3,Western Africa,West Africa,0.0,1400000.0,0.0,1.489995742869306
Ghana,2002,1400000.0,1490.0,939600.0,10.3,Western Africa,West Africa,0.0,1400000.0,0.0,1.489995742869306
Ghana,2003,1288600.0,1627.2,791900.0,1496990.0,Western Africa,West Africa,-7.957142857142863,1362866.6666666667,-5.4492980482316735,1.627225659805531
Ghana,2003,1288600.0,1627.2,791900.0,149.7,Western Africa,West Africa,0.0,1325733.3333333333,-2.800965503369199,1.627225659805531
Ghana,2003,1288600.0,1627.2,791900.0,172.7,Western Africa,West Africa,0.0,1288600.0,0.0,1.627225659805531
Ghana,2003,1288600.0,1627.2,791900.0,11.5,Western Africa,West Africa,0.0,1288600.0,0.0,1.627225659805531
Ghana,2004,1157621.0,1579.4,732955.0,2118780.0,Western Africa,West Africa,-10.164442030110198,1244940.3333333333,-7.013937214126187,1.5793889120068763
Ghana,2004,1157621.0,1579.4,732955.0,211.9,Western Africa,West Africa,0.0,1201280.6666666667,-3.6344268144940934,1.5793889120068763
Ghana,2004,1157621.0,1579.4,732955.0,235.6,Western Africa,West Africa,0.0,1157621.0,0.0,1.5793889120068763
Ghana,2004,1157621.0,1579.4,732955.0,16.27,Western Africa,West Africa,0.0,1157621.0,0.0,1.5793889120068763
Ghana,2005,1171000.0,1561.3,750000.0,3324760.0,Western Africa,West Africa,1.155732316535385,1162080.6666666667,0.7675313417714481,1.5613333333333332
Ghana,2005,1171000.0,1561.3,750000.0,332.5,Western Africa,West Africa,0.0,1166540.3333333333,0.3822985403276593,1.5613333333333332
Ghana,2005,1171000.0,1561.3,750000.0,366.9,Western Africa,West Africa,0.0,1171000.0,0.0,1.5613333333333332
Ghana,2005,1171000.0,1561.3,750000.0,25.53,Western Africa,West Africa,0.0,1171000.0,0.0,1.5613333333333332
Ghana,2006,1189000.0,1499.4,793000.0,2332930.0,Western Africa,West Africa,1.5371477369769515,1177000.0,1.0195412064570943,1.4993694829760404
Ghana,2006,1189000.0,1499.4,793000.0,233.3,Western Africa,West Africa,0.0,1183000.0,0.5071851225697379,1.4993694829760404
Ghana,2006,1189000.0,1499.4,793000.0,254.6,Western Africa,West Africa,0.0,1189000.0,0.0,1.4993694829760404
Ghana,2006,1189000.0,1499.4,793000.0,17.92,Western Africa,West Africa,0.0,1189000.0,0.0,1.4993694829760404
Ghana,2007,1219600.0,1543.7,790070.0,2711000.0,Western Africa,West Africa,2.5735912531539062,1199200.0,1.7011340893929285,1.5436606882934423
Ghana,2007,1219600.0,1543.7,790070.0,271.1,Western Africa,West Africa,0.0,1209400.0,0.8433934182239127,1.5436606882934423
Ghana,2007,1219600.0,1543.7,790070.0,289.9,Western Africa,West Africa,0.0,1219600.0,0.0,1.5436606882934423
Ghana,2007,1219600.0,1543.7,790070.0,20.82,Western Africa,West Africa,0.0,1219600.0,0.0,1.5436606882934423
Ghana,2008,1470080.0,1737.1,846260.0,468.7,Western Africa,West Africa,20.537881272548386,1303093.3333333333,12.814635943191591,1.7371493394465058
Ghana,2008,1470080.0,1737.1,846260.0,468.7,Western Africa,West Africa,0.0,1386586.6666666667,6.021501240456175,1.7371493394465058
Ghana,2008,1470080.0,1737.1,846260.0,443.1,Western Africa,West Africa,0.0,1470080.0,0.0,1.7371493394465058
Ghana,2008,1470080.0,1737.1,846260.0,35.99,Western Africa,West Africa,0.0,1470080.0,0.0,1.7371493394465058
Ghana,2009,1619590.0,1696.9,954430.0,538.7,Western Africa,West Africa,10.17019481932957,1519916.6666666667,6.557815669718729,1.6969185796758275
Ghana,2009,1619590.0,1696.9,954430.0,538.7,Western Africa,West Africa,0.0,1569753.3333333333,3.174808780997444,1.6969185796758275
Ghana,2009,1619590.0,1696.9,954430.0,382.4,Western Africa,West Africa,0.0,1619590.0,0.0,1.6969185796758275
Ghana,2009,1619590.0,1696.9,954430.0,41.37,Western Africa,West Africa,0.0,1619590.0,0.0,1.6969185796758275
Ghana,2010,1871695.0,1887.4,991669.0,487.7,Western Africa,West Africa,15.565976574318196,1703625.0,9.865434001027221,1.8874190884256743
Ghana,2010,1871695.0,1887.4,991669.0,487.7,Western Africa,West Africa,0.0,1787660.0,4.700837966951211,1.8874190884256743
Ghana,2010,1871695.0,1887.4,991669.0,340.8,Western Africa,West Africa,0.0,1871695.0,0.0,1.8874190884256743
Ghana,2010,1871695.0,1887.4,991669.0,37.45,Western Africa,West Africa,0.0,1871695.0,0.0,1.8874190884256743
Ghana,2011,1683984.0,1645.8,1023177.0,649.0,Western Africa,West Africa,-10.028930995701757,1809124.6666666667,-6.917194208469883,1.6458384033261106
Ghana,2011,1683984.0,1645.8,1023177.0,513.0,Western Africa,West Africa,0.0,1746554.3333333333,-3.5825013936964987,1.6458384033261106
Ghana,2011,1683984.0,1645.8,1023177.0,523.0,Western Africa,West Africa,0.0,1683984.0,0.0,1.6458384033261106
Ghana,2011,1683984.0,1645.8,1023177.0,526.0,Western Africa,West Africa,0.0,1683984.0,0.0,1.6458384033261106
Ghana,2011,1683984.0,1645.8,1023177.0,570.0,Western Africa,West Africa,0.0,1683984.0,0.0,1.6458384033261106
Ghana,2011,1683984.0,1645.8,1023177.0,679.0,Western Africa,West Africa,0.0,1683984.0,0.0,1.6458384033261106
Ghana,2011,1683984.0,1645.8,1023177.0,714.0,Western Africa,West Africa,0.0,1683984.0,0.0,1.6458384033261106
Ghana,2011,1683984.0,1645.8,1023177.0,770.0,Western Africa,West Africa,0.0,1683984.0,0.0,1.6458384033261106
Ghana,2011,1683984.0,1645.8,1023177.0,779.0,Western Africa,West Africa,0.0,1683984.0,0.0,1.6458384033261106
Ghana,2011,1683984.0,1645.8,1023177.0,678.0,Western Africa,West Africa,0.0,1683984.0,0.0,1.6458384033261106
Ghana,2011,1683984.0,1645.8,1023177.0,581.0,Western Africa,West Africa,0.0,1683984.0,0.0,1.6458384033261106
Ghana,2011,1683984.0,1645.8,1023177.0,650.0,Western Africa,West Africa,0.0,1683984.0,0.0,1.6458384033261106
Ghana,2011,1683984.0,1645.8,1023177.0,805.0,Western Africa,West Africa,0.0,1683984.0,0.0,1.6458384033261106
Ghana,2011,1683984.0,1645.8,1023177.0,649.0,Western Africa,West Africa,0.0,1683984.0,0.0,1.6458384033261106
Ghana,2011,1683984.0,1645.8,1023177.0,429.3,Western Africa,West Africa,0.0,1683984.0,0.0,1.6458384033261106
Ghana,2011,1683984.0,1645.8,1023177.0,49.84,Western Africa,West Africa,0.0,1683984.0,0.0,1.6458384033261106
Ghana,2012,1949897.0,1871.2,1042083.0,896.0,Western Africa,West Africa,15.7907082252563,1772621.6666666667,10.000742779292061,1.8711532574660559
Ghana,2012,1949897.0,1871.2,1042083.0,60.34,Western Africa,West Africa,0.0,1861259.3333333333,4.762241622070222,1.8711532574660559
Ghana,2013,1764477.0,1724.0,1023459.0,74.17,Western Africa,West Africa,-9.509220230607053,1888090.3333333333,-6.547003135972834,1.7240329119192854
Ghana,2014,1762000.0,1729.1,1019000.0,84.85,Western Africa,West Africa,-0.14038154081917886,1825458.0,-3.47627828194349,1.7291462217860647
Ghana,2015,1691643.9,1921.8,880250.0,1208.0,Western Africa,West Africa,-3.9929682179341675,1739373.6333333335,-2.744075937374331,1.921776654359557
Ghana,2015,1691643.9,1921.8,880250.0,1197.0,Western Africa,West Africa,0.0,1715095.9333333333,-1.367389011747804,1.921776654359557
Ghana,2015,1691643.9,1921.8,880250.0,1202.0,Western Africa,West Africa,0.0,1691643.9,0.0,1.921776654359557
Ghana,2015,1691643.9,1921.8,880250.0,1286.0,Western Africa,West Africa,0.0,1691643.9,0.0,1.921776654359557
Ghana,2015,1691643.9,1921.8,880250.0,1485.0,Western Africa,West Africa,0.0,1691643.9,0.0,1.921776654359557
Ghana,2015,1691643.9,1921.8,880250.0,1615.0,Western Africa,West Africa,0.0,1691643.9,0.0,1.921776654359557
Ghana,2015,1691643.9,1921.8,880250.0,1694.0,Western Africa,West Africa,0.0,1691643.9,0.0,1.921776654359557
Ghana,2015,1691643.9,1921.8,880250.0,1571.0,Western Africa,West Africa,0.0,1691643.9,0.0,1.921776654359557
Ghana,2015,1691643.9,1921.8,880250.0,1409.0,Western Africa,West Africa,0.0,1691643.9,0.0,1.921776654359557
Ghana,2015,1691643.9,1921.8,880250.0,1401.0,Western Africa,West Africa,0.0,1691643.9,0.0,1.921776654359557
Ghana,2015,1691643.9,1921.8,880250.0,1477.0,Western Africa,West Africa,0.0,1691643.9,0.0,1.921776654359557
Ghana,2015,1691643.9,1921.8,880250.0,1449.0,Western Africa,West Africa,0.0,1691643.9,0.0,1.921776654359557
Ghana,2015,1691643.9,1921.8,880250.0,101.55,Western Africa,West Africa,0.0,1691643.9,0.0,1.921776654359557
Ghana,2016,1721910.12,1950.0,883031.0,1479.3,Western Africa,West Africa,1.7891602363830916,1701732.64,1.1857021206339566,1.949999626287186
Ghana,2016,1721910.12,1950.0,883031.0,1489.0,Western Africa,West Africa,0.0,1711821.3800000001,0.5893570507922965,1.949999626287186
Ghana,2016,1721910.12,1950.0,883031.0,1479.3,Western Africa,West Africa,0.0,1721910.12,0.0,1.949999626287186
Ghana,2016,1721910.12,1950.0,883031.0,378.4,Western Africa,West Africa,0.0,1721910.12,0.0,1.949999626287186
Ghana,2016,1721910.12,1950.0,883031.0,113.6,Western Africa,West Africa,0.0,1721910.12,0.0,1.949999626287186
Ghana,2017,2011179.42,2011.2,1000000.0,1109.0,Western Africa,West Africa,16.799326320237885,1818333.22,10.605657856264648,2.01117942
Ghana,2017,2011179.42,2011.2,1000000.0,1109.0,Western Africa,West Africa,0.0,1914756.32,5.035789619433133,2.01117942
Ghana,2017,2011179.42,2011.2,1000000.0,254.9,Western Africa,West Africa,0.0,2011179.42,0.0,2.01117942
Ghana,2017,2011179.42,2011.2,1000000.0,85.16,Western Africa,West Africa,0.0,2011179.42,0.0,2.01117942
Ghana,2018,2306383.95,2258.9,1021000.0,1300.0,Western Africa,West Africa,14.678179731970431,2109580.93,9.32901019350796,2.258946082272282
Ghana,2018,2306383.95,2258.9,1021000.0,1554.0,Western Africa,West Africa,0.0,2207982.44,4.456625569902641,2.258946082272282
Ghana,2018,2306383.95,2258.9,1021000.0,1577.0,Western Africa,West Africa,0.0,2306383.95,0.0,2.258946082272282
Ghana,2018,2306383.95,2258.9,1021000.0,1585.0,Western Africa,West Africa,0.0,2306383.95,0.0,2.258946082272282
Ghana,2018,2306383.95,2258.9,1021000.0,1783.0,Western Africa,West Africa,0.0,2306383.95,0.0,2.258946082272282
Ghana,2018,2306383.95,2258.9,1021000.0,2054.0,Western Africa,West Africa,0.0,2306383.95,0.0,2.258946082272282
Ghana,2018,2306383.95,2258.9,1021000.0,1830.0,Western Africa,West Africa,0.0,2306383.95,0.0,2.258946082272282
Ghana,2018,2306383.95,2258.9,1021000.0,1791.0,Western Africa,West Africa,0.0,2306383.95,0.0,2.258946082272282
Ghana,2018,2306383.95,2258.9,1021000.0,1713.0,Western Africa,West Africa,0.0,2306383.95,0.0,2.258946082272282
Ghana,2018,2306383.95,2258.9,1021000.0,1753.0,Western Africa,West Africa,0.0,2306383.95,0.0,2.258946082272282
Ghana,2018,2306383.95,2258.9,1021000.0,1565.0,Western Africa,West Africa,0.0,2306383.95,0.0,2.258946082272282
Ghana,2018,2306383.95,2258.9,1021000.0,1565.0,Western Africa,West Africa,0.0,2306383.95,0.0,2.258946082272282
Ghana,2018,2306383.95,2258.9,1021000.0,1632.0,Western Africa,West Africa,0.0,2306383.95,0.0,2.258946082272282
Ghana,2018,2306383.95,2258.9,1021000.0,1300.0,Western Africa,West Africa,0.0,2306383.95,0.0,2.258946082272282
Ghana,2018,2306383.95,2258.9,1021000.0,283.4,Western Africa,West Africa,0.0,2306383.95,0.0,2.258946082272282
Ghana,2018,2306383.95,2258.9,1021000.0,99.83,Western Africa,West Africa,0.0,2306383.95,0.0,2.258946082272282
Ghana,2019,2911000.0,2531.3,1150000.0,1053.8,Western Africa,West Africa,26.21489149714209,2507922.6333333333,16.072161130861044,2.531304347826087
Ghana,2019,2911000.0,2531.3,1150000.0,1093.0,Western Africa,West Africa,0.0,2709461.316666667,7.438330346095416,2.531304347826087
Ghana,2019,2911000.0,2531.3,1150000.0,1061.0,Western Africa,West Africa,0.0,2911000.0,0.0,2.531304347826087
Ghana,2019,2911000.0,2531.3,1150000.0,943.0,Western Africa,West Africa,0.0,2911000.0,0.0,2.531304347826087
Ghana,2019,2911000.0,2531.3,1150000.0,1069.0,Western Africa,West Africa,0.0,2911000.0,0.0,2.531304347826087
Ghana,2019,2911000.0,2531.3,1150000.0,1096.0,Western Africa,West Africa,0.0,2911000.0,0.0,2.531304347826087
Ghana,2019,2911000.0,2531.3,1150000.0,1179.0,Western Africa,West Africa,0.0,2911000.0,0.0,2.531304347826087
Ghana,2019,2911000.0,2531.3,1150000.0,1144.0,Western Africa,West Africa,0.0,2911000.0,0.0,2.531304347826087
Ghana,2019,2911000.0,2531.3,1150000.0,1084.0,Western Africa,West Africa,0.0,2911000.0,0.0,2.531304347826087
Ghana,2019,2911000.0,2531.3,1150000.0,1003.0,Western Africa,West Africa,0.0,2911000.0,0.0,2.531304347826087
Ghana,2019,2911000.0,2531.3,1150000.0,999.0,Western Africa,West Africa,0.0,2911000.0,0.0,2.531304347826087
Ghana,2019,2911000.0,2531.3,1150000.0,992.0,Western Africa,West Africa,0.0,2911000.0,0.0,2.531304347826087
Ghana,2019,2911000.0,2531.3,1150000.0,982.0,Western Africa,West Africa,0.0,2911000.0,0.0,2.531304347826087
Ghana,2019,2911000.0,2531.3,1150000.0,1053.8,Western Africa,West Africa,0.0,2911000.0,0.0,2.531304347826087
Ghana,2019,2911000.0,2531.3,1150000.0,202.0,Western Africa,West Africa,0.0,2911000.0,0.0,2.531304347826087
Ghana,2019,2911000.0,2531.3,1150000.0,80.93,Western Africa,West Africa,0.0,2911000.0,0.0,2.531304347826087
Ghana,2020,3071000.0,2582.8,1189000.0,1640.7,Western Africa,West Africa,5.496392992098942,2964333.3333333335,3.5983357697065053,2.582842724978974
Ghana,2020,3071000.0,2582.8,1189000.0,769.0,Western Africa,West Africa,0.0,3017666.6666666665,1.7673699326190266,2.582842724978974
Ghana,2020,3071000.0,2582.8,1189000.0,1640.7,Western Africa,West Africa,0.0,3071000.0,0.0,2.582842724978974
Ghana,2020,3071000.0,2582.8,1189000.0,293.2,Western Africa,West Africa,0.0,3071000.0,0.0,2.582842724978974
Ghana,2020,3071000.0,2582.8,1189000.0,125.99,Western Africa,West Africa,0.0,3071000.0,0.0,2.582842724978974
Ghana,2021,3203000.0,2530.0,1266000.0,2413.7,Western Africa,West Africa,4.2982741777922495,3115000.0,2.8250401284109152,2.5300157977883098
Ghana,2021,3203000.0,2530.0,1266000.0,2413.7,Western Africa,West Africa,0.0,3159000.0,1.3928458372902817,2.5300157977883098
Ghana,2021,3203000.0,2530.0,1266000.0,415.8,Western Africa,West Africa,0.0,3203000.0,0.0,2.5300157977883098
Ghana,2021,3203000.0,2530.0,1266000.0,185.36,Western Africa,West Africa,0.0,3203000.0,0.0,2.5300157977883098
Ghana,2022,3255718.0,2504.4,1300000.0,3756.0,Western Africa,West Africa,1.6458944739306869,3220572.6666666665,1.0912758993793907,2.5043984615384614
Ghana,2022,3255718.0,2504.4,1300000.0,2824.8,Western Africa,West Africa,0.0,3238145.3333333335,0.5426768985867995,2.5043984615384614
Ghana,2022,3255718.0,2504.4,1300000.0,3050.8,Western Africa,West Africa,0.0,3255718.0,0.0,2.5043984615384614
Ghana,2022,3255718.0,2504.4,1300000.0,3215.4,Western Africa,West Africa,0.0,3255718.0,0.0,2.5043984615384614
Ghana,2022,3255718.0,2504.4,1300000.0,3674.5,Western Africa,West Africa,0.0,3255718.0,0.0,2.5043984615384614
Ghana,2022,3255718.0,2504.4,1300000.0,3997.8,Western Africa,West Africa,0.0,3255718.0,0.0,2.5043984615384614
Ghana,2022,3255718.0,2504.4,1300000.0,4117.3,Western Africa,West Africa,0.0,3255718.0,0.0,2.5043984615384614
Ghana,2022,3255718.0,2504.4,1300000.0,4161.1,Western Africa,West Africa,0.0,3255718.0,0.0,2.5043984615384614
Ghana,2022,3255718.0,2504.4,1300000.0,4100.4,Western Africa,West Africa,0.0,3255718.0,0.0,2.5043984615384614
Ghana,2022,3255718.0,2504.4,1300000.0,3785.8,Western Africa,West Africa,0.0,3255718.0,0.0,2.5043984615384614
Ghana,2022,3255718.0,2504.4,1300000.0,3676.5,Western Africa,West Africa,0.0,3255718.0,0.0,2.5043984615384614
Ghana,2022,3255718.0,2504.4,1300000.0,4118.1,Western Africa,West Africa,0.0,3255718.0,0.0,2.5043984615384614
Ghana,2022,3255718.0,2504.4,1300000.0,4348.9,Western Africa,West Africa,0.0,3255718.0,0.0,2.5043984615384614
Ghana,2022,3255718.0,2504.4,1300000.0,3756.0,Western Africa,West Africa,0.0,3255718.0,0.0,2.5043984615384614
Ghana,2022,3255718.0,2504.4,1300000.0,454.0,Western Africa,West Africa,0.0,3255718.0,0.0,2.5043984615384614
Ghana,2022,3255718.0,2504.4,1300000.0,288.43,Western Africa,West Africa,0.0,3255718.0,0.0,2.5043984615384614
Ghana,2023,3579000.0,2753.1,1300000.0,377.25,Western Africa,West Africa,9.929668355797405,3363478.6666666665,6.407691402036547,2.753076923076923
Ghana,2024,3794000.0,2772.1,1368623.0,409.4,Western Africa,West Africa,6.007264599050011,3542906.0,7.087232909933258,2.772129359217257
Guinea,2000,282961.91,2460.5,115000.0,124.13,Western Africa,West Africa,,282961.91,0.0,2.4605383478260867
Guinea,2000,282961.91,2460.5,115000.0,291250.0,Western Africa,West Africa,0.0,282961.91,0.0,2.4605383478260867
Guinea,2000,282961.91,2460.5,115000.0,291250.0,Western Africa,West Africa,0.0,282961.91,0.0,2.4605383478260867
Guinea,2000,282961.91,2460.5,115000.0,166.7,Western Africa,West Africa,0.0,282961.91,0.0,2.4605383478260867
Guinea,2000,282961.91,2460.5,115000.0,28.2,Western Africa,West Africa,0.0,282961.91,0.0,2.4605383478260867
Guinea,2000,282961.91,2460.5,231220.0,124.13,Western Africa,West Africa,0.0,282961.91,0.0,1.223777830637488
Guinea,2000,282961.91,2460.5,231220.0,291250.0,Western Africa,West Africa,0.0,282961.91,0.0,1.223777830637488
Guinea,2000,282961.91,2460.5,231220.0,291250.0,Western Africa,West Africa,0.0,282961.91,0.0,1.223777830637488
Guinea,2000,282961.91,2460.5,231220.0,166.7,Western Africa,West Africa,0.0,282961.91,0.0,1.223777830637488
Guinea,2000,282961.91,2460.5,231220.0,28.2,Western Africa,West Africa,0.0,282961.91,0.0,1.223777830637488
Guinea,2000,282961.91,1423.0,115000.0,124.13,Western Africa,West Africa,0.0,282961.91,0.0,2.4605383478260867
Guinea,2000,282961.91,1423.0,115000.0,291250.0,Western Africa,West Africa,0.0,282961.91,0.0,2.4605383478260867
Guinea,2000,282961.91,1423.0,115000.0,291250.0,Western Africa,West Africa,0.0,282961.91,0.0,2.4605383478260867
Guinea,2000,282961.91,1423.0,115000.0,166.7,Western Africa,West Africa,0.0,282961.91,0.0,2.4605383478260867
Guinea,2000,282961.91,1423.0,115000.0,28.2,Western Africa,West Africa,0.0,282961.91,0.0,2.4605383478260867
Guinea,2000,282961.91,1423.0,231220.0,124.13,Western Africa,West Africa,0.0,282961.91,0.0,1.223777830637488
Guinea,2000,282961.91,1423.0,231220.0,291250.0,Western Africa,West Africa,0.0,282961.91,0.0,1.223777830637488
Guinea,2000,282961.91,1423.0,231220.0,291250.0,Western Africa,West Africa,0.0,282961.91,0.0,1.223777830637488
Guinea,2000,282961.91,1423.0,231220.0,166.7,Western Africa,West Africa,0.0,282961.91,0.0,1.223777830637488
Guinea,2000,282961.91,1423.0,231220.0,28.2,Western Africa,West Africa,0.0,282961.91,0.0,1.223777830637488
Guinea,2000,329025.0,2460.5,115000.0,124.13,Western Africa,West Africa,16.278901283921932,298316.2733333333,10.294016589686107,2.861086956521739
Guinea,2000,329025.0,2460.5,115000.0,291250.0,Western Africa,West Africa,0.0,313670.63666666666,4.895059192183872,2.861086956521739
Guinea,2000,329025.0,2460.5,115000.0,291250.0,Western Africa,West Africa,0.0,329025.0,0.0,2.861086956521739
Guinea,2000,329025.0,2460.5,115000.0,166.7,Western Africa,West Africa,0.0,329025.0,0.0,2.861086956521739
Guinea,2000,329025.0,2460.5,115000.0,28.2,Western Africa,West Africa,0.0,329025.0,0.0,2.861086956521739
Guinea,2000,329025.0,2460.5,231220.0,124.13,Western Africa,West Africa,0.0,329025.0,0.0,1.4229954156214861
Guinea,2000,329025.0,2460.5,231220.0,291250.0,Western Africa,West Africa,0.0,329025.0,0.0,1.4229954156214861
Guinea,2000,329025.0,2460.5,231220.0,291250.0,Western Africa,West Africa,0.0,329025.0,0.0,1.4229954156214861
Guinea,2000,329025.0,2460.5,231220.0,166.7,Western Africa,West Africa,0.0,329025.0,0.0,1.4229954156214861
Guinea,2000,329025.0,2460.5,231220.0,28.2,Western Africa,West Africa,0.0,329025.0,0.0,1.4229954156214861
Guinea,2000,329025.0,1423.0,115000.0,124.13,Western Africa,West Africa,0.0,329025.0,0.0,2.861086956521739
Guinea,2000,329025.0,1423.0,115000.0,291250.0,Western Africa,West Africa,0.0,329025.0,0.0,2.861086956521739
Guinea,2000,329025.0,1423.0,115000.0,291250.0,Western Africa,West Africa,0.0,329025.0,0.0,2.861086956521739
Guinea,2000,329025.0,1423.0,115000.0,166.7,Western Africa,West Africa,0.0,329025.0,0.0,2.861086956521739
Guinea,2000,329025.0,1423.0,115000.0,28.2,Western Africa,West Africa,0.0,329025.0,0.0,2.861086956521739
Guinea,2000,329025.0,1423.0,231220.0,124.13,Western Africa,West Africa,0.0,329025.0,0.0,1.4229954156214861
Guinea,2000,329025.0,1423.0,231220.0,291250.0,Western Africa,West Africa,0.0,329025.0,0.0,1.4229954156214861
Guinea,2000,329025.0,1423.0,231220.0,291250.0,Western Africa,West Africa,0.0,329025.0,0.0,1.4229954156214861
Guinea,2000,329025.0,1423.0,231220.0,166.7,Western Africa,West Africa,0.0,329025.0,0.0,1.4229954156214861
Guinea,2000,329025.0,1423.0,231220.0,28.2,Western Africa,West Africa,0.0,329025.0,0.0,1.4229954156214861
Guinea,2001,290310.22,2460.3,118000.0,112.46,Western Africa,West Africa,-11.766516222171575,316120.0733333333,-8.164572740092368,2.460256101694915
Guinea,2001,290310.22,2460.3,118000.0,366300.0,Western Africa,West Africa,0.0,303215.14666666667,-4.256029689985593,2.460256101694915
Guinea,2001,290310.22,2460.3,118000.0,366300.0,Western Africa,West Africa,0.0,290310.22,0.0,2.460256101694915
Guinea,2001,290310.22,2460.3,118000.0,187.8,Western Africa,West Africa,0.0,290310.22,0.0,2.460256101694915
Guinea,2001,290310.22,2460.3,118000.0,35.47,Western Africa,West Africa,0.0,290310.22,0.0,2.460256101694915
Guinea,2001,290310.22,2460.3,247327.0,112.46,Western Africa,West Africa,0.0,290310.22,0.0,1.1737910539488208
Guinea,2001,290310.22,2460.3,247327.0,366300.0,Western Africa,West Africa,0.0,290310.22,0.0,1.1737910539488208
Guinea,2001,290310.22,2460.3,247327.0,366300.0,Western Africa,West Africa,0.0,290310.22,0.0,1.1737910539488208
Guinea,2001,290310.22,2460.3,247327.0,187.8,Western Africa,West Africa,0.0,290310.22,0.0,1.1737910539488208
Guinea,2001,290310.22,2460.3,247327.0,35.47,Western Africa,West Africa,0.0,290310.22,0.0,1.1737910539488208
Guinea,2001,290310.22,1443.0,118000.0,112.46,Western Africa,West Africa,0.0,290310.22,0.0,2.460256101694915
Guinea,2001,290310.22,1443.0,118000.0,366300.0,Western Africa,West Africa,0.0,290310.22,0.0,2.460256101694915
Guinea,2001,290310.22,1443.0,118000.0,366300.0,Western Africa,West Africa,0.0,290310.22,0.0,2.460256101694915
Guinea,2001,290310.22,1443.0,118000.0,187.8,Western Africa,West Africa,0.0,290310.22,0.0,2.460256101694915
Guinea,2001,290310.22,1443.0,118000.0,35.47,Western Africa,West Africa,0.0,290310.22,0.0,2.460256101694915
Guinea,2001,290310.22,1443.0,247327.0,112.46,Western Africa,West Africa,0.0,290310.22,0.0,1.1737910539488208
Guinea,2001,290310.22,1443.0,247327.0,366300.0,Western Africa,West Africa,0.0,290310.22,0.0,1.1737910539488208
Guinea,2001,290310.22,1443.0,247327.0,366300.0,Western Africa,West Africa,0.0,290310.22,0.0,1.1737910539488208
Guinea,2001,290310.22,1443.0,247327.0,187.8,Western Africa,West Africa,0.0,290310.22,0.0,1.1737910539488208
Guinea,2001,290310.22,1443.0,247327.0,35.47,Western Africa,West Africa,0.0,290310.22,0.0,1.1737910539488208
Guinea,2001,356893.0,2460.3,118000.0,112.46,Western Africa,West Africa,22.935045138955168,312504.48,14.204122769695982,3.0245169491525425
Guinea,2001,356893.0,2460.3,118000.0,366300.0,Western Africa,West Africa,0.0,334698.74,6.6311154920989575,3.0245169491525425
Guinea,2001,356893.0,2460.3,118000.0,366300.0,Western Africa,West Africa,0.0,356893.0,0.0,3.0245169491525425
Guinea,2001,356893.0,2460.3,118000.0,187.8,Western Africa,West Africa,0.0,356893.0,0.0,3.0245169491525425
Guinea,2001,356893.0,2460.3,118000.0,35.47,Western Africa,West Africa,0.0,356893.0,0.0,3.0245169491525425
Guinea,2001,356893.0,2460.3,247327.0,112.46,Western Africa,West Africa,0.0,356893.0,0.0,1.4430005620090003
Guinea,2001,356893.0,2460.3,247327.0,366300.0,Western Africa,West Africa,0.0,356893.0,0.0,1.4430005620090003
Guinea,2001,356893.0,2460.3,247327.0,366300.0,Western Africa,West Africa,0.0,356893.0,0.0,1.4430005620090003
Guinea,2001,356893.0,2460.3,247327.0,187.8,Western Africa,West Africa,0.0,356893.0,0.0,1.4430005620090003
Guinea,2001,356893.0,2460.3,247327.0,35.47,Western Africa,West Africa,0.0,356893.0,0.0,1.4430005620090003
Guinea,2001,356893.0,1443.0,118000.0,112.46,Western Africa,West Africa,0.0,356893.0,0.0,3.0245169491525425
Guinea,2001,356893.0,1443.0,118000.0,366300.0,Western Africa,West Africa,0.0,356893.0,0.0,3.0245169491525425
Guinea,2001,356893.0,1443.0,118000.0,366300.0,Western Africa,West Africa,0.0,356893.0,0.0,3.0245169491525425
Guinea,2001,356893.0,1443.0,118000.0,187.8,Western Africa,West Africa,0.0,356893.0,0.0,3.0245169491525425
Guinea,2001,356893.0,1443.0,118000.0,35.47,Western Africa,West Africa,0.0,356893.0,0.0,3.0245169491525425
Guinea,2001,356893.0,1443.0,247327.0,112.46,Western Africa,West Africa,0.0,356893.0,0.0,1.4430005620090003
Guinea,2001,356893.0,1443.0,247327.0,366300.0,Western Africa,West Africa,0.0,356893.0,0.0,1.4430005620090003
Guinea,2001,356893.0,1443.0,247327.0,366300.0,Western Africa,West Africa,0.0,356893.0,0.0,1.4430005620090003
Guinea,2001,356893.0,1443.0,247327.0,187.8,Western Africa,West Africa,0.0,356893.0,0.0,1.4430005620090003
Guinea,2001,356893.0,1443.0,247327.0,35.47,Western Africa,West Africa,0.0,356893.0,0.0,1.4430005620090003
Guinea,2002,307448.34,2459.6,125000.0,106.55,Western Africa,West Africa,-13.854197196358564,340411.4466666667,-9.683313234453127,2.4595867200000003
Guinea,2002,307448.34,2459.6,125000.0,354780.0,Western Africa,West Africa,0.0,323929.89333333337,-5.088000111299806,2.4595867200000003
Guinea,2002,307448.34,2459.6,125000.0,354780.0,Western Africa,West Africa,0.0,307448.34,0.0,2.4595867200000003
Guinea,2002,307448.34,2459.6,125000.0,179.6,Western Africa,West Africa,0.0,307448.34,0.0,2.4595867200000003
Guinea,2002,307448.34,2459.6,125000.0,34.36,Western Africa,West Africa,0.0,307448.34,0.0,2.4595867200000003
Guinea,2002,307448.34,2459.6,265060.0,106.55,Western Africa,West Africa,0.0,307448.34,0.0,1.1599197917452653
Guinea,2002,307448.34,2459.6,265060.0,354780.0,Western Africa,West Africa,0.0,307448.34,0.0,1.1599197917452653
Guinea,2002,307448.34,2459.6,265060.0,354780.0,Western Africa,West Africa,0.0,307448.34,0.0,1.1599197917452653
Guinea,2002,307448.34,2459.6,265060.0,179.6,Western Africa,West Africa,0.0,307448.34,0.0,1.1599197917452653
Guinea,2002,307448.34,2459.6,265060.0,34.36,Western Africa,West Africa,0.0,307448.34,0.0,1.1599197917452653
Guinea,2002,307448.34,1466.4,125000.0,106.55,Western Africa,West Africa,0.0,307448.34,0.0,2.4595867200000003
Guinea,2002,307448.34,1466.4,125000.0,354780.0,Western Africa,West Africa,0.0,307448.34,0.0,2.4595867200000003
Guinea,2002,307448.34,1466.4,125000.0,354780.0,Western Africa,West Africa,0.0,307448.34,0.0,2.4595867200000003
Guinea,2002,307448.34,1466.4,125000.0,179.6,Western Africa,West Africa,0.0,307448.34,0.0,2.4595867200000003
Guinea,2002,307448.34,1466.4,125000.0,34.36,Western Africa,West Africa,0.0,307448.34,0.0,2.4595867200000003
Guinea,2002,307448.34,1466.4,265060.0,106.55,Western Africa,West Africa,0.0,307448.34,0.0,1.1599197917452653
Guinea,2002,307448.34,1466.4,265060.0,354780.0,Western Africa,West Africa,0.0,307448.34,0.0,1.1599197917452653
Guinea,2002,307448.34,1466.4,265060.0,354780.0,Western Africa,West Africa,0.0,307448.34,0.0,1.1599197917452653
Guinea,2002,307448.34,1466.4,265060.0,179.6,Western Africa,West Africa,0.0,307448.34,0.0,1.1599197917452653
Guinea,2002,307448.34,1466.4,265060.0,34.36,Western Africa,West Africa,0.0,307448.34,0.0,1.1599197917452653
Guinea,2002,388679.0,2459.6,125000.0,106.55,Western Africa,West Africa,26.42091351021767,334525.2266666667,16.188248005372145,3.109432
Guinea,2002,388679.0,2459.6,125000.0,354780.0,Western Africa,West Africa,0.0,361602.11333333334,7.4880333018702645,3.109432
Guinea,2002,388679.0,2459.6,125000.0,354780.0,Western Africa,West Africa,0.0,388679.0,0.0,3.109432
Guinea,2002,388679.0,2459.6,125000.0,179.6,Western Africa,West Africa,0.0,388679.0,0.0,3.109432
Guinea,2002,388679.0,2459.6,125000.0,34.36,Western Africa,West Africa,0.0,388679.0,0.0,3.109432
Guinea,2002,388679.0,2459.6,265060.0,106.55,Western Africa,West Africa,0.0,388679.0,0.0,1.4663811967101787
Guinea,2002,388679.0,2459.6,265060.0,354780.0,Western Africa,West Africa,0.0,388679.0,0.0,1.4663811967101787
Guinea,2002,388679.0,2459.6,265060.0,354780.0,Western Africa,West Africa,0.0,388679.0,0.0,1.4663811967101787
Guinea,2002,388679.0,2459.6,265060.0,179.6,Western Africa,West Africa,0.0,388679.0,0.0,1.4663811967101787
Guinea,2002,388679.0,2459.6,265060.0,34.36,Western Africa,West Africa,0.0,388679.0,0.0,1.4663811967101787
Guinea,2002,388679.0,1466.4,125000.0,106.55,Western Africa,West Africa,0.0,388679.0,0.0,3.109432
Guinea,2002,388679.0,1466.4,125000.0,354780.0,Western Africa,West Africa,0.0,388679.0,0.0,3.109432
Guinea,2002,388679.0,1466.4,125000.0,354780.0,Western Africa,West Africa,0.0,388679.0,0.0,3.109432
Guinea,2002,388679.0,1466.4,125000.0,179.6,Western Africa,West Africa,0.0,388679.0,0.0,3.109432
Guinea,2002,388679.0,1466.4,125000.0,34.36,Western Africa,West Africa,0.0,388679.0,0.0,3.109432
Guinea,2002,388679.0,1466.4,265060.0,106.55,Western Africa,West Africa,0.0,388679.0,0.0,1.4663811967101787
Guinea,2002,388679.0,1466.4,265060.0,354780.0,Western Africa,West Africa,0.0,388679.0,0.0,1.4663811967101787
Guinea,2002,388679.0,1466.4,265060.0,354780.0,Western Africa,West Africa,0.0,388679.0,0.0,1.4663811967101787
Guinea,2002,388679.0,1466.4,265060.0,179.6,Western Africa,West Africa,0.0,388679.0,0.0,1.4663811967101787
Guinea,2002,388679.0,1466.4,265060.0,34.36,Western Africa,West Africa,0.0,388679.0,0.0,1.4663811967101787
Guinea,2003,320609.14,2466.2,130000.0,74.92,Western Africa,West Africa,-17.51313037236383,365989.0466666667,-12.399252677088317,2.466224153846154
Guinea,2003,320609.14,2466.2,130000.0,354520.0,Western Africa,West Africa,0.0,343299.0933333333,-6.609383413460411,2.466224153846154
Guinea,2003,320609.14,2466.2,130000.0,354520.0,Western Africa,West Africa,0.0,320609.14,0.0,2.466224153846154
Guinea,2003,320609.14,2466.2,130000.0,178.6,Western Africa,West Africa,0.0,320609.14,0.0,2.466224153846154
Guinea,2003,320609.14,2466.2,130000.0,34.33,Western Africa,West Africa,0.0,320609.14,0.0,2.466224153846154
Guinea,2003,320609.14,2466.2,284065.0,74.92,Western Africa,West Africa,0.0,320609.14,0.0,1.128647105416014
Guinea,2003,320609.14,2466.2,284065.0,354520.0,Western Africa,West Africa,0.0,320609.14,0.0,1.128647105416014
Guinea,2003,320609.14,2466.2,284065.0,354520.0,Western Africa,West Africa,0.0,320609.14,0.0,1.128647105416014
Guinea,2003,320609.14,2466.2,284065.0,178.6,Western Africa,West Africa,0.0,320609.14,0.0,1.128647105416014
Guinea,2003,320609.14,2466.2,284065.0,34.33,Western Africa,West Africa,0.0,320609.14,0.0,1.128647105416014
Guinea,2003,320609.14,1490.1,130000.0,74.92,Western Africa,West Africa,0.0,320609.14,0.0,2.466224153846154
Guinea,2003,320609.14,1490.1,130000.0,354520.0,Western Africa,West Africa,0.0,320609.14,0.0,2.466224153846154
Guinea,2003,320609.14,1490.1,130000.0,354520.0,Western Africa,West Africa,0.0,320609.14,0.0,2.466224153846154
Guinea,2003,320609.14,1490.1,130000.0,178.6,Western Africa,West Africa,0.0,320609.14,0.0,2.466224153846154
Guinea,2003,320609.14,1490.1,130000.0,34.33,Western Africa,West Africa,0.0,320609.14,0.0,2.466224153846154
Guinea,2003,320609.14,1490.1,284065.0,74.92,Western Africa,West Africa,0.0,320609.14,0.0,1.128647105416014
Guinea,2003,320609.14,1490.1,284065.0,354520.0,Western Africa,West Africa,0.0,320609.14,0.0,1.128647105416014
Guinea,2003,320609.14,1490.1,284065.0,354520.0,Western Africa,West Africa,0.0,320609.14,0.0,1.128647105416014
Guinea,2003,320609.14,1490.1,284065.0,178.6,Western Africa,West Africa,0.0,320609.14,0.0,1.128647105416014
Guinea,2003,320609.14,1490.1,284065.0,34.33,Western Africa,West Africa,0.0,320609.14,0.0,1.128647105416014
Guinea,2003,423295.0,2466.2,130000.0,74.92,Western Africa,West Africa,32.02836325876424,354837.76,19.292546542960924,3.2561153846153847
Guinea,2003,423295.0,2466.2,130000.0,354520.0,Western Africa,West Africa,0.0,389066.38000000006,8.797629854319442,3.2561153846153847
Guinea,2003,423295.0,2466.2,130000.0,354520.0,Western Africa,West Africa,0.0,423295.0,0.0,3.2561153846153847
Guinea,2003,423295.0,2466.2,130000.0,178.6,Western Africa,West Africa,0.0,423295.0,0.0,3.2561153846153847
Guinea,2003,423295.0,2466.2,130000.0,34.33,Western Africa,West Africa,0.0,423295.0,0.0,3.2561153846153847
Guinea,2003,423295.0,2466.2,284065.0,74.92,Western Africa,West Africa,0.0,423295.0,0.0,1.4901343002481826
Guinea,2003,423295.0,2466.2,284065.0,354520.0,Western Africa,West Africa,0.0,423295.0,0.0,1.4901343002481826
Guinea,2003,423295.0,2466.2,284065.0,354520.0,Western Africa,West Africa,0.0,423295.0,0.0,1.4901343002481826
Guinea,2003,423295.0,2466.2,284065.0,178.6,Western Africa,West Africa,0.0,423295.0,0.0,1.4901343002481826
Guinea,2003,423295.0,2466.2,284065.0,34.33,Western Africa,West Africa,0.0,423295.0,0.0,1.4901343002481826
Guinea,2003,423295.0,1490.1,130000.0,74.92,Western Africa,West Africa,0.0,423295.0,0.0,3.2561153846153847
Guinea,2003,423295.0,1490.1,130000.0,354520.0,Western Africa,West Africa,0.0,423295.0,0.0,3.2561153846153847
Guinea,2003,423295.0,1490.1,130000.0,354520.0,Western Africa,West Africa,0.0,423295.0,0.0,3.2561153846153847
Guinea,2003,423295.0,1490.1,130000.0,178.6,Western Africa,West Africa,0.0,423295.0,0.0,3.2561153846153847
Guinea,2003,423295.0,1490.1,130000.0,34.33,Western Africa,West Africa,0.0,423295.0,0.0,3.2561153846153847
Guinea,2003,423295.0,1490.1,284065.0,74.92,Western Africa,West Africa,0.0,423295.0,0.0,1.4901343002481826
Guinea,2003,423295.0,1490.1,284065.0,354520.0,Western Africa,West Africa,0.0,423295.0,0.0,1.4901343002481826
Guinea,2003,423295.0,1490.1,284065.0,354520.0,Western Africa,West Africa,0.0,423295.0,0.0,1.4901343002481826
Guinea,2003,423295.0,1490.1,284065.0,178.6,Western Africa,West Africa,0.0,423295.0,0.0,1.4901343002481826
Guinea,2003,423295.0,1490.1,284065.0,34.33,Western Africa,West Africa,0.0,423295.0,0.0,1.4901343002481826
Guinea,2004,331599.2,2456.3,135000.0,62.68,Western Africa,West Africa,-21.66238675155624,392729.73333333334,-15.565547536847221,2.4562903703703705
Guinea,2004,331599.2,2456.3,135000.0,443150.0,Western Africa,West Africa,0.0,362164.4666666666,-8.439609481290896,2.4562903703703705
Guinea,2004,331599.2,2456.3,135000.0,443150.0,Western Africa,West Africa,0.0,331599.2,0.0,2.4562903703703705
Guinea,2004,331599.2,2456.3,135000.0,197.5,Western Africa,West Africa,0.0,331599.2,0.0,2.4562903703703705
Guinea,2004,331599.2,2456.3,135000.0,42.92,Western Africa,West Africa,0.0,331599.2,0.0,2.4562903703703705
Guinea,2004,331599.2,2456.3,304432.0,62.68,Western Africa,West Africa,0.0,331599.2,0.0,1.0892389761917276
Guinea,2004,331599.2,2456.3,304432.0,443150.0,Western Africa,West Africa,0.0,331599.2,0.0,1.0892389761917276
Guinea,2004,331599.2,2456.3,304432.0,443150.0,Western Africa,West Africa,0.0,331599.2,0.0,1.0892389761917276
Guinea,2004,331599.2,2456.3,304432.0,197.5,Western Africa,West Africa,0.0,331599.2,0.0,1.0892389761917276
Guinea,2004,331599.2,2456.3,304432.0,42.92,Western Africa,West Africa,0.0,331599.2,0.0,1.0892389761917276
Guinea,2004,331599.2,1514.3,135000.0,62.68,Western Africa,West Africa,0.0,331599.2,0.0,2.4562903703703705
Guinea,2004,331599.2,1514.3,135000.0,443150.0,Western Africa,West Africa,0.0,331599.2,0.0,2.4562903703703705
Guinea,2004,331599.2,1514.3,135000.0,443150.0,Western Africa,West Africa,0.0,331599.2,0.0,2.4562903703703705
Guinea,2004,331599.2,1514.3,135000.0,197.5,Western Africa,West Africa,0.0,331599.2,0.0,2.4562903703703705
Guinea,2004,331599.2,1514.3,135000.0,42.92,Western Africa,West Africa,0.0,331599.2,0.0,2.4562903703703705
Guinea,2004,331599.2,1514.3,304432.0,62.68,Western Africa,West Africa,0.0,331599.2,0.0,1.0892389761917276
Guinea,2004,331599.2,1514.3,304432.0,443150.0,Western Africa,West Africa,0.0,331599.2,0.0,1.0892389761917276
Guinea,2004,331599.2,1514.3,304432.0,443150.0,Western Africa,West Africa,0.0,331599.2,0.0,1.0892389761917276
Guinea,2004,331599.2,1514.3,304432.0,197.5,Western Africa,West Africa,0.0,331599.2,0.0,1.0892389761917276
Guinea,2004,331599.2,1514.3,304432.0,42.92,Western Africa,West Africa,0.0,331599.2,0.0,1.0892389761917276
Guinea,2004,460994.0,2456.3,135000.0,62.68,Western Africa,West Africa,39.02144516633332,374730.8,23.020045323202687,3.4147703703703702
Guinea,2004,460994.0,2456.3,135000.0,443150.0,Western Africa,West Africa,0.0,417862.4000000001,10.321962445053662,3.4147703703703702
Guinea,2004,460994.0,2456.3,135000.0,443150.0,Western Africa,West Africa,0.0,460994.0,0.0,3.4147703703703702
Guinea,2004,460994.0,2456.3,135000.0,197.5,Western Africa,West Africa,0.0,460994.0,0.0,3.4147703703703702
Guinea,2004,460994.0,2456.3,135000.0,42.92,Western Africa,West Africa,0.0,460994.0,0.0,3.4147703703703702
Guinea,2004,460994.0,2456.3,304432.0,62.68,Western Africa,West Africa,0.0,460994.0,0.0,1.514275766016713
Guinea,2004,460994.0,2456.3,304432.0,443150.0,Western Africa,West Africa,0.0,460994.0,0.0,1.514275766016713
Guinea,2004,460994.0,2456.3,304432.0,443150.0,Western Africa,West Africa,0.0,460994.0,0.0,1.514275766016713
Guinea,2004,460994.0,2456.3,304432.0,197.5,Western Africa,West Africa,0.0,460994.0,0.0,1.514275766016713
Guinea,2004,460994.0,2456.3,304432.0,42.92,Western Africa,West Africa,0.0,460994.0,0.0,1.514275766016713
Guinea,2004,460994.0,1514.3,135000.0,62.68,Western Africa,West Africa,0.0,460994.0,0.0,3.4147703703703702
Guinea,2004,460994.0,1514.3,135000.0,443150.0,Western Africa,West Africa,0.0,460994.0,0.0,3.4147703703703702
Guinea,2004,460994.0,1514.3,135000.0,443150.0,Western Africa,West Africa,0.0,460994.0,0.0,3.4147703703703702
Guinea,2004,460994.0,1514.3,135000.0,197.5,Western Africa,West Africa,0.0,460994.0,0.0,3.4147703703703702
Guinea,2004,460994.0,1514.3,135000.0,42.92,Western Africa,West Africa,0.0,460994.0,0.0,3.4147703703703702
Guinea,2004,460994.0,1514.3,304432.0,62.68,Western Africa,West Africa,0.0,460994.0,0.0,1.514275766016713
Guinea,2004,460994.0,1514.3,304432.0,443150.0,Western Africa,West Africa,0.0,460994.0,0.0,1.514275766016713
Guinea,2004,460994.0,1514.3,304432.0,443150.0,Western Africa,West Africa,0.0,460994.0,0.0,1.514275766016713
Guinea,2004,460994.0,1514.3,304432.0,197.5,Western Africa,West Africa,0.0,460994.0,0.0,1.514275766016713
Guinea,2004,460994.0,1514.3,304432.0,42.92,Western Africa,West Africa,0.0,460994.0,0.0,1.514275766016713
Guinea,2005,342942.67,2449.6,140000.0,48.23,Western Africa,West Africa,-25.607997067206956,421643.55666666664,-18.665264871789375,2.4495905
Guinea,2005,342942.67,2449.6,140000.0,553900.0,Western Africa,West Africa,0.0,382293.1133333333,-10.29326502646738,2.4495905
Guinea,2005,342942.67,2449.6,140000.0,553900.0,Western Africa,West Africa,0.0,342942.67,0.0,2.4495905
Guinea,2005,342942.67,2449.6,140000.0,152.0,Western Africa,West Africa,0.0,342942.67,0.0,2.4495905
Guinea,2005,342942.67,2449.6,140000.0,53.64,Western Africa,West Africa,0.0,342942.67,0.0,2.4495905
Guinea,2005,342942.67,2449.6,326260.0,48.23,Western Africa,West Africa,0.0,342942.67,0.0,1.0511330533929995
Guinea,2005,342942.67,2449.6,326260.0,553900.0,Western Africa,West Africa,0.0,342942.67,0.0,1.0511330533929995
Guinea,2005,342942.67,2449.6,326260.0,553900.0,Western Africa,West Africa,0.0,342942.67,0.0,1.0511330533929995
Guinea,2005,342942.67,2449.6,326260.0,152.0,Western Africa,West Africa,0.0,342942.67,0.0,1.0511330533929995
Guinea,2005,342942.67,2449.6,326260.0,53.64,Western Africa,West Africa,0.0,342942.67,0.0,1.0511330533929995
Guinea,2005,342942.67,1538.8,140000.0,48.23,Western Africa,West Africa,0.0,342942.67,0.0,2.4495905
Guinea,2005,342942.67,1538.8,140000.0,553900.0,Western Africa,West Africa,0.0,342942.67,0.0,2.4495905
Guinea,2005,342942.67,1538.8,140000.0,553900.0,Western Africa,West Africa,0.0,342942.67,0.0,2.4495905
Guinea,2005,342942.67,1538.8,140000.0,152.0,Western Africa,West Africa,0.0,342942.67,0.0,2.4495905
Guinea,2005,342942.67,1538.8,140000.0,53.64,Western Africa,West Africa,0.0,342942.67,0.0,2.4495905
Guinea,2005,342942.67,1538.8,326260.0,48.23,Western Africa,West Africa,0.0,342942.67,0.0,1.0511330533929995
Guinea,2005,342942.67,1538.8,326260.0,553900.0,Western Africa,West Africa,0.0,342942.67,0.0,1.0511330533929995
Guinea,2005,342942.67,1538.8,326260.0,553900.0,Western Africa,West Africa,0.0,342942.67,0.0,1.0511330533929995
Guinea,2005,342942.67,1538.8,326260.0,152.0,Western Africa,West Africa,0.0,342942.67,0.0,1.0511330533929995
Guinea,2005,342942.67,1538.8,326260.0,53.64,Western Africa,West Africa,0.0,342942.67,0.0,1.0511330533929995
Guinea,2005,502051.0,2449.6,140000.0,48.23,Western Africa,West Africa,46.395022818245394,395978.77999999997,26.78734956453981,3.5860785714285712
Guinea,2005,502051.0,2449.6,140000.0,553900.0,Western Africa,West Africa,0.0,449014.88999999996,11.811659519799008,3.5860785714285712
Guinea,2005,502051.0,2449.6,140000.0,553900.0,Western Africa,West Africa,0.0,502051.0,0.0,3.5860785714285712
Guinea,2005,502051.0,2449.6,140000.0,152.0,Western Africa,West Africa,0.0,502051.0,0.0,3.5860785714285712
Guinea,2005,502051.0,2449.6,140000.0,53.64,Western Africa,West Africa,0.0,502051.0,0.0,3.5860785714285712
Guinea,2005,502051.0,2449.6,326260.0,48.23,Western Africa,West Africa,0.0,502051.0,0.0,1.538806473364801
Guinea,2005,502051.0,2449.6,326260.0,553900.0,Western Africa,West Africa,0.0,502051.0,0.0,1.538806473364801
Guinea,2005,502051.0,2449.6,326260.0,553900.0,Western Africa,West Africa,0.0,502051.0,0.0,1.538806473364801
Guinea,2005,502051.0,2449.6,326260.0,152.0,Western Africa,West Africa,0.0,502051.0,0.0,1.538806473364801
Guinea,2005,502051.0,2449.6,326260.0,53.64,Western Africa,West Africa,0.0,502051.0,0.0,1.538806473364801
Guinea,2005,502051.0,1538.8,140000.0,48.23,Western Africa,West Africa,0.0,502051.0,0.0,3.5860785714285712
Guinea,2005,502051.0,1538.8,140000.0,553900.0,Western Africa,West Africa,0.0,502051.0,0.0,3.5860785714285712
Guinea,2005,502051.0,1538.8,140000.0,553900.0,Western Africa,West Africa,0.0,502051.0,0.0,3.5860785714285712
Guinea,2005,502051.0,1538.8,140000.0,152.0,Western Africa,West Africa,0.0,502051.0,0.0,3.5860785714285712
Guinea,2005,502051.0,1538.8,140000.0,53.64,Western Africa,West Africa,0.0,502051.0,0.0,3.5860785714285712
Guinea,2005,502051.0,1538.8,326260.0,48.23,Western Africa,West Africa,0.0,502051.0,0.0,1.538806473364801
Guinea,2005,502051.0,1538.8,326260.0,553900.0,Western Africa,West Africa,0.0,502051.0,0.0,1.538806473364801
Guinea,2005,502051.0,1538.8,326260.0,553900.0,Western Africa,West Africa,0.0,502051.0,0.0,1.538806473364801
Guinea,2005,502051.0,1538.8,326260.0,152.0,Western Africa,West Africa,0.0,502051.0,0.0,1.538806473364801
Guinea,2005,502051.0,1538.8,326260.0,53.64,Western Africa,West Africa,0.0,502051.0,0.0,1.538806473364801
Guinea,2006,270000.0,2454.5,110000.0,36.41,Western Africa,West Africa,-46.220603086140656,424700.6666666667,-36.42581206214259,2.4545454545454546
Guinea,2006,270000.0,2454.5,110000.0,60.15,Western Africa,West Africa,0.0,347350.3333333333,-22.268679747920203,2.4545454545454546
Guinea,2006,270000.0,2454.5,349653.0,36.41,Western Africa,West Africa,0.0,270000.0,0.0,0.7721941467683675
Guinea,2006,270000.0,2454.5,349653.0,60.15,Western Africa,West Africa,0.0,270000.0,0.0,0.7721941467683675
Guinea,2006,270000.0,1563.7,110000.0,36.41,Western Africa,West Africa,0.0,270000.0,0.0,2.4545454545454546
Guinea,2006,270000.0,1563.7,110000.0,60.15,Western Africa,West Africa,0.0,270000.0,0.0,2.4545454545454546
Guinea,2006,270000.0,1563.7,349653.0,36.41,Western Africa,West Africa,0.0,270000.0,0.0,0.7721941467683675
Guinea,2006,270000.0,1563.7,349653.0,60.15,Western Africa,West Africa,0.0,270000.0,0.0,0.7721941467683675
Guinea,2006,546765.0,2454.5,110000.0,36.41,Western Africa,West Africa,102.50555555555553,362255.0,50.93373452402313,4.970590909090909
Guinea,2006,546765.0,2454.5,110000.0,60.15,Western Africa,West Africa,0.0,454510.0,20.297683219291105,4.970590909090909
Guinea,2006,546765.0,2454.5,349653.0,36.41,Western Africa,West Africa,0.0,546765.0,0.0,1.5637360468807646
Guinea,2006,546765.0,2454.5,349653.0,60.15,Western Africa,West Africa,0.0,546765.0,0.0,1.5637360468807646
Guinea,2006,546765.0,1563.7,110000.0,36.41,Western Africa,West Africa,0.0,546765.0,0.0,4.970590909090909
Guinea,2006,546765.0,1563.7,110000.0,60.15,Western Africa,West Africa,0.0,546765.0,0.0,4.970590909090909
Guinea,2006,546765.0,1563.7,349653.0,36.41,Western Africa,West Africa,0.0,546765.0,0.0,1.5637360468807646
Guinea,2006,546765.0,1563.7,349653.0,60.15,Western Africa,West Africa,0.0,546765.0,0.0,1.5637360468807646
Guinea,2007,280000.0,2434.8,115000.0,33.99,Western Africa,West Africa,-48.78969941382495,457843.3333333333,-38.843709274642706,2.4347826086956523
Guinea,2007,280000.0,2434.8,115000.0,66.74,Western Africa,West Africa,0.0,368921.6666666667,-24.10312939061138,2.4347826086956523
Guinea,2007,280000.0,2434.8,374723.0,33.99,Western Africa,West Africa,0.0,280000.0,0.0,0.7472186121481734
Guinea,2007,280000.0,2434.8,374723.0,66.74,Western Africa,West Africa,0.0,280000.0,0.0,0.7472186121481734
Guinea,2007,280000.0,1589.1,115000.0,33.99,Western Africa,West Africa,0.0,280000.0,0.0,2.4347826086956523
Guinea,2007,280000.0,1589.1,115000.0,66.74,Western Africa,West Africa,0.0,280000.0,0.0,2.4347826086956523
Guinea,2007,280000.0,1589.1,374723.0,33.99,Western Africa,West Africa,0.0,280000.0,0.0,0.7472186121481734
Guinea,2007,280000.0,1589.1,374723.0,66.74,Western Africa,West Africa,0.0,280000.0,0.0,0.7472186121481734
Guinea,2007,595460.0,2434.8,115000.0,33.99,Western Africa,West Africa,112.66428571428571,385153.3333333333,54.60336143181072,5.177913043478261
Guinea,2007,595460.0,2434.8,115000.0,66.74,Western Africa,West Africa,0.0,490306.6666666667,21.446441682756365,5.177913043478261
Guinea,2007,595460.0,2434.8,374723.0,33.99,Western Africa,West Africa,0.0,595460.0,0.0,1.5890671242491121
Guinea,2007,595460.0,2434.8,374723.0,66.74,Western Africa,West Africa,0.0,595460.0,0.0,1.5890671242491121
Guinea,2007,595460.0,1589.1,115000.0,33.99,Western Africa,West Africa,0.0,595460.0,0.0,5.177913043478261
Guinea,2007,595460.0,1589.1,115000.0,66.74,Western Africa,West Africa,0.0,595460.0,0.0,5.177913043478261
Guinea,2007,595460.0,1589.1,374723.0,33.99,Western Africa,West Africa,0.0,595460.0,0.0,1.5890671242491121
Guinea,2007,595460.0,1589.1,374723.0,66.74,Western Africa,West Africa,0.0,595460.0,0.0,1.5890671242491121
Guinea,2008,285000.0,2456.9,116000.0,34.5,Western Africa,West Africa,-52.137843012125074,491973.3333333333,-42.07003089598352,2.456896551724138
Guinea,2008,285000.0,2456.9,116000.0,73.31,Western Africa,West Africa,0.0,388486.6666666667,-26.638408868601243,2.456896551724138
Guinea,2008,285000.0,2456.9,484296.0,34.5,Western Africa,West Africa,0.0,285000.0,0.0,0.5884830764656326
Guinea,2008,285000.0,2456.9,484296.0,73.31,Western Africa,West Africa,0.0,285000.0,0.0,0.5884830764656326
Guinea,2008,285000.0,1079.3,116000.0,34.5,Western Africa,West Africa,0.0,285000.0,0.0,2.456896551724138
Guinea,2008,285000.0,1079.3,116000.0,73.31,Western Africa,West Africa,0.0,285000.0,0.0,2.456896551724138
Guinea,2008,285000.0,1079.3,484296.0,34.5,Western Africa,West Africa,0.0,285000.0,0.0,0.5884830764656326
Guinea,2008,285000.0,1079.3,484296.0,73.31,Western Africa,West Africa,0.0,285000.0,0.0,0.5884830764656326
Guinea,2008,522695.0,2456.9,116000.0,34.5,Western Africa,West Africa,83.4017543859649,364231.6666666667,43.50619340255057,4.505991379310345
Guinea,2008,522695.0,2456.9,116000.0,73.31,Western Africa,West Africa,0.0,443463.3333333333,17.866565443215904,4.505991379310345
Guinea,2008,522695.0,2456.9,484296.0,34.5,Western Africa,West Africa,0.0,522695.0,0.0,1.0792882865024696
Guinea,2008,522695.0,2456.9,484296.0,73.31,Western Africa,West Africa,0.0,522695.0,0.0,1.0792882865024696
Guinea,2008,522695.0,1079.3,116000.0,34.5,Western Africa,West Africa,0.0,522695.0,0.0,4.505991379310345
Guinea,2008,522695.0,1079.3,116000.0,73.31,Western Africa,West Africa,0.0,522695.0,0.0,4.505991379310345
Guinea,2008,522695.0,1079.3,484296.0,34.5,Western Africa,West Africa,0.0,522695.0,0.0,1.0792882865024696
Guinea,2008,522695.0,1079.3,484296.0,73.31,Western Africa,West Africa,0.0,522695.0,0.0,1.0792882865024696
Guinea,2009,290000.0,2416.7,120000.0,36.79,Western Africa,West Africa,-44.518313739369994,445130.0,-34.85049311437108,2.4166666666666665
Guinea,2009,290000.0,2416.7,120000.0,79.84,Western Africa,West Africa,0.0,367565.0,-21.10239005345993,2.4166666666666665
Guinea,2009,290000.0,2416.7,346652.0,36.79,Western Africa,West Africa,0.0,290000.0,0.0,0.8365738550477135
Guinea,2009,290000.0,2416.7,346652.0,79.84,Western Africa,West Africa,0.0,290000.0,0.0,0.8365738550477135
Guinea,2009,290000.0,1631.8,120000.0,36.79,Western Africa,West Africa,0.0,290000.0,0.0,2.4166666666666665
Guinea,2009,290000.0,1631.8,120000.0,79.84,Western Africa,West Africa,0.0,290000.0,0.0,2.4166666666666665
Guinea,2009,290000.0,1631.8,346652.0,36.79,Western Africa,West Africa,0.0,290000.0,0.0,0.8365738550477135
Guinea,2009,290000.0,1631.8,346652.0,79.84,Western Africa,West Africa,0.0,290000.0,0.0,0.8365738550477135
Guinea,2009,565667.0,2416.7,120000.0,36.79,Western Africa,West Africa,95.05758620689654,381889.0,48.12340758702136,4.713891666666667
Guinea,2009,565667.0,2416.7,120000.0,79.84,Western Africa,West Africa,0.0,473778.0,19.39494868904846,4.713891666666667
Guinea,2009,565667.0,2416.7,346652.0,36.79,Western Africa,West Africa,0.0,565667.0,0.0,1.6318007684940516
Guinea,2009,565667.0,2416.7,346652.0,79.84,Western Africa,West Africa,0.0,565667.0,0.0,1.6318007684940516
Guinea,2009,565667.0,1631.8,120000.0,36.79,Western Africa,West Africa,0.0,565667.0,0.0,4.713891666666667
Guinea,2009,565667.0,1631.8,120000.0,79.84,Western Africa,West Africa,0.0,565667.0,0.0,4.713891666666667
Guinea,2009,565667.0,1631.8,346652.0,36.79,Western Africa,West Africa,0.0,565667.0,0.0,1.6318007684940516
Guinea,2009,565667.0,1631.8,346652.0,79.84,Western Africa,West Africa,0.0,565667.0,0.0,1.6318007684940516
Guinea,2010,299516.23,2396.1,125000.0,68.38,Western Africa,West Africa,-47.05078606317852,476950.07666666666,-37.201764995348256,2.39612984
Guinea,2010,299516.23,2396.1,125000.0,78.71,Western Africa,West Africa,0.0,388233.1533333333,-22.851454743526713,2.39612984
Guinea,2010,299516.23,2396.1,358092.0,68.38,Western Africa,West Africa,0.0,299516.23,0.0,0.8364225673849178
Guinea,2010,299516.23,2396.1,358092.0,78.71,Western Africa,West Africa,0.0,299516.23,0.0,0.8364225673849178
Guinea,2010,299516.23,1631.3,125000.0,68.38,Western Africa,West Africa,0.0,299516.23,0.0,2.39612984
Guinea,2010,299516.23,1631.3,125000.0,78.71,Western Africa,West Africa,0.0,299516.23,0.0,2.39612984
Guinea,2010,299516.23,1631.3,358092.0,68.38,Western Africa,West Africa,0.0,299516.23,0.0,0.8364225673849178
Guinea,2010,299516.23,1631.3,358092.0,78.71,Western Africa,West Africa,0.0,299516.23,0.0,0.8364225673849178
Guinea,2010,584141.0,2396.1,125000.0,68.38,Western Africa,West Africa,95.02816258070557,394391.1533333333,48.1120950769129,4.673128
Guinea,2010,584141.0,2396.1,125000.0,78.71,Western Africa,West Africa,0.0,489266.07666666666,19.391273553995227,4.673128
Guinea,2010,584141.0,2396.1,358092.0,68.38,Western Africa,West Africa,0.0,584141.0,0.0,1.6312595645811692
Guinea,2010,584141.0,2396.1,358092.0,78.71,Western Africa,West Africa,0.0,584141.0,0.0,1.6312595645811692
Guinea,2010,584141.0,1631.3,125000.0,68.38,Western Africa,West Africa,0.0,584141.0,0.0,4.673128
Guinea,2010,584141.0,1631.3,125000.0,78.71,Western Africa,West Africa,0.0,584141.0,0.0,4.673128
Guinea,2010,584141.0,1631.3,358092.0,68.38,Western Africa,West Africa,0.0,584141.0,0.0,1.6312595645811692
Guinea,2010,584141.0,1631.3,358092.0,78.71,Western Africa,West Africa,0.0,584141.0,0.0,1.6312595645811692
Guinea,2011,310000.0,2384.6,130000.0,68.03,Western Africa,West Africa,-46.93062120275755,492760.6666666667,-37.08913454942968,2.3846153846153846
Guinea,2011,310000.0,2384.6,130000.0,83.73,Western Africa,West Africa,0.0,401380.3333333333,-22.76651986768991,2.3846153846153846
Guinea,2011,310000.0,2384.6,368607.0,68.03,Western Africa,West Africa,0.0,310000.0,0.0,0.841004104642614
Guinea,2011,310000.0,2384.6,368607.0,83.73,Western Africa,West Africa,0.0,310000.0,0.0,0.841004104642614
Guinea,2011,310000.0,1658.4,130000.0,68.03,Western Africa,West Africa,0.0,310000.0,0.0,2.3846153846153846
Guinea,2011,310000.0,1658.4,130000.0,83.73,Western Africa,West Africa,0.0,310000.0,0.0,2.3846153846153846
Guinea,2011,310000.0,1658.4,368607.0,68.03,Western Africa,West Africa,0.0,310000.0,0.0,0.841004104642614
Guinea,2011,310000.0,1658.4,368607.0,83.73,Western Africa,West Africa,0.0,310000.0,0.0,0.841004104642614
Guinea,2011,611294.0,2384.6,130000.0,68.03,Western Africa,West Africa,97.1916129032258,410431.3333333333,48.939408459717995,4.7022615384615385
Guinea,2011,611294.0,2384.6,130000.0,83.73,Western Africa,West Africa,0.0,510862.6666666667,19.659164759217738,4.7022615384615385
Guinea,2011,611294.0,2384.6,368607.0,68.03,Western Africa,West Africa,0.0,611294.0,0.0,1.6583895585271033
Guinea,2011,611294.0,2384.6,368607.0,83.73,Western Africa,West Africa,0.0,611294.0,0.0,1.6583895585271033
Guinea,2011,611294.0,1658.4,130000.0,68.03,Western Africa,West Africa,0.0,611294.0,0.0,4.7022615384615385
Guinea,2011,611294.0,1658.4,130000.0,83.73,Western Africa,West Africa,0.0,611294.0,0.0,4.7022615384615385
Guinea,2011,611294.0,1658.4,368607.0,68.03,Western Africa,West Africa,0.0,611294.0,0.0,1.6583895585271033
Guinea,2011,611294.0,1658.4,368607.0,83.73,Western Africa,West Africa,0.0,611294.0,0.0,1.6583895585271033
Guinea,2012,285000.0,2159.1,132000.0,78.18,Western Africa,West Africa,-53.37758917967459,502529.3333333333,-43.28689270543411,2.159090909090909
Guinea,2012,285000.0,2159.1,132000.0,87.93,Western Africa,West Africa,0.0,393764.6666666667,-27.62174361335959,2.159090909090909
Guinea,2012,285000.0,2159.1,525447.0,78.18,Western Africa,West Africa,0.0,285000.0,0.0,0.5423953319744903
Guinea,2012,285000.0,2159.1,525447.0,87.93,Western Africa,West Africa,0.0,285000.0,0.0,0.5423953319744903
Guinea,2012,285000.0,1220.0,132000.0,78.18,Western Africa,West Africa,0.0,285000.0,0.0,2.159090909090909
Guinea,2012,285000.0,1220.0,132000.0,87.93,Western Africa,West Africa,0.0,285000.0,0.0,2.159090909090909
Guinea,2012,285000.0,1220.0,525447.0,78.18,Western Africa,West Africa,0.0,285000.0,0.0,0.5423953319744903
Guinea,2012,285000.0,1220.0,525447.0,87.93,Western Africa,West Africa,0.0,285000.0,0.0,0.5423953319744903
Guinea,2012,641045.0,2159.1,132000.0,78.18,Western Africa,West Africa,124.92807017543859,403681.6666666667,58.79963172301606,4.856401515151515
Guinea,2012,641045.0,2159.1,132000.0,87.93,Western Africa,West Africa,0.0,522363.3333333333,22.720137324595274,4.856401515151515
Guinea,2012,641045.0,2159.1,525447.0,78.18,Western Africa,West Africa,0.0,641045.0,0.0,1.2199993529318847
Guinea,2012,641045.0,2159.1,525447.0,87.93,Western Africa,West Africa,0.0,641045.0,0.0,1.2199993529318847
Guinea,2012,641045.0,1220.0,132000.0,78.18,Western Africa,West Africa,0.0,641045.0,0.0,4.856401515151515
Guinea,2012,641045.0,1220.0,132000.0,87.93,Western Africa,West Africa,0.0,641045.0,0.0,4.856401515151515
Guinea,2012,641045.0,1220.0,525447.0,78.18,Western Africa,West Africa,0.0,641045.0,0.0,1.2199993529318847
Guinea,2012,641045.0,1220.0,525447.0,87.93,Western Africa,West Africa,0.0,641045.0,0.0,1.2199993529318847
Guinea,2013,287632.19,2198.6,130823.0,85.56,Western Africa,West Africa,-55.13073341185096,523240.73,-45.028707914232896,2.198636248977626
Guinea,2013,287632.19,2198.6,130823.0,92.91,Western Africa,West Africa,0.0,405436.45999999996,-29.05616085933662,2.198636248977626
Guinea,2013,287632.19,2198.6,537795.0,85.56,Western Africa,West Africa,0.0,287632.19,0.0,0.5348361178515977
Guinea,2013,287632.19,2198.6,537795.0,92.91,Western Africa,West Africa,0.0,287632.19,0.0,0.5348361178515977
Guinea,2013,287632.19,1250.0,130823.0,85.56,Western Africa,West Africa,0.0,287632.19,0.0,2.198636248977626
Guinea,2013,287632.19,1250.0,130823.0,92.91,Western Africa,West Africa,0.0,287632.19,0.0,2.198636248977626
Guinea,2013,287632.19,1250.0,537795.0,85.56,Western Africa,West Africa,0.0,287632.19,0.0,0.5348361178515977
Guinea,2013,287632.19,1250.0,537795.0,92.91,Western Africa,West Africa,0.0,287632.19,0.0,0.5348361178515977
Guinea,2013,672244.0,2198.6,130823.0,85.56,Western Africa,West Africa,133.71653916760846,415836.12666666665,61.660797821654725,5.138576549995031
Guinea,2013,672244.0,2198.6,130823.0,92.91,Western Africa,West Africa,0.0,544040.0633333334,23.565164646360998,5.138576549995031
Guinea,2013,672244.0,2198.6,537795.0,85.56,Western Africa,West Africa,0.0,672244.0,0.0,1.250000464861146
Guinea,2013,672244.0,2198.6,537795.0,92.91,Western Africa,West Africa,0.0,672244.0,0.0,1.250000464861146
Guinea,2013,672244.0,1250.0,130823.0,85.56,Western Africa,West Africa,0.0,672244.0,0.0,5.138576549995031
Guinea,2013,672244.0,1250.0,130823.0,92.91,Western Africa,West Africa,0.0,672244.0,0.0,5.138576549995031
Guinea,2013,672244.0,1250.0,537795.0,85.56,Western Africa,West Africa,0.0,672244.0,0.0,1.250000464861146
Guinea,2013,672244.0,1250.0,537795.0,92.91,Western Africa,West Africa,0.0,672244.0,0.0,1.250000464861146
Guinea,2014,292921.67,2216.5,132153.0,93.02,Western Africa,West Africa,-56.426287181440074,545803.2233333334,-46.33200071427452,2.216534395738273
Guinea,2014,292921.67,2216.5,132153.0,97.84,Western Africa,West Africa,0.0,419362.4466666666,-30.150715132385,2.216534395738273
Guinea,2014,292921.67,2216.5,566780.0,93.02,Western Africa,West Africa,0.0,292921.67,0.0,0.5168172306715128
Guinea,2014,292921.67,2216.5,566780.0,97.84,Western Africa,West Africa,0.0,292921.67,0.0,0.5168172306715128
Guinea,2014,292921.67,1232.3,132153.0,93.02,Western Africa,West Africa,0.0,292921.67,0.0,2.216534395738273
Guinea,2014,292921.67,1232.3,132153.0,97.84,Western Africa,West Africa,0.0,292921.67,0.0,2.216534395738273
Guinea,2014,292921.67,1232.3,566780.0,93.02,Western Africa,West Africa,0.0,292921.67,0.0,0.5168172306715128
Guinea,2014,292921.67,1232.3,566780.0,97.84,Western Africa,West Africa,0.0,292921.67,0.0,0.5168172306715128
Guinea,2014,698462.0,2216.5,132153.0,93.02,Western Africa,West Africa,138.44668098471513,428101.77999999997,63.15325762018556,5.285252699522523
Guinea,2014,698462.0,2216.5,132153.0,97.84,Western Africa,West Africa,0.0,563281.89,23.99866077711108,5.285252699522523
Guinea,2014,698462.0,2216.5,566780.0,93.02,Western Africa,West Africa,0.0,698462.0,0.0,1.2323335332933414
Guinea,2014,698462.0,2216.5,566780.0,97.84,Western Africa,West Africa,0.0,698462.0,0.0,1.2323335332933414
Guinea,2014,698462.0,1232.3,132153.0,93.02,Western Africa,West Africa,0.0,698462.0,0.0,5.285252699522523
Guinea,2014,698462.0,1232.3,132153.0,97.84,Western Africa,West Africa,0.0,698462.0,0.0,5.285252699522523
Guinea,2014,698462.0,1232.3,566780.0,93.02,Western Africa,West Africa,0.0,698462.0,0.0,1.2323335332933414
Guinea,2014,698462.0,1232.3,566780.0,97.84,Western Africa,West Africa,0.0,698462.0,0.0,1.2323335332933414
Guinea,2015,296234.11,2221.6,133345.0,100.21,Western Africa,West Africa,-57.58765544868582,564386.0366666667,-47.51214758083048,2.221561438374142
Guinea,2015,296234.11,2221.6,133345.0,102.71,Western Africa,West Africa,0.0,430310.0733333333,-31.157988539458003,2.221561438374142
Guinea,2015,296234.11,2221.6,581847.0,100.21,Western Africa,West Africa,0.0,296234.11,0.0,0.5091271588579128
Guinea,2015,296234.11,2221.6,581847.0,102.71,Western Africa,West Africa,0.0,296234.11,0.0,0.5091271588579128
Guinea,2015,296234.11,1250.3,133345.0,100.21,Western Africa,West Africa,0.0,296234.11,0.0,2.221561438374142
Guinea,2015,296234.11,1250.3,133345.0,102.71,Western Africa,West Africa,0.0,296234.11,0.0,2.221561438374142
Guinea,2015,296234.11,1250.3,581847.0,100.21,Western Africa,West Africa,0.0,296234.11,0.0,0.5091271588579128
Guinea,2015,296234.11,1250.3,581847.0,102.71,Western Africa,West Africa,0.0,296234.11,0.0,0.5091271588579128
Guinea,2015,727488.0,2221.6,133345.0,100.21,Western Africa,West Africa,145.57874175934705,439985.4066666667,65.34366571642808,5.45568262777007
Guinea,2015,727488.0,2221.6,133345.0,102.71,Western Africa,West Africa,0.0,583736.7033333333,24.626050725575148,5.45568262777007
Guinea,2015,727488.0,2221.6,581847.0,100.21,Western Africa,West Africa,0.0,727488.0,0.0,1.2503080706783742
Guinea,2015,727488.0,2221.6,581847.0,102.71,Western Africa,West Africa,0.0,727488.0,0.0,1.2503080706783742
Guinea,2015,727488.0,1250.3,133345.0,100.21,Western Africa,West Africa,0.0,727488.0,0.0,5.45568262777007
Guinea,2015,727488.0,1250.3,133345.0,102.71,Western Africa,West Africa,0.0,727488.0,0.0,5.45568262777007
Guinea,2015,727488.0,1250.3,581847.0,100.21,Western Africa,West Africa,0.0,727488.0,0.0,1.2503080706783742
Guinea,2015,727488.0,1250.3,581847.0,102.71,Western Africa,West Africa,0.0,727488.0,0.0,1.2503080706783742
Guinea,2016,298346.47,2212.7,134832.0,106.77,Western Africa,West Africa,-58.989499483153,584440.8233333334,-48.95180861966596,2.2127274682567935
Guinea,2016,298346.47,2212.7,134832.0,1027000.0,Western Africa,West Africa,0.0,441393.64666666667,-32.408073325689166,2.2127274682567935
Guinea,2016,298346.47,2212.7,134832.0,1027000.0,Western Africa,West Africa,0.0,298346.47,0.0,2.2127274682567935
Guinea,2016,298346.47,2212.7,134832.0,114.6,Western Africa,West Africa,0.0,298346.47,0.0,2.2127274682567935
Guinea,2016,298346.47,2212.7,134832.0,99.46,Western Africa,West Africa,0.0,298346.47,0.0,2.2127274682567935
Guinea,2016,298346.47,2212.7,610389.0,106.77,Western Africa,West Africa,0.0,298346.47,0.0,0.48878087580215235
Guinea,2016,298346.47,2212.7,610389.0,1027000.0,Western Africa,West Africa,0.0,298346.47,0.0,0.48878087580215235
Guinea,2016,298346.47,2212.7,610389.0,1027000.0,Western Africa,West Africa,0.0,298346.47,0.0,0.48878087580215235
Guinea,2016,298346.47,2212.7,610389.0,114.6,Western Africa,West Africa,0.0,298346.47,0.0,0.48878087580215235
Guinea,2016,298346.47,2212.7,610389.0,99.46,Western Africa,West Africa,0.0,298346.47,0.0,0.48878087580215235
Guinea,2016,298346.47,1226.5,134832.0,106.77,Western Africa,West Africa,0.0,298346.47,0.0,2.2127274682567935
Guinea,2016,298346.47,1226.5,134832.0,1027000.0,Western Africa,West Africa,0.0,298346.47,0.0,2.2127274682567935
Guinea,2016,298346.47,1226.5,134832.0,1027000.0,Western Africa,West Africa,0.0,298346.47,0.0,2.2127274682567935
Guinea,2016,298346.47,1226.5,134832.0,114.6,Western Africa,West Africa,0.0,298346.47,0.0,2.2127274682567935
Guinea,2016,298346.47,1226.5,134832.0,99.46,Western Africa,West Africa,0.0,298346.47,0.0,2.2127274682567935
Guinea,2016,298346.47,1226.5,610389.0,106.77,Western Africa,West Africa,0.0,298346.47,0.0,0.48878087580215235
Guinea,2016,298346.47,1226.5,610389.0,1027000.0,Western Africa,West Africa,0.0,298346.47,0.0,0.48878087580215235
Guinea,2016,298346.47,1226.5,610389.0,1027000.0,Western Africa,West Africa,0.0,298346.47,0.0,0.48878087580215235
Guinea,2016,298346.47,1226.5,610389.0,114.6,Western Africa,West Africa,0.0,298346.47,0.0,0.48878087580215235
Guinea,2016,298346.47,1226.5,610389.0,99.46,Western Africa,West Africa,0.0,298346.47,0.0,0.48878087580215235
Guinea,2016,748639.0,2212.7,134832.0,106.77,Western Africa,West Africa,150.92939762283768,448443.98,66.94147616832765,5.552383707131838
Guinea,2016,748639.0,2212.7,134832.0,1027000.0,Western Africa,West Africa,0.0,598541.49,25.077210604063556,5.552383707131838
Guinea,2016,748639.0,2212.7,134832.0,1027000.0,Western Africa,West Africa,0.0,748639.0,0.0,5.552383707131838
Guinea,2016,748639.0,2212.7,134832.0,114.6,Western Africa,West Africa,0.0,748639.0,0.0,5.552383707131838
Guinea,2016,748639.0,2212.7,134832.0,99.46,Western Africa,West Africa,0.0,748639.0,0.0,5.552383707131838
Guinea,2016,748639.0,2212.7,610389.0,106.77,Western Africa,West Africa,0.0,748639.0,0.0,1.2264949073459712
Guinea,2016,748639.0,2212.7,610389.0,1027000.0,Western Africa,West Africa,0.0,748639.0,0.0,1.2264949073459712
Guinea,2016,748639.0,2212.7,610389.0,1027000.0,Western Africa,West Africa,0.0,748639.0,0.0,1.2264949073459712
Guinea,2016,748639.0,2212.7,610389.0,114.6,Western Africa,West Africa,0.0,748639.0,0.0,1.2264949073459712
Guinea,2016,748639.0,2212.7,610389.0,99.46,Western Africa,West Africa,0.0,748639.0,0.0,1.2264949073459712
Guinea,2016,748639.0,1226.5,134832.0,106.77,Western Africa,West Africa,0.0,748639.0,0.0,5.552383707131838
Guinea,2016,748639.0,1226.5,134832.0,1027000.0,Western Africa,West Africa,0.0,748639.0,0.0,5.552383707131838
Guinea,2016,748639.0,1226.5,134832.0,1027000.0,Western Africa,West Africa,0.0,748639.0,0.0,5.552383707131838
Guinea,2016,748639.0,1226.5,134832.0,114.6,Western Africa,West Africa,0.0,748639.0,0.0,5.552383707131838
Guinea,2016,748639.0,1226.5,134832.0,99.46,Western Africa,West Africa,0.0,748639.0,0.0,5.552383707131838
Guinea,2016,748639.0,1226.5,610389.0,106.77,Western Africa,West Africa,0.0,748639.0,0.0,1.2264949073459712
Guinea,2016,748639.0,1226.5,610389.0,1027000.0,Western Africa,West Africa,0.0,748639.0,0.0,1.2264949073459712
Guinea,2016,748639.0,1226.5,610389.0,1027000.0,Western Africa,West Africa,0.0,748639.0,0.0,1.2264949073459712
Guinea,2016,748639.0,1226.5,610389.0,114.6,Western Africa,West Africa,0.0,748639.0,0.0,1.2264949073459712
Guinea,2016,748639.0,1226.5,610389.0,99.46,Western Africa,West Africa,0.0,748639.0,0.0,1.2264949073459712
Guinea,2017,299366.76,2199.7,136094.0,111.48,Western Africa,West Africa,-60.01186686774267,598881.5866666667,-50.012361931804485,2.199705791585228
Guinea,2017,299366.76,2199.7,136094.0,1076300.0,Western Africa,West Africa,0.0,449124.17333333334,-33.34432262281852,2.199705791585228
Guinea,2017,299366.76,2199.7,136094.0,1076300.0,Western Africa,West Africa,0.0,299366.76,0.0,2.199705791585228
Guinea,2017,299366.76,2199.7,136094.0,118.4,Western Africa,West Africa,0.0,299366.76,0.0,2.199705791585228
Guinea,2017,299366.76,2199.7,136094.0,104.23,Western Africa,West Africa,0.0,299366.76,0.0,2.199705791585228
Guinea,2017,299366.76,2199.7,605397.0,111.48,Western Africa,West Africa,0.0,299366.76,0.0,0.4944966030555156
Guinea,2017,299366.76,2199.7,605397.0,1076300.0,Western Africa,West Africa,0.0,299366.76,0.0,0.4944966030555156
Guinea,2017,299366.76,2199.7,605397.0,1076300.0,Western Africa,West Africa,0.0,299366.76,0.0,0.4944966030555156
Guinea,2017,299366.76,2199.7,605397.0,118.4,Western Africa,West Africa,0.0,299366.76,0.0,0.4944966030555156
Guinea,2017,299366.76,2199.7,605397.0,104.23,Western Africa,West Africa,0.0,299366.76,0.0,0.4944966030555156
Guinea,2017,299366.76,1350.0,136094.0,111.48,Western Africa,West Africa,0.0,299366.76,0.0,2.199705791585228
Guinea,2017,299366.76,1350.0,136094.0,1076300.0,Western Africa,West Africa,0.0,299366.76,0.0,2.199705791585228
Guinea,2017,299366.76,1350.0,136094.0,1076300.0,Western Africa,West Africa,0.0,299366.76,0.0,2.199705791585228
Guinea,2017,299366.76,1350.0,136094.0,118.4,Western Africa,West Africa,0.0,299366.76,0.0,2.199705791585228
Guinea,2017,299366.76,1350.0,136094.0,104.23,Western Africa,West Africa,0.0,299366.76,0.0,2.199705791585228
Guinea,2017,299366.76,1350.0,605397.0,111.48,Western Africa,West Africa,0.0,299366.76,0.0,0.4944966030555156
Guinea,2017,299366.76,1350.0,605397.0,1076300.0,Western Africa,West Africa,0.0,299366.76,0.0,0.4944966030555156
Guinea,2017,299366.76,1350.0,605397.0,1076300.0,Western Africa,West Africa,0.0,299366.76,0.0,0.4944966030555156
Guinea,2017,299366.76,1350.0,605397.0,118.4,Western Africa,West Africa,0.0,299366.76,0.0,0.4944966030555156
Guinea,2017,299366.76,1350.0,605397.0,104.23,Western Africa,West Africa,0.0,299366.76,0.0,0.4944966030555156
Guinea,2017,817286.0,2199.7,136094.0,111.48,Western Africa,West Africa,173.00492546333464,472006.50666666665,73.15142661310206,6.005305156729907
Guinea,2017,817286.0,2199.7,136094.0,1076300.0,Western Africa,West Africa,0.0,644646.2533333333,26.780539834673988,6.005305156729907
Guinea,2017,817286.0,2199.7,136094.0,1076300.0,Western Africa,West Africa,0.0,817286.0,0.0,6.005305156729907
Guinea,2017,817286.0,2199.7,136094.0,118.4,Western Africa,West Africa,0.0,817286.0,0.0,6.005305156729907
Guinea,2017,817286.0,2199.7,136094.0,104.23,Western Africa,West Africa,0.0,817286.0,0.0,6.005305156729907
Guinea,2017,817286.0,2199.7,605397.0,111.48,Western Africa,West Africa,0.0,817286.0,0.0,1.3500000825904324
Guinea,2017,817286.0,2199.7,605397.0,1076300.0,Western Africa,West Africa,0.0,817286.0,0.0,1.3500000825904324
Guinea,2017,817286.0,2199.7,605397.0,1076300.0,Western Africa,West Africa,0.0,817286.0,0.0,1.3500000825904324
Guinea,2017,817286.0,2199.7,605397.0,118.4,Western Africa,West Africa,0.0,817286.0,0.0,1.3500000825904324
Guinea,2017,817286.0,2199.7,605397.0,104.23,Western Africa,West Africa,0.0,817286.0,0.0,1.3500000825904324
Guinea,2017,817286.0,1350.0,136094.0,111.48,Western Africa,West Africa,0.0,817286.0,0.0,6.005305156729907
Guinea,2017,817286.0,1350.0,136094.0,1076300.0,Western Africa,West Africa,0.0,817286.0,0.0,6.005305156729907
Guinea,2017,817286.0,1350.0,136094.0,1076300.0,Western Africa,West Africa,0.0,817286.0,0.0,6.005305156729907
Guinea,2017,817286.0,1350.0,136094.0,118.4,Western Africa,West Africa,0.0,817286.0,0.0,6.005305156729907
Guinea,2017,817286.0,1350.0,136094.0,104.23,Western Africa,West Africa,0.0,817286.0,0.0,6.005305156729907
Guinea,2017,817286.0,1350.0,605397.0,111.48,Western Africa,West Africa,0.0,817286.0,0.0,1.3500000825904324
Guinea,2017,817286.0,1350.0,605397.0,1076300.0,Western Africa,West Africa,0.0,817286.0,0.0,1.3500000825904324
Guinea,2017,817286.0,1350.0,605397.0,1076300.0,Western Africa,West Africa,0.0,817286.0,0.0,1.3500000825904324
Guinea,2017,817286.0,1350.0,605397.0,118.4,Western Africa,West Africa,0.0,817286.0,0.0,1.3500000825904324
Guinea,2017,817286.0,1350.0,605397.0,104.23,Western Africa,West Africa,0.0,817286.0,0.0,1.3500000825904324
Guinea,2018,299556.59,2185.6,137059.0,117.42,Western Africa,West Africa,-63.347397361511135,644709.53,-53.536193268307976,2.1856032073778446
Guinea,2018,299556.59,2185.6,137059.0,1127500.0,Western Africa,West Africa,0.0,472133.06000000006,-36.552507041129466,2.1856032073778446
Guinea,2018,299556.59,2185.6,137059.0,1127500.0,Western Africa,West Africa,0.0,299556.59,0.0,2.1856032073778446
Guinea,2018,299556.59,2185.6,137059.0,125.1,Western Africa,West Africa,0.0,299556.59,0.0,2.1856032073778446
Guinea,2018,299556.59,2185.6,137059.0,109.19,Western Africa,West Africa,0.0,299556.59,0.0,2.1856032073778446
Guinea,2018,299556.59,2185.6,611474.0,117.42,Western Africa,West Africa,0.0,299556.59,0.0,0.4898926037738318
Guinea,2018,299556.59,2185.6,611474.0,1127500.0,Western Africa,West Africa,0.0,299556.59,0.0,0.4898926037738318
Guinea,2018,299556.59,2185.6,611474.0,1127500.0,Western Africa,West Africa,0.0,299556.59,0.0,0.4898926037738318
Guinea,2018,299556.59,2185.6,611474.0,125.1,Western Africa,West Africa,0.0,299556.59,0.0,0.4898926037738318
Guinea,2018,299556.59,2185.6,611474.0,109.19,Western Africa,West Africa,0.0,299556.59,0.0,0.4898926037738318
Guinea,2018,299556.59,1338.6,137059.0,117.42,Western Africa,West Africa,0.0,299556.59,0.0,2.1856032073778446
Guinea,2018,299556.59,1338.6,137059.0,1127500.0,Western Africa,West Africa,0.0,299556.59,0.0,2.1856032073778446
Guinea,2018,299556.59,1338.6,137059.0,1127500.0,Western Africa,West Africa,0.0,299556.59,0.0,2.1856032073778446
Guinea,2018,299556.59,1338.6,137059.0,125.1,Western Africa,West Africa,0.0,299556.59,0.0,2.1856032073778446
Guinea,2018,299556.59,1338.6,137059.0,109.19,Western Africa,West Africa,0.0,299556.59,0.0,2.1856032073778446
Guinea,2018,299556.59,1338.6,611474.0,117.42,Western Africa,West Africa,0.0,299556.59,0.0,0.4898926037738318
Guinea,2018,299556.59,1338.6,611474.0,1127500.0,Western Africa,West Africa,0.0,299556.59,0.0,0.4898926037738318
Guinea,2018,299556.59,1338.6,611474.0,1127500.0,Western Africa,West Africa,0.0,299556.59,0.0,0.4898926037738318
Guinea,2018,299556.59,1338.6,611474.0,125.1,Western Africa,West Africa,0.0,299556.59,0.0,0.4898926037738318
Guinea,2018,299556.59,1338.6,611474.0,109.19,Western Africa,West Africa,0.0,299556.59,0.0,0.4898926037738318
Guinea,2018,818544.0,2185.6,137059.0,117.42,Western Africa,West Africa,173.2518753802078,472552.39333333337,73.21761809861533,5.972201752529933
Guinea,2018,818544.0,2185.6,137059.0,1127500.0,Western Africa,West Africa,0.0,645548.1966666667,26.79827845954946,5.972201752529933
Guinea,2018,818544.0,2185.6,137059.0,1127500.0,Western Africa,West Africa,0.0,818544.0,0.0,5.972201752529933
Guinea,2018,818544.0,2185.6,137059.0,125.1,Western Africa,West Africa,0.0,818544.0,0.0,5.972201752529933
Guinea,2018,818544.0,2185.6,137059.0,109.19,Western Africa,West Africa,0.0,818544.0,0.0,5.972201752529933
Guinea,2018,818544.0,2185.6,611474.0,117.42,Western Africa,West Africa,0.0,818544.0,0.0,1.338640727160926
Guinea,2018,818544.0,2185.6,611474.0,1127500.0,Western Africa,West Africa,0.0,818544.0,0.0,1.338640727160926
Guinea,2018,818544.0,2185.6,611474.0,1127500.0,Western Africa,West Africa,0.0,818544.0,0.0,1.338640727160926
Guinea,2018,818544.0,2185.6,611474.0,125.1,Western Africa,West Africa,0.0,818544.0,0.0,1.338640727160926
Guinea,2018,818544.0,2185.6,611474.0,109.19,Western Africa,West Africa,0.0,818544.0,0.0,1.338640727160926
Guinea,2018,818544.0,1338.6,137059.0,117.42,Western Africa,West Africa,0.0,818544.0,0.0,5.972201752529933
Guinea,2018,818544.0,1338.6,137059.0,1127500.0,Western Africa,West Africa,0.0,818544.0,0.0,5.972201752529933
Guinea,2018,818544.0,1338.6,137059.0,1127500.0,Western Africa,West Africa,0.0,818544.0,0.0,5.972201752529933
Guinea,2018,818544.0,1338.6,137059.0,125.1,Western Africa,West Africa,0.0,818544.0,0.0,5.972201752529933
Guinea,2018,818544.0,1338.6,137059.0,109.19,Western Africa,West Africa,0.0,818544.0,0.0,5.972201752529933
Guinea,2018,818544.0,1338.6,611474.0,117.42,Western Africa,West Africa,0.0,818544.0,0.0,1.338640727160926
Guinea,2018,818544.0,1338.6,611474.0,1127500.0,Western Africa,West Africa,0.0,818544.0,0.0,1.338640727160926
Guinea,2018,818544.0,1338.6,611474.0,1127500.0,Western Africa,West Africa,0.0,818544.0,0.0,1.338640727160926
Guinea,2018,818544.0,1338.6,611474.0,125.1,Western Africa,West Africa,0.0,818544.0,0.0,1.338640727160926
Guinea,2018,818544.0,1338.6,611474.0,109.19,Western Africa,West Africa,0.0,818544.0,0.0,1.338640727160926
Guinea,2019,299691.07,2168.4,138211.0,118.99,Western Africa,West Africa,-63.38729866690122,645593.0233333333,-53.5789484755223,2.1683590307573204
Guinea,2019,299691.07,2168.4,138211.0,291.82,Western Africa,West Africa,0.0,472642.04666666663,-36.59238061581966,2.1683590307573204
Guinea,2019,299691.07,2168.4,533415.0,118.99,Western Africa,West Africa,0.0,299691.07,0.0,0.5618347253076873
Guinea,2019,299691.07,2168.4,533415.0,291.82,Western Africa,West Africa,0.0,299691.07,0.0,0.5618347253076873
Guinea,2019,299691.07,1450.0,138211.0,118.99,Western Africa,West Africa,0.0,299691.07,0.0,2.1683590307573204
Guinea,2019,299691.07,1450.0,138211.0,291.82,Western Africa,West Africa,0.0,299691.07,0.0,2.1683590307573204
Guinea,2019,299691.07,1450.0,533415.0,118.99,Western Africa,West Africa,0.0,299691.07,0.0,0.5618347253076873
Guinea,2019,299691.07,1450.0,533415.0,291.82,Western Africa,West Africa,0.0,299691.07,0.0,0.5618347253076873
Guinea,2019,773452.0,2168.4,138211.0,118.99,Western Africa,West Africa,158.0830987056104,457611.38000000006,69.01939807528386,5.596168177641433
Guinea,2019,773452.0,2168.4,138211.0,291.82,Western Africa,West Africa,0.0,615531.69,25.65591870663882,5.596168177641433
Guinea,2019,773452.0,2168.4,533415.0,118.99,Western Africa,West Africa,0.0,773452.0,0.0,1.4500004686782337
Guinea,2019,773452.0,2168.4,533415.0,291.82,Western Africa,West Africa,0.0,773452.0,0.0,1.4500004686782337
Guinea,2019,773452.0,1450.0,138211.0,118.99,Western Africa,West Africa,0.0,773452.0,0.0,5.596168177641433
Guinea,2019,773452.0,1450.0,138211.0,291.82,Western Africa,West Africa,0.0,773452.0,0.0,5.596168177641433
Guinea,2019,773452.0,1450.0,533415.0,118.99,Western Africa,West Africa,0.0,773452.0,0.0,1.4500004686782337
Guinea,2019,773452.0,1450.0,533415.0,291.82,Western Africa,West Africa,0.0,773452.0,0.0,1.4500004686782337
Guinea,2020,299822.8,2151.2,139377.0,121.52,Western Africa,West Africa,-61.23575865082772,615575.6,-51.293910934741405,2.151164108855837
Guinea,2020,299822.8,2151.2,139377.0,5072000.0,Western Africa,West Africa,0.0,457699.19999999995,-34.49348393005712,2.151164108855837
Guinea,2020,299822.8,2151.2,139377.0,5072000.0,Western Africa,West Africa,0.0,299822.8,0.0,2.151164108855837
Guinea,2020,299822.8,2151.2,139377.0,530.3,Western Africa,West Africa,0.0,299822.8,0.0,2.151164108855837
Guinea,2020,299822.8,2151.2,139377.0,491.18,Western Africa,West Africa,0.0,299822.8,0.0,2.151164108855837
Guinea,2020,299822.8,2151.2,558105.0,121.52,Western Africa,West Africa,0.0,299822.8,0.0,0.5372157568916243
Guinea,2020,299822.8,2151.2,558105.0,5072000.0,Western Africa,West Africa,0.0,299822.8,0.0,0.5372157568916243
Guinea,2020,299822.8,2151.2,558105.0,5072000.0,Western Africa,West Africa,0.0,299822.8,0.0,0.5372157568916243
Guinea,2020,299822.8,2151.2,558105.0,530.3,Western Africa,West Africa,0.0,299822.8,0.0,0.5372157568916243
Guinea,2020,299822.8,2151.2,558105.0,491.18,Western Africa,West Africa,0.0,299822.8,0.0,0.5372157568916243
Guinea,2020,299822.8,1420.0,139377.0,121.52,Western Africa,West Africa,0.0,299822.8,0.0,2.151164108855837
Guinea,2020,299822.8,1420.0,139377.0,5072000.0,Western Africa,West Africa,0.0,299822.8,0.0,2.151164108855837
Guinea,2020,299822.8,1420.0,139377.0,5072000.0,Western Africa,West Africa,0.0,299822.8,0.0,2.151164108855837
Guinea,2020,299822.8,1420.0,139377.0,530.3,Western Africa,West Africa,0.0,299822.8,0.0,2.151164108855837
Guinea,2020,299822.8,1420.0,139377.0,491.18,Western Africa,West Africa,0.0,299822.8,0.0,2.151164108855837
Guinea,2020,299822.8,1420.0,558105.0,121.52,Western Africa,West Africa,0.0,299822.8,0.0,0.5372157568916243
Guinea,2020,299822.8,1420.0,558105.0,5072000.0,Western Africa,West Africa,0.0,299822.8,0.0,0.5372157568916243
Guinea,2020,299822.8,1420.0,558105.0,5072000.0,Western Africa,West Africa,0.0,299822.8,0.0,0.5372157568916243
Guinea,2020,299822.8,1420.0,558105.0,530.3,Western Africa,West Africa,0.0,299822.8,0.0,0.5372157568916243
Guinea,2020,299822.8,1420.0,558105.0,491.18,Western Africa,West Africa,0.0,299822.8,0.0,0.5372157568916243
Guinea,2020,792509.0,2151.2,139377.0,121.52,Western Africa,West Africa,164.32579510297418,464051.5333333334,70.78038602896545,5.686081634703
Guinea,2020,792509.0,2151.2,139377.0,5072000.0,Western Africa,West Africa,0.0,628280.2666666666,26.139406574815244,5.686081634703
Guinea,2020,792509.0,2151.2,139377.0,5072000.0,Western Africa,West Africa,0.0,792509.0,0.0,5.686081634703
Guinea,2020,792509.0,2151.2,139377.0,530.3,Western Africa,West Africa,0.0,792509.0,0.0,5.686081634703
Guinea,2020,792509.0,2151.2,139377.0,491.18,Western Africa,West Africa,0.0,792509.0,0.0,5.686081634703
Guinea,2020,792509.0,2151.2,558105.0,121.52,Western Africa,West Africa,0.0,792509.0,0.0,1.4199998208222466
Guinea,2020,792509.0,2151.2,558105.0,5072000.0,Western Africa,West Africa,0.0,792509.0,0.0,1.4199998208222466
Guinea,2020,792509.0,2151.2,558105.0,5072000.0,Western Africa,West Africa,0.0,792509.0,0.0,1.4199998208222466
Guinea,2020,792509.0,2151.2,558105.0,530.3,Western Africa,West Africa,0.0,792509.0,0.0,1.4199998208222466
Guinea,2020,792509.0,2151.2,558105.0,491.18,Western Africa,West Africa,0.0,792509.0,0.0,1.4199998208222466
Guinea,2020,792509.0,1420.0,139377.0,121.52,Western Africa,West Africa,0.0,792509.0,0.0,5.686081634703
Guinea,2020,792509.0,1420.0,139377.0,5072000.0,Western Africa,West Africa,0.0,792509.0,0.0,5.686081634703
Guinea,2020,792509.0,1420.0,139377.0,5072000.0,Western Africa,West Africa,0.0,792509.0,0.0,5.686081634703
Guinea,2020,792509.0,1420.0,139377.0,530.3,Western Africa,West Africa,0.0,792509.0,0.0,5.686081634703
Guinea,2020,792509.0,1420.0,139377.0,491.18,Western Africa,West Africa,0.0,792509.0,0.0,5.686081634703
Guinea,2020,792509.0,1420.0,558105.0,121.52,Western Africa,West Africa,0.0,792509.0,0.0,1.4199998208222466
Guinea,2020,792509.0,1420.0,558105.0,5072000.0,Western Africa,West Africa,0.0,792509.0,0.0,1.4199998208222466
Guinea,2020,792509.0,1420.0,558105.0,5072000.0,Western Africa,West Africa,0.0,792509.0,0.0,1.4199998208222466
Guinea,2020,792509.0,1420.0,558105.0,530.3,Western Africa,West Africa,0.0,792509.0,0.0,1.4199998208222466
Guinea,2020,792509.0,1420.0,558105.0,491.18,Western Africa,West Africa,0.0,792509.0,0.0,1.4199998208222466
Guinea,2021,300606.29,2139.1,140527.0,132.38,Western Africa,West Africa,-62.06903770178005,628541.43,-52.173989549105784,2.139135468628804
Guinea,2021,300606.29,2139.1,140527.0,5314000.0,Western Africa,West Africa,0.0,464573.86000000004,-35.2941876669514,2.139135468628804
Guinea,2021,300606.29,2139.1,140527.0,5314000.0,Western Africa,West Africa,0.0,300606.29,0.0,2.139135468628804
Guinea,2021,300606.29,2139.1,140527.0,542.5,Western Africa,West Africa,0.0,300606.29,0.0,2.139135468628804
Guinea,2021,300606.29,2139.1,140527.0,514.61,Western Africa,West Africa,0.0,300606.29,0.0,2.139135468628804
Guinea,2021,300606.29,2139.1,550570.0,132.38,Western Africa,West Africa,0.0,300606.29,0.0,0.5459910456436057
Guinea,2021,300606.29,2139.1,550570.0,5314000.0,Western Africa,West Africa,0.0,300606.29,0.0,0.5459910456436057
Guinea,2021,300606.29,2139.1,550570.0,5314000.0,Western Africa,West Africa,0.0,300606.29,0.0,0.5459910456436057
Guinea,2021,300606.29,2139.1,550570.0,542.5,Western Africa,West Africa,0.0,300606.29,0.0,0.5459910456436057
Guinea,2021,300606.29,2139.1,550570.0,514.61,Western Africa,West Africa,0.0,300606.29,0.0,0.5459910456436057
Guinea,2021,300606.29,1450.0,140527.0,132.38,Western Africa,West Africa,0.0,300606.29,0.0,2.139135468628804
Guinea,2021,300606.29,1450.0,140527.0,5314000.0,Western Africa,West Africa,0.0,300606.29,0.0,2.139135468628804
Guinea,2021,300606.29,1450.0,140527.0,5314000.0,Western Africa,West Africa,0.0,300606.29,0.0,2.139135468628804
Guinea,2021,300606.29,1450.0,140527.0,542.5,Western Africa,West Africa,0.0,300606.29,0.0,2.139135468628804
Guinea,2021,300606.29,1450.0,140527.0,514.61,Western Africa,West Africa,0.0,300606.29,0.0,2.139135468628804
Guinea,2021,300606.29,1450.0,550570.0,132.38,Western Africa,West Africa,0.0,300606.29,0.0,0.5459910456436057
Guinea,2021,300606.29,1450.0,550570.0,5314000.0,Western Africa,West Africa,0.0,300606.29,0.0,0.5459910456436057
Guinea,2021,300606.29,1450.0,550570.0,5314000.0,Western Africa,West Africa,0.0,300606.29,0.0,0.5459910456436057
Guinea,2021,300606.29,1450.0,550570.0,542.5,Western Africa,West Africa,0.0,300606.29,0.0,0.5459910456436057
Guinea,2021,300606.29,1450.0,550570.0,514.61,Western Africa,West Africa,0.0,300606.29,0.0,0.5459910456436057
Guinea,2021,798327.0,2139.1,140527.0,132.38,Western Africa,West Africa,165.57228725985743,466513.19333333336,71.12634999576073,5.680950991624385
Guinea,2021,798327.0,2139.1,140527.0,5314000.0,Western Africa,West Africa,0.0,632420.0966666667,26.2336545292897,5.680950991624385
Guinea,2021,798327.0,2139.1,140527.0,5314000.0,Western Africa,West Africa,0.0,798327.0,0.0,5.680950991624385
Guinea,2021,798327.0,2139.1,140527.0,542.5,Western Africa,West Africa,0.0,798327.0,0.0,5.680950991624385
Guinea,2021,798327.0,2139.1,140527.0,514.61,Western Africa,West Africa,0.0,798327.0,0.0,5.680950991624385
Guinea,2021,798327.0,2139.1,550570.0,132.38,Western Africa,West Africa,0.0,798327.0,0.0,1.4500009081497358
Guinea,2021,798327.0,2139.1,550570.0,5314000.0,Western Africa,West Africa,0.0,798327.0,0.0,1.4500009081497358
Guinea,2021,798327.0,2139.1,550570.0,5314000.0,Western Africa,West Africa,0.0,798327.0,0.0,1.4500009081497358
Guinea,2021,798327.0,2139.1,550570.0,542.5,Western Africa,West Africa,0.0,798327.0,0.0,1.4500009081497358
Guinea,2021,798327.0,2139.1,550570.0,514.61,Western Africa,West Africa,0.0,798327.0,0.0,1.4500009081497358
Guinea,2021,798327.0,1450.0,140527.0,132.38,Western Africa,West Africa,0.0,798327.0,0.0,5.680950991624385
Guinea,2021,798327.0,1450.0,140527.0,5314000.0,Western Africa,West Africa,0.0,798327.0,0.0,5.680950991624385
Guinea,2021,798327.0,1450.0,140527.0,5314000.0,Western Africa,West Africa,0.0,798327.0,0.0,5.680950991624385
Guinea,2021,798327.0,1450.0,140527.0,542.5,Western Africa,West Africa,0.0,798327.0,0.0,5.680950991624385
Guinea,2021,798327.0,1450.0,140527.0,514.61,Western Africa,West Africa,0.0,798327.0,0.0,5.680950991624385
Guinea,2021,798327.0,1450.0,550570.0,132.38,Western Africa,West Africa,0.0,798327.0,0.0,1.4500009081497358
Guinea,2021,798327.0,1450.0,550570.0,5314000.0,Western Africa,West Africa,0.0,798327.0,0.0,1.4500009081497358
Guinea,2021,798327.0,1450.0,550570.0,5314000.0,Western Africa,West Africa,0.0,798327.0,0.0,1.4500009081497358
Guinea,2021,798327.0,1450.0,550570.0,542.5,Western Africa,West Africa,0.0,798327.0,0.0,1.4500009081497358
Guinea,2021,798327.0,1450.0,550570.0,514.61,Western Africa,West Africa,0.0,798327.0,0.0,1.4500009081497358
Guinea,2022,301168.82,2122.6,141884.0,139.33,Western Africa,West Africa,-62.27500510442463,632607.6066666666,-52.39247571066723,2.1226411716613574
Guinea,2022,301168.82,2122.6,141884.0,5567000.0,Western Africa,West Africa,0.0,466888.2133333333,-35.494447835850266,2.1226411716613574
Guinea,2022,301168.82,2122.6,141884.0,5567000.0,Western Africa,West Africa,0.0,301168.82,0.0,2.1226411716613574
Guinea,2022,301168.82,2122.6,141884.0,638.8,Western Africa,West Africa,0.0,301168.82,0.0,2.1226411716613574
Guinea,2022,301168.82,2122.6,141884.0,539.11,Western Africa,West Africa,0.0,301168.82,0.0,2.1226411716613574
Guinea,2022,301168.82,2122.6,543138.0,139.33,Western Africa,West Africa,0.0,301168.82,0.0,0.5544977887755966
Guinea,2022,301168.82,2122.6,543138.0,5567000.0,Western Africa,West Africa,0.0,301168.82,0.0,0.5544977887755966
Guinea,2022,301168.82,2122.6,543138.0,5567000.0,Western Africa,West Africa,0.0,301168.82,0.0,0.5544977887755966
Guinea,2022,301168.82,2122.6,543138.0,638.8,Western Africa,West Africa,0.0,301168.82,0.0,0.5544977887755966
Guinea,2022,301168.82,2122.6,543138.0,539.11,Western Africa,West Africa,0.0,301168.82,0.0,0.5544977887755966
Guinea,2022,301168.82,1500.0,141884.0,139.33,Western Africa,West Africa,0.0,301168.82,0.0,2.1226411716613574
Guinea,2022,301168.82,1500.0,141884.0,5567000.0,Western Africa,West Africa,0.0,301168.82,0.0,2.1226411716613574
Guinea,2022,301168.82,1500.0,141884.0,5567000.0,Western Africa,West Africa,0.0,301168.82,0.0,2.1226411716613574
Guinea,2022,301168.82,1500.0,141884.0,638.8,Western Africa,West Africa,0.0,301168.82,0.0,2.1226411716613574
Guinea,2022,301168.82,1500.0,141884.0,539.11,Western Africa,West Africa,0.0,301168.82,0.0,2.1226411716613574
Guinea,2022,301168.82,1500.0,543138.0,139.33,Western Africa,West Africa,0.0,301168.82,0.0,0.5544977887755966
Guinea,2022,301168.82,1500.0,543138.0,5567000.0,Western Africa,West Africa,0.0,301168.82,0.0,0.5544977887755966
Guinea,2022,301168.82,1500.0,543138.0,5567000.0,Western Africa,West Africa,0.0,301168.82,0.0,0.5544977887755966
Guinea,2022,301168.82,1500.0,543138.0,638.8,Western Africa,West Africa,0.0,301168.82,0.0,0.5544977887755966
Guinea,2022,301168.82,1500.0,543138.0,539.11,Western Africa,West Africa,0.0,301168.82,0.0,0.5544977887755966
Guinea,2022,814706.25,2122.6,141884.0,139.33,Western Africa,West Africa,170.5148062804111,472347.9633333334,72.48010222181614,5.742058653547969
Guinea,2022,814706.25,2122.6,141884.0,5567000.0,Western Africa,West Africa,0.0,643527.1066666666,26.60014497602206,5.742058653547969
Guinea,2022,814706.25,2122.6,141884.0,5567000.0,Western Africa,West Africa,0.0,814706.25,0.0,5.742058653547969
Guinea,2022,814706.25,2122.6,141884.0,638.8,Western Africa,West Africa,0.0,814706.25,0.0,5.742058653547969
Guinea,2022,814706.25,2122.6,141884.0,539.11,Western Africa,West Africa,0.0,814706.25,0.0,5.742058653547969
Guinea,2022,814706.25,2122.6,543138.0,139.33,Western Africa,West Africa,0.0,814706.25,0.0,1.4999986191354684
Guinea,2022,814706.25,2122.6,543138.0,5567000.0,Western Africa,West Africa,0.0,814706.25,0.0,1.4999986191354684
Guinea,2022,814706.25,2122.6,543138.0,5567000.0,Western Africa,West Africa,0.0,814706.25,0.0,1.4999986191354684
Guinea,2022,814706.25,2122.6,543138.0,638.8,Western Africa,West Africa,0.0,814706.25,0.0,1.4999986191354684
Guinea,2022,814706.25,2122.6,543138.0,539.11,Western Africa,West Africa,0.0,814706.25,0.0,1.4999986191354684
Guinea,2022,814706.25,1500.0,141884.0,139.33,Western Africa,West Africa,0.0,814706.25,0.0,5.742058653547969
Guinea,2022,814706.25,1500.0,141884.0,5567000.0,Western Africa,West Africa,0.0,814706.25,0.0,5.742058653547969
Guinea,2022,814706.25,1500.0,141884.0,5567000.0,Western Africa,West Africa,0.0,814706.25,0.0,5.742058653547969
Guinea,2022,814706.25,1500.0,141884.0,638.8,Western Africa,West Africa,0.0,814706.25,0.0,5.742058653547969
Guinea,2022,814706.25,1500.0,141884.0,539.11,Western Africa,West Africa,0.0,814706.25,0.0,5.742058653547969
Guinea,2022,814706.25,1500.0,543138.0,139.33,Western Africa,West Africa,0.0,814706.25,0.0,1.4999986191354684
Guinea,2022,814706.25,1500.0,543138.0,5567000.0,Western Africa,West Africa,0.0,814706.25,0.0,1.4999986191354684
Guinea,2022,814706.25,1500.0,543138.0,5567000.0,Western Africa,West Africa,0.0,814706.25,0.0,1.4999986191354684
Guinea,2022,814706.25,1500.0,543138.0,638.8,Western Africa,West Africa,0.0,814706.25,0.0,1.4999986191354684
Guinea,2022,814706.25,1500.0,543138.0,539.11,Western Africa,West Africa,0.0,814706.25,0.0,1.4999986191354684
Guinea,2023,301813.81,2146.7,140596.0,145.2,Western Africa,West Africa,-62.95427830583109,643742.1033333334,-53.11572624546525,2.1466742297078154
Guinea,2023,301813.81,2146.7,140596.0,572.32,Western Africa,West Africa,0.0,472777.9566666667,-36.16161545941225,2.1466742297078154
Guinea,2023,301813.81,2146.7,650000.0,145.2,Western Africa,West Africa,0.0,301813.81,0.0,0.46432893846153844
Guinea,2023,301813.81,2146.7,650000.0,572.32,Western Africa,West Africa,0.0,301813.81,0.0,0.46432893846153844
Guinea,2023,301813.81,1510.8,140596.0,145.2,Western Africa,West Africa,0.0,301813.81,0.0,2.1466742297078154
Guinea,2023,301813.81,1510.8,140596.0,572.32,Western Africa,West Africa,0.0,301813.81,0.0,2.1466742297078154
Guinea,2023,301813.81,1510.8,650000.0,145.2,Western Africa,West Africa,0.0,301813.81,0.0,0.46432893846153844
Guinea,2023,301813.81,1510.8,650000.0,572.32,Western Africa,West Africa,0.0,301813.81,0.0,0.46432893846153844
Guinea,2023,982000.0,2146.7,140596.0,145.2,Western Africa,West Africa,225.36615869234083,528542.54,85.79393817572374,6.984551480838715
Guinea,2023,982000.0,2146.7,140596.0,572.32,Western Africa,West Africa,0.0,755271.27,30.019509414147315,6.984551480838715
Guinea,2023,982000.0,2146.7,650000.0,145.2,Western Africa,West Africa,0.0,982000.0,0.0,1.5107692307692309
Guinea,2023,982000.0,2146.7,650000.0,572.32,Western Africa,West Africa,0.0,982000.0,0.0,1.5107692307692309
Guinea,2023,982000.0,1510.8,140596.0,145.2,Western Africa,West Africa,0.0,982000.0,0.0,6.984551480838715
Guinea,2023,982000.0,1510.8,140596.0,572.32,Western Africa,West Africa,0.0,982000.0,0.0,6.984551480838715
Guinea,2023,982000.0,1510.8,650000.0,145.2,Western Africa,West Africa,0.0,982000.0,0.0,1.5107692307692309
Guinea,2023,982000.0,1510.8,650000.0,572.32,Western Africa,West Africa,0.0,982000.0,0.0,1.5107692307692309
Guinea,2024,302461.53,2145.1,141002.0,150.95,Western Africa,West Africa,-69.19943686354378,755487.1766666666,-59.964703658570365,2.1450868072793297
Guinea,2024,302461.53,2145.1,141002.0,580.32,Western Africa,West Africa,0.0,528974.3533333334,-42.82113526033203,2.1450868072793297
Guinea,2024,302461.53,2145.1,650000.0,150.95,Western Africa,West Africa,0.0,302461.53,0.0,0.46532543076923083
Guinea,2024,302461.53,2145.1,650000.0,580.32,Western Africa,West Africa,0.0,302461.53,0.0,0.46532543076923083
Guinea,2024,302461.53,1441.5,141002.0,150.95,Western Africa,West Africa,0.0,302461.53,0.0,2.1450868072793297
Guinea,2024,302461.53,1441.5,141002.0,580.32,Western Africa,West Africa,0.0,302461.53,0.0,2.1450868072793297
Guinea,2024,302461.53,1441.5,650000.0,150.95,Western Africa,West Africa,0.0,302461.53,0.0,0.46532543076923083
Guinea,2024,302461.53,1441.5,650000.0,580.32,Western Africa,West Africa,0.0,302461.53,0.0,0.46532543076923083
Guinea,2024,937000.0,2145.1,141002.0,150.95,Western Africa,West Africa,209.79146339701447,513974.35333333333,82.30481616897279,6.64529581140693
Guinea,2024,937000.0,2145.1,141002.0,580.32,Western Africa,West Africa,0.0,725487.1766666668,29.154591581501542,6.64529581140693
Guinea,2024,937000.0,2145.1,650000.0,150.95,Western Africa,West Africa,0.0,937000.0,0.0,1.4415384615384614
Guinea,2024,937000.0,2145.1,650000.0,580.32,Western Africa,West Africa,0.0,937000.0,0.0,1.4415384615384614
Guinea,2024,937000.0,1441.5,141002.0,150.95,Western Africa,West Africa,0.0,937000.0,0.0,6.64529581140693
Guinea,2024,937000.0,1441.5,141002.0,580.32,Western Africa,West Africa,0.0,937000.0,0.0,6.64529581140693
Guinea,2024,937000.0,1441.5,650000.0,150.95,Western Africa,West Africa,0.0,937000.0,0.0,1.4415384615384614
Guinea,2024,937000.0,1441.5,650000.0,580.32,Western Africa,West Africa,0.0,937000.0,0.0,1.4415384615384614
Guinea-Bissau,2000,25673.0,987.4,26000.0,92.04,Western Africa,West Africa,,25673.0,0.0,0.987423076923077
Guinea-Bissau,2001,28088.0,970.0,28957.0,92.04,Western Africa,West Africa,9.406769758111633,26880.5,4.492103941518945,0.9699899851503954
Guinea-Bissau,2002,22113.0,1494.1,14800.0,600000.0,Western Africa,West Africa,-21.272429507262892,25291.333333333332,-12.566887207739141,1.4941216216216215
Guinea-Bissau,2002,22113.0,1494.1,14800.0,600000.0,Western Africa,West Africa,0.0,24104.666666666668,-8.262577094338583,1.4941216216216215
Guinea-Bissau,2002,22113.0,1494.1,14800.0,860.8,Western Africa,West Africa,0.0,22113.0,0.0,1.4941216216216215
Guinea-Bissau,2002,22113.0,1494.1,14800.0,92.04,Western Africa,West Africa,0.0,22113.0,0.0,1.4941216216216215
Guinea-Bissau,2003,20639.0,1143.5,18050.0,598000.0,Western Africa,West Africa,-6.665762221317772,21621.666666666668,-4.544823864950287,1.1434349030470914
Guinea-Bissau,2003,20639.0,1143.5,18050.0,598000.0,Western Africa,West Africa,0.0,21130.333333333332,-2.3252512186272445,1.1434349030470914
Guinea-Bissau,2003,20639.0,1143.5,18050.0,1028.9,Western Africa,West Africa,0.0,20639.0,0.0,1.1434349030470914
Guinea-Bissau,2003,20639.0,1143.5,18050.0,91.73,Western Africa,West Africa,0.0,20639.0,0.0,1.1434349030470914
Guinea-Bissau,2004,31868.0,1097.8,29030.0,599000.0,Western Africa,West Africa,54.40670575124764,24382.0,30.702977606430977,1.0977609369617638
Guinea-Bissau,2004,31868.0,1097.8,29030.0,599000.0,Western Africa,West Africa,0.0,28125.0,13.308444444444445,1.0977609369617638
Guinea-Bissau,2004,31868.0,1097.8,29030.0,1133.9,Western Africa,West Africa,0.0,31868.0,0.0,1.0977609369617638
Guinea-Bissau,2004,31868.0,1097.8,29030.0,91.88,Western Africa,West Africa,0.0,31868.0,0.0,1.0977609369617638
Guinea-Bissau,2005,39835.0,1082.6,36796.0,615000.0,Western Africa,West Africa,25.0,34523.666666666664,15.384615384615394,1.082590498967279
Guinea-Bissau,2005,39835.0,1082.6,36796.0,615000.0,Western Africa,West Africa,0.0,37179.333333333336,7.142857142857135,1.082590498967279
Guinea-Bissau,2005,39835.0,1082.6,36796.0,1165.9,Western Africa,West Africa,0.0,39835.0,0.0,1.082590498967279
Guinea-Bissau,2005,39835.0,1082.6,36796.0,94.34,Western Africa,West Africa,0.0,39835.0,0.0,1.082590498967279
Guinea-Bissau,2006,41827.0,1050.6,39813.0,597000.0,Western Africa,West Africa,5.000627588803819,40499.0,3.279093310945949,1.050586491849396
Guinea-Bissau,2006,41827.0,1050.6,39813.0,597000.0,Western Africa,West Africa,0.0,41163.0,1.6130991424337389,1.050586491849396
Guinea-Bissau,2006,41827.0,1050.6,39813.0,1141.7,Western Africa,West Africa,0.0,41827.0,0.0,1.050586491849396
Guinea-Bissau,2006,41827.0,1050.6,39813.0,91.58,Western Africa,West Africa,0.0,41827.0,0.0,1.050586491849396
Guinea-Bissau,2007,13907.0,942.9,14749.0,637000.0,Western Africa,West Africa,-66.7511416070959,32520.333333333332,-57.23598569100358,0.9429113838226321
Guinea-Bissau,2007,13907.0,942.9,14749.0,637000.0,Western Africa,West Africa,0.0,23213.666666666668,-40.091325512270075,0.9429113838226321
Guinea-Bissau,2007,13907.0,942.9,14749.0,1329.1,Western Africa,West Africa,0.0,13907.0,0.0,0.9429113838226321
Guinea-Bissau,2007,13907.0,942.9,14749.0,97.71,Western Africa,West Africa,0.0,13907.0,0.0,0.9429113838226321
Guinea-Bissau,2008,16690.0,1146.1,14562.0,619000.0,Western Africa,West Africa,20.011504997483275,14834.666666666666,12.506740967104085,1.146133772833402
Guinea-Bissau,2008,16690.0,1146.1,14562.0,619000.0,Western Africa,West Africa,0.0,15762.333333333334,5.885338465117258,1.146133772833402
Guinea-Bissau,2008,16690.0,1146.1,14562.0,1382.3,Western Africa,West Africa,0.0,16690.0,0.0,1.146133772833402
Guinea-Bissau,2008,16690.0,1146.1,14562.0,94.95,Western Africa,West Africa,0.0,16690.0,0.0,1.146133772833402
Guinea-Bissau,2009,16600.0,989.6,16774.0,82.6,Western Africa,West Africa,-0.5392450569203122,16660.0,-0.36014405762304924,0.9896268033861929
Guinea-Bissau,2010,12312.0,1047.0,11760.0,86.46,Western Africa,West Africa,-25.83132530120482,15200.666666666666,-19.003552475768604,1.046938775510204
Guinea-Bissau,2011,8000.0,1050.9,7613.0,101.85,Western Africa,West Africa,-35.022742040285905,12304.0,-34.980494148244475,1.0508340995665308
Guinea-Bissau,2012,7195.0,1046.6,6874.0,95.57,Western Africa,West Africa,-10.062499999999996,9169.0,-21.52906532882539,1.046697701483852
Guinea-Bissau,2013,7321.0,1046.6,6995.0,91.61,Western Africa,West Africa,1.7512161223071532,7505.333333333333,-2.4560312666548194,1.0466047176554683
Guinea-Bissau,2014,7000.0,1000.0,7000.0,91.97,Western Africa,West Africa,-4.384646906160361,7172.0,-2.3982152816508644,1.0
Guinea-Bissau,2015,6000.0,857.1,7000.0,101.11,Western Africa,West Africa,-14.28571428571429,6773.666666666667,-11.421682003838397,0.8571428571428571
Guinea-Bissau,2016,6000.0,857.1,7000.0,106.92,Western Africa,West Africa,0.0,6333.333333333333,-5.263157894736838,0.8571428571428571
Guinea-Bissau,2017,7000.0,1000.0,7000.0,130.03,Western Africa,West Africa,16.666666666666675,6333.333333333333,10.526315789473689,1.0
Guinea-Bissau,2018,7000.0,1000.0,7000.0,135.03,Western Africa,West Africa,0.0,6666.666666666667,4.999999999999996,1.0
Guinea-Bissau,2019,9678.0,778.0,12440.0,135.03,Western Africa,West Africa,38.25714285714285,7892.666666666667,22.620153729200094,0.7779742765273312
Guinea-Bissau,2020,13470.0,818.0,16467.0,139.89,Western Africa,West Africa,39.18164910105393,10049.333333333334,34.038742205121395,0.8179996356349062
Guinea-Bissau,2021,16971.0,826.0,20546.0,99.15,Western Africa,West Africa,25.991091314031188,13373.0,26.904957750691693,0.8260001946850969
Guinea-Bissau,2022,20328.0,1016.4,20000.0,123.61,Western Africa,West Africa,19.780802545518817,16923.0,20.120546002481827,1.0164
Guinea-Bissau,2023,21000.0,1400.0,15000.0,79.7,Western Africa,West Africa,3.305785123966931,19433.0,8.063603149282148,1.4
Guinea-Bissau,2024,15000.0,1000.0,15000.0,126.7,Western Africa,West Africa,-28.57142857142857,18776.0,-20.110779718789946,1.0
Kenya,2000,2160000.0,1440.0,1500000.0,14494.0,Eastern Africa,East Africa,,2160000.0,0.0,1.44
Kenya,2000,2160000.0,1440.0,1500000.0,14494.0,Eastern Africa,East Africa,0.0,2160000.0,0.0,1.44
Kenya,2000,2160000.0,1440.0,1500000.0,190.3,Eastern Africa,East Africa,0.0,2160000.0,0.0,1.44
Kenya,2000,2160000.0,1440.0,1500000.0,47.48,Eastern Africa,East Africa,0.0,2160000.0,0.0,1.44
Kenya,2000,13500.0,1440.0,1500000.0,14494.0,Eastern Africa,East Africa,-99.375,1444500.0,-99.06542056074767,0.009
Kenya,2000,13500.0,1440.0,1500000.0,14494.0,Eastern Africa,East Africa,0.0,729000.0,-98.14814814814815,0.009
Kenya,2000,13500.0,1440.0,1500000.0,190.3,Eastern Africa,East Africa,0.0,13500.0,0.0,0.009
Kenya,2000,13500.0,1440.0,1500000.0,47.48,Eastern Africa,East Africa,0.0,13500.0,0.0,0.009
Kenya,2001,2790000.0,1701.2,1640000.0,13308.0,Eastern Africa,East Africa,20566.666666666664,939000.0,197.12460063897763,1.701219512195122
Kenya,2001,2790000.0,1701.2,1640000.0,13308.0,Eastern Africa,East Africa,0.0,1864500.0,49.637972646822206,1.701219512195122
Kenya,2001,2790000.0,1701.2,1640000.0,169.4,Eastern Africa,East Africa,0.0,2790000.0,0.0,1.701219512195122
Kenya,2001,2790000.0,1701.2,1640000.0,43.6,Eastern Africa,East Africa,0.0,2790000.0,0.0,1.701219512195122
Kenya,2001,13500.0,1701.2,1640000.0,13308.0,Eastern Africa,East Africa,-99.51612903225806,1864500.0,-99.27594529364441,0.008231707317073171
Kenya,2001,13500.0,1701.2,1640000.0,13308.0,Eastern Africa,East Africa,0.0,939000.0,-98.56230031948881,0.008231707317073171
Kenya,2001,13500.0,1701.2,1640000.0,169.4,Eastern Africa,East Africa,0.0,13500.0,0.0,0.008231707317073171
Kenya,2001,13500.0,1701.2,1640000.0,43.6,Eastern Africa,East Africa,0.0,13500.0,0.0,0.008231707317073171
Kenya,2002,2408596.0,1512.6,1592315.0,11144.0,Eastern Africa,East Africa,17741.451851851853,811865.3333333334,196.6743252986127,1.5126378888599303
Kenya,2002,2408596.0,1512.6,1592315.0,11144.0,Eastern Africa,East Africa,0.0,1610230.6666666667,49.58080540013728,1.5126378888599303
Kenya,2002,2408596.0,1512.6,1592315.0,141.5,Eastern Africa,East Africa,0.0,2408596.0,0.0,1.5126378888599303
Kenya,2002,2408596.0,1512.6,1592315.0,36.51,Eastern Africa,East Africa,0.0,2408596.0,0.0,1.5126378888599303
Kenya,2002,13500.0,1512.6,1592315.0,11144.0,Eastern Africa,East Africa,-99.43950749731378,1610230.6666666667,-99.16161080027457,0.008478221959850908
Kenya,2002,13500.0,1512.6,1592315.0,11144.0,Eastern Africa,East Africa,0.0,811865.3333333334,-98.33716264930638,0.008478221959850908
Kenya,2002,13500.0,1512.6,1592315.0,141.5,Eastern Africa,East Africa,0.0,13500.0,0.0,0.008478221959850908
Kenya,2002,13500.0,1512.6,1592315.0,36.51,Eastern Africa,East Africa,0.0,13500.0,0.0,0.008478221959850908
Kenya,2003,2710848.0,1622.4,1670914.0,11959.0,Eastern Africa,East Africa,19980.355555555558,912616.0,197.0414719882185,1.6223743412288125
Kenya,2003,2710848.0,1622.4,1670914.0,11959.0,Eastern Africa,East Africa,0.0,1811732.0,49.6274283392908,1.6223743412288125
Kenya,2003,2710848.0,1622.4,1670914.0,157.5,Eastern Africa,East Africa,0.0,2710848.0,0.0,1.6223743412288125
Kenya,2003,2710848.0,1622.4,1670914.0,39.18,Eastern Africa,East Africa,0.0,2710848.0,0.0,1.6223743412288125
Kenya,2003,13500.0,1622.4,1670914.0,11959.0,Eastern Africa,East Africa,-99.50200084991855,1811732.0,-99.2548566785816,0.008079410430459018
Kenya,2003,13500.0,1622.4,1670914.0,11959.0,Eastern Africa,East Africa,0.0,912616.0,-98.52073599410924,0.008079410430459018
Kenya,2003,13500.0,1622.4,1670914.0,157.5,Eastern Africa,East Africa,0.0,13500.0,0.0,0.008079410430459018
Kenya,2003,13500.0,1622.4,1670914.0,39.18,Eastern Africa,East Africa,0.0,13500.0,0.0,0.008079410430459018
Kenya,2004,2607139.0,1929.3,1351327.0,15342.0,Eastern Africa,East Africa,19212.140740740742,878046.3333333334,196.9249914298372,1.929317626303626
Kenya,2004,2607139.0,1929.3,1351327.0,15342.0,Eastern Africa,East Africa,0.0,1742592.6666666667,49.61264613761334,1.929317626303626
Kenya,2004,2607139.0,1929.3,1351327.0,193.8,Eastern Africa,East Africa,0.0,2607139.0,0.0,1.929317626303626
Kenya,2004,2607139.0,1929.3,1351327.0,50.26,Eastern Africa,East Africa,0.0,2607139.0,0.0,1.929317626303626
Kenya,2004,13500.0,1929.3,1351327.0,15342.0,Eastern Africa,East Africa,-99.48219101474835,1742592.6666666667,-99.22529227522668,0.009990180023044016
Kenya,2004,13500.0,1929.3,1351327.0,15342.0,Eastern Africa,East Africa,0.0,878046.3333333334,-98.4624957149186,0.009990180023044016
Kenya,2004,13500.0,1929.3,1351327.0,193.8,Eastern Africa,East Africa,0.0,13500.0,0.0,0.009990180023044016
Kenya,2004,13500.0,1929.3,1351327.0,50.26,Eastern Africa,East Africa,0.0,13500.0,0.0,0.009990180023044016
Kenya,2005,2905559.0,1640.5,1771123.0,15237.0,Eastern Africa,East Africa,21422.65925925926,977519.6666666666,197.237907233921,1.6405179086940884
Kenya,2005,2905559.0,1640.5,1771123.0,15237.0,Eastern Africa,East Africa,0.0,1941539.3333333333,49.65233771553775,1.6405179086940884
Kenya,2005,2905559.0,1640.5,1771123.0,201.7,Eastern Africa,East Africa,0.0,2905559.0,0.0,1.6405179086940884
Kenya,2005,2905559.0,1640.5,1771123.0,49.92,Eastern Africa,East Africa,0.0,2905559.0,0.0,1.6405179086940884
Kenya,2005,13500.0,1640.5,1771123.0,15237.0,Eastern Africa,East Africa,-99.53537339974855,1941539.3333333333,-99.30467543107548,0.007622282585681514
Kenya,2005,13500.0,1640.5,1771123.0,15237.0,Eastern Africa,East Africa,0.0,977519.6666666666,-98.61895361696048,0.007622282585681514
Kenya,2005,13500.0,1640.5,1771123.0,201.7,Eastern Africa,East Africa,0.0,13500.0,0.0,0.007622282585681514
Kenya,2005,13500.0,1640.5,1771123.0,49.92,Eastern Africa,East Africa,0.0,13500.0,0.0,0.007622282585681514
Kenya,2006,3247200.0,1719.7,1888185.0,15354.0,Eastern Africa,East Africa,23953.333333333332,1091400.0,197.52611324903793,1.7197467409178655
Kenya,2006,3247200.0,1719.7,1888185.0,15354.0,Eastern Africa,East Africa,0.0,2169300.0,49.68883971788134,1.7197467409178655
Kenya,2006,3247200.0,1719.7,1888185.0,213.0,Eastern Africa,East Africa,0.0,3247200.0,0.0,1.7197467409178655
Kenya,2006,3247200.0,1719.7,1888185.0,50.3,Eastern Africa,East Africa,0.0,3247200.0,0.0,1.7197467409178655
Kenya,2006,14400.0,1719.7,1888185.0,15354.0,Eastern Africa,East Africa,-99.55654101995566,2169600.0,-99.33628318584071,0.007626371356620246
Kenya,2006,14400.0,1719.7,1888185.0,15354.0,Eastern Africa,East Africa,0.0,1092000.0,-98.68131868131869,0.007626371356620246
Kenya,2006,14400.0,1719.7,1888185.0,213.0,Eastern Africa,East Africa,0.0,14400.0,0.0,0.007626371356620246
Kenya,2006,14400.0,1719.7,1888185.0,50.3,Eastern Africa,East Africa,0.0,14400.0,0.0,0.007626371356620246
Kenya,2007,2928793.0,1813.2,1615304.0,15664.0,Eastern Africa,East Africa,20238.840277777777,985864.3333333334,197.0787055554973,1.8131528182930272
Kenya,2007,2928793.0,1813.2,1615304.0,15664.0,Eastern Africa,East Africa,0.0,1957328.6666666667,49.63215171153337,1.8131528182930272
Kenya,2007,2928793.0,1813.2,1615304.0,232.7,Eastern Africa,East Africa,0.0,2928793.0,0.0,1.8131528182930272
Kenya,2007,2928793.0,1813.2,1615304.0,51.32,Eastern Africa,East Africa,0.0,2928793.0,0.0,1.8131528182930272
Kenya,2007,13950.0,1813.2,1615304.0,15664.0,Eastern Africa,East Africa,-99.52369457315693,1957178.6666666667,-99.28723931863826,0.008636145270487785
Kenya,2007,13950.0,1813.2,1615304.0,15664.0,Eastern Africa,East Africa,0.0,985564.3333333334,-98.58456728513917,0.008636145270487785
Kenya,2007,13950.0,1813.2,1615304.0,232.7,Eastern Africa,East Africa,0.0,13950.0,0.0,0.008636145270487785
Kenya,2007,13950.0,1813.2,1615304.0,51.32,Eastern Africa,East Africa,0.0,13950.0,0.0,0.008636145270487785
Kenya,2008,2367237.0,1392.5,1700000.0,24453.0,Eastern Africa,East Africa,16869.440860215054,798379.0,196.50541910546244,1.3924923529411766
Kenya,2008,2367237.0,1392.5,1700000.0,24453.0,Eastern Africa,East Africa,0.0,1582808.0,49.55932747370496,1.3924923529411766
Kenya,2008,2367237.0,1392.5,1700000.0,353.5,Eastern Africa,East Africa,0.0,2367237.0,0.0,1.3924923529411766
Kenya,2008,2367237.0,1392.5,1700000.0,80.11,Eastern Africa,East Africa,0.0,2367237.0,0.0,1.3924923529411766
Kenya,2008,13950.0,1392.5,1700000.0,24453.0,Eastern Africa,East Africa,-99.4107053919823,1582808.0,-99.11865494740992,0.008205882352941176
Kenya,2008,13950.0,1392.5,1700000.0,24453.0,Eastern Africa,East Africa,0.0,798379.0,-98.25270955273122,0.008205882352941176
Kenya,2008,13950.0,1392.5,1700000.0,353.5,Eastern Africa,East Africa,0.0,13950.0,0.0,0.008205882352941176
Kenya,2008,13950.0,1392.5,1700000.0,80.11,Eastern Africa,East Africa,0.0,13950.0,0.0,0.008205882352941176
Kenya,2009,2439000.0,1294.3,1884368.0,23913.0,Eastern Africa,East Africa,17383.870967741936,822300.0,196.60707770886538,1.2943331663454272
Kenya,2009,2439000.0,1294.3,1884368.0,23913.0,Eastern Africa,East Africa,0.0,1630650.0,49.572256462146996,1.2943331663454272
Kenya,2009,2439000.0,1294.3,1884368.0,309.1,Eastern Africa,East Africa,0.0,2439000.0,0.0,1.2943331663454272
Kenya,2009,2439000.0,1294.3,1884368.0,78.34,Eastern Africa,East Africa,0.0,2439000.0,0.0,1.2943331663454272
Kenya,2009,13950.0,1294.3,1884368.0,23913.0,Eastern Africa,East Africa,-99.4280442804428,1630650.0,-99.14451292429399,0.007403012575038421
Kenya,2009,13950.0,1294.3,1884368.0,23913.0,Eastern Africa,East Africa,0.0,822300.0,-98.30353885443269,0.007403012575038421
Kenya,2009,13950.0,1294.3,1884368.0,309.1,Eastern Africa,East Africa,0.0,13950.0,0.0,0.007403012575038421
Kenya,2009,13950.0,1294.3,1884368.0,78.34,Eastern Africa,East Africa,0.0,13950.0,0.0,0.007403012575038421
Kenya,2010,3464541.0,1725.1,2008346.0,17213.0,Eastern Africa,East Africa,24735.41935483871,1164147.0,197.60339544748214,1.7250717754809182
Kenya,2010,3464541.0,1725.1,2008346.0,28600.0,Eastern Africa,East Africa,0.0,2314344.0,49.698618701454926,1.7250717754809182
Kenya,2010,3464541.0,1725.1,2008346.0,26850.0,Eastern Africa,East Africa,0.0,3464541.0,0.0,1.7250717754809182
Kenya,2010,3464541.0,1725.1,2008346.0,25510.0,Eastern Africa,East Africa,0.0,3464541.0,0.0,1.7250717754809182
Kenya,2010,3464541.0,1725.1,2008346.0,23520.0,Eastern Africa,East Africa,0.0,3464541.0,0.0,1.7250717754809182
Kenya,2010,3464541.0,1725.1,2008346.0,20480.0,Eastern Africa,East Africa,0.0,3464541.0,0.0,1.7250717754809182
Kenya,2010,3464541.0,1725.1,2008346.0,19430.0,Eastern Africa,East Africa,0.0,3464541.0,0.0,1.7250717754809182
Kenya,2010,3464541.0,1725.1,2008346.0,18570.0,Eastern Africa,East Africa,0.0,3464541.0,0.0,1.7250717754809182
Kenya,2010,3464541.0,1725.1,2008346.0,18140.0,Eastern Africa,East Africa,0.0,3464541.0,0.0,1.7250717754809182
Kenya,2010,3464541.0,1725.1,2008346.0,17680.0,Eastern Africa,East Africa,0.0,3464541.0,0.0,1.7250717754809182
Kenya,2010,3464541.0,1725.1,2008346.0,17400.0,Eastern Africa,East Africa,0.0,3464541.0,0.0,1.7250717754809182
Kenya,2010,3464541.0,1725.1,2008346.0,17990.0,Eastern Africa,East Africa,0.0,3464541.0,0.0,1.7250717754809182
Kenya,2010,3464541.0,1725.1,2008346.0,18630.0,Eastern Africa,East Africa,0.0,3464541.0,0.0,1.7250717754809182
Kenya,2010,3464541.0,1725.1,2008346.0,17213.0,Eastern Africa,East Africa,0.0,3464541.0,0.0,1.7250717754809182
Kenya,2010,3464541.0,1725.1,2008346.0,217.2,Eastern Africa,East Africa,0.0,3464541.0,0.0,1.7250717754809182
Kenya,2010,3464541.0,1725.1,2008346.0,56.39,Eastern Africa,East Africa,0.0,3464541.0,0.0,1.7250717754809182
Kenya,2010,13249.78,1725.1,2008346.0,17213.0,Eastern Africa,East Africa,-99.61756030596838,2314110.5933333333,-99.42743531626489,0.006597359219975045
Kenya,2010,13249.78,1725.1,2008346.0,28600.0,Eastern Africa,East Africa,0.0,1163680.1866666668,-98.86138991178034,0.006597359219975045
Kenya,2010,13249.78,1725.1,2008346.0,26850.0,Eastern Africa,East Africa,0.0,13249.78,0.0,0.006597359219975045
Kenya,2010,13249.78,1725.1,2008346.0,25510.0,Eastern Africa,East Africa,0.0,13249.78,0.0,0.006597359219975045
Kenya,2010,13249.78,1725.1,2008346.0,23520.0,Eastern Africa,East Africa,0.0,13249.78,0.0,0.006597359219975045
Kenya,2010,13249.78,1725.1,2008346.0,20480.0,Eastern Africa,East Africa,0.0,13249.78,0.0,0.006597359219975045
Kenya,2010,13249.78,1725.1,2008346.0,19430.0,Eastern Africa,East Africa,0.0,13249.78,0.0,0.006597359219975045
Kenya,2010,13249.78,1725.1,2008346.0,18570.0,Eastern Africa,East Africa,0.0,13249.78,0.0,0.006597359219975045
Kenya,2010,13249.78,1725.1,2008346.0,18140.0,Eastern Africa,East Africa,0.0,13249.78,0.0,0.006597359219975045
Kenya,2010,13249.78,1725.1,2008346.0,17680.0,Eastern Africa,East Africa,0.0,13249.78,0.0,0.006597359219975045
Kenya,2010,13249.78,1725.1,2008346.0,17400.0,Eastern Africa,East Africa,0.0,13249.78,0.0,0.006597359219975045
Kenya,2010,13249.78,1725.1,2008346.0,17990.0,Eastern Africa,East Africa,0.0,13249.78,0.0,0.006597359219975045
Kenya,2010,13249.78,1725.1,2008346.0,18630.0,Eastern Africa,East Africa,0.0,13249.78,0.0,0.006597359219975045
Kenya,2010,13249.78,1725.1,2008346.0,17213.0,Eastern Africa,East Africa,0.0,13249.78,0.0,0.006597359219975045
Kenya,2010,13249.78,1725.1,2008346.0,217.2,Eastern Africa,East Africa,0.0,13249.78,0.0,0.006597359219975045
Kenya,2010,13249.78,1725.1,2008346.0,56.39,Eastern Africa,East Africa,0.0,13249.78,0.0,0.006597359219975045
Kenya,2011,3376862.0,1584.0,2131887.0,24999.0,Eastern Africa,East Africa,25386.174110060692,1134453.8533333333,197.66411300714108,1.5839779500508235
Kenya,2011,3376862.0,1584.0,2131887.0,20220.0,Eastern Africa,East Africa,0.0,2255657.9266666668,49.7062989949992,1.5839779500508235
Kenya,2011,3376862.0,1584.0,2131887.0,24999.0,Eastern Africa,East Africa,0.0,3376862.0,0.0,1.5839779500508235
Kenya,2011,3376862.0,1584.0,2131887.0,281.5,Eastern Africa,East Africa,0.0,3376862.0,0.0,1.5839779500508235
Kenya,2011,3376862.0,1584.0,2131887.0,81.9,Eastern Africa,East Africa,0.0,3376862.0,0.0,1.5839779500508235
Kenya,2011,15852.99,1584.0,2131887.0,24999.0,Eastern Africa,East Africa,-99.5305407801681,2256525.6633333336,-99.29746023909242,0.007436130526617968
Kenya,2011,15852.99,1584.0,2131887.0,20220.0,Eastern Africa,East Africa,0.0,1136189.3266666667,-98.60472285490401,0.007436130526617968
Kenya,2011,15852.99,1584.0,2131887.0,24999.0,Eastern Africa,East Africa,0.0,15852.99,0.0,0.007436130526617968
Kenya,2011,15852.99,1584.0,2131887.0,281.5,Eastern Africa,East Africa,0.0,15852.99,0.0,0.007436130526617968
Kenya,2011,15852.99,1584.0,2131887.0,81.9,Eastern Africa,East Africa,0.0,15852.99,0.0,0.007436130526617968
Kenya,2012,3749880.0,1736.6,2159322.0,33960.0,Eastern Africa,East Africa,23554.086705410147,1260528.66,197.48470772572517,1.7366006552056619
Kenya,2012,3749880.0,1736.6,2159322.0,33960.0,Eastern Africa,East Africa,0.0,2505204.33,49.68359886237303,1.7366006552056619
Kenya,2012,3749880.0,1736.6,2159322.0,401.8,Eastern Africa,East Africa,0.0,3749880.0,0.0,1.7366006552056619
Kenya,2012,3749880.0,1736.6,2159322.0,111.25,Eastern Africa,East Africa,0.0,3749880.0,0.0,1.7366006552056619
Kenya,2012,14923.05,1736.6,2159322.0,33960.0,Eastern Africa,East Africa,-99.6020392652565,2504894.35,-99.4042443346962,0.006910988727017091
Kenya,2012,14923.05,1736.6,2159322.0,33960.0,Eastern Africa,East Africa,0.0,1259908.7,-98.81554512640479,0.006910988727017091
Kenya,2012,14923.05,1736.6,2159322.0,401.8,Eastern Africa,East Africa,0.0,14923.05,0.0,0.006910988727017091
Kenya,2012,14923.05,1736.6,2159322.0,111.25,Eastern Africa,East Africa,0.0,14923.05,0.0,0.006910988727017091
Kenya,2013,3592688.0,1692.2,2123138.0,31331.6,Eastern Africa,East Africa,23974.75683590151,1207511.3666666667,197.5282965590303,1.6921594357031904
Kenya,2013,3592688.0,1692.2,2123138.0,31331.6,Eastern Africa,East Africa,0.0,2400099.6833333336,49.68911603747901,1.6921594357031904
Kenya,2013,3592688.0,1692.2,2123138.0,363.8,Eastern Africa,East Africa,0.0,3592688.0,0.0,1.6921594357031904
Kenya,2013,3592688.0,1692.2,2123138.0,102.64,Eastern Africa,East Africa,0.0,3592688.0,0.0,1.6921594357031904
Kenya,2013,15828.87,1692.2,2123138.0,31331.6,Eastern Africa,East Africa,-99.5594142881319,2400401.6233333335,-99.34057410034495,0.007455412695736218
Kenya,2013,15828.87,1692.2,2123138.0,31331.6,Eastern Africa,East Africa,0.0,1208115.2466666668,-98.68978807744759,0.007455412695736218
Kenya,2013,15828.87,1692.2,2123138.0,363.8,Eastern Africa,East Africa,0.0,15828.87,0.0,0.007455412695736218
Kenya,2013,15828.87,1692.2,2123138.0,102.64,Eastern Africa,East Africa,0.0,15828.87,0.0,0.007455412695736218
Kenya,2014,3513171.0,1660.2,2116141.0,33184.9,Eastern Africa,East Africa,22094.70499157552,1181609.58,197.32079524947653,1.6601781261267563
Kenya,2014,3513171.0,1660.2,2116141.0,33184.9,Eastern Africa,East Africa,0.0,2347390.29,49.66284111194819,1.6601781261267563
Kenya,2014,3513171.0,1660.2,2116141.0,377.4,Eastern Africa,East Africa,0.0,3513171.0,0.0,1.6601781261267563
Kenya,2014,3513171.0,1660.2,2116141.0,108.72,Eastern Africa,East Africa,0.0,3513171.0,0.0,1.6601781261267563
Kenya,2014,15256.87,1660.2,2116141.0,33184.9,Eastern Africa,East Africa,-99.56572367243155,2347199.6233333335,-99.34999691341406,0.007209760597238086
Kenya,2014,15256.87,1660.2,2116141.0,33184.9,Eastern Africa,East Africa,0.0,1181228.2466666668,-98.70838933601074,0.007209760597238086
Kenya,2014,15256.87,1660.2,2116141.0,377.4,Eastern Africa,East Africa,0.0,15256.87,0.0,0.007209760597238086
Kenya,2014,15256.87,1660.2,2116141.0,108.72,Eastern Africa,East Africa,0.0,15256.87,0.0,0.007209760597238086
Kenya,2015,3825000.0,1823.0,2098240.0,28700.8,Eastern Africa,East Africa,24970.67308038936,1285171.2466666668,197.6257062956284,1.8229563824919932
Kenya,2015,3825000.0,1823.0,2098240.0,28700.8,Eastern Africa,East Africa,0.0,2555085.6233333335,49.70144112078528,1.8229563824919932
Kenya,2015,3825000.0,1823.0,2098240.0,292.3,Eastern Africa,East Africa,0.0,3825000.0,0.0,1.8229563824919932
Kenya,2015,3825000.0,1823.0,2098240.0,94.03,Eastern Africa,East Africa,0.0,3825000.0,0.0,1.8229563824919932
Kenya,2015,17591.14,1823.0,2098240.0,28700.8,Eastern Africa,East Africa,-99.54010091503268,2555863.7133333334,-99.31173403698205,0.008383759722434039
Kenya,2015,17591.14,1823.0,2098240.0,28700.8,Eastern Africa,East Africa,0.0,1286727.4266666665,-98.63287751271685,0.008383759722434039
Kenya,2015,17591.14,1823.0,2098240.0,292.3,Eastern Africa,East Africa,0.0,17591.14,0.0,0.008383759722434039
Kenya,2015,17591.14,1823.0,2098240.0,94.03,Eastern Africa,East Africa,0.0,17591.14,0.0,0.008383759722434039
Kenya,2016,3339000.0,1428.4,2337586.0,29688.0,Eastern Africa,East Africa,18881.146190639152,1124727.4266666665,196.8719283298471,1.428396645085999
Kenya,2016,3339000.0,1428.4,2337586.0,34480.0,Eastern Africa,East Africa,0.0,2231863.7133333334,49.605909180410315,1.428396645085999
Kenya,2016,3339000.0,1428.4,2337586.0,34970.0,Eastern Africa,East Africa,0.0,3339000.0,0.0,1.428396645085999
Kenya,2016,3339000.0,1428.4,2337586.0,33920.0,Eastern Africa,East Africa,0.0,3339000.0,0.0,1.428396645085999
Kenya,2016,3339000.0,1428.4,2337586.0,33800.0,Eastern Africa,East Africa,0.0,3339000.0,0.0,1.428396645085999
Kenya,2016,3339000.0,1428.4,2337586.0,35500.0,Eastern Africa,East Africa,0.0,3339000.0,0.0,1.428396645085999
Kenya,2016,3339000.0,1428.4,2337586.0,35920.0,Eastern Africa,East Africa,0.0,3339000.0,0.0,1.428396645085999
Kenya,2016,3339000.0,1428.4,2337586.0,35590.0,Eastern Africa,East Africa,0.0,3339000.0,0.0,1.428396645085999
Kenya,2016,3339000.0,1428.4,2337586.0,35640.0,Eastern Africa,East Africa,0.0,3339000.0,0.0,1.428396645085999
Kenya,2016,3339000.0,1428.4,2337586.0,35100.0,Eastern Africa,East Africa,0.0,3339000.0,0.0,1.428396645085999
Kenya,2016,3339000.0,1428.4,2337586.0,36340.0,Eastern Africa,East Africa,0.0,3339000.0,0.0,1.428396645085999
Kenya,2016,3339000.0,1428.4,2337586.0,37050.0,Eastern Africa,East Africa,0.0,3339000.0,0.0,1.428396645085999
Kenya,2016,3339000.0,1428.4,2337586.0,36930.0,Eastern Africa,East Africa,0.0,3339000.0,0.0,1.428396645085999
Kenya,2016,3339000.0,1428.4,2337586.0,29688.0,Eastern Africa,East Africa,0.0,3339000.0,0.0,1.428396645085999
Kenya,2016,3339000.0,1428.4,2337586.0,292.5,Eastern Africa,East Africa,0.0,3339000.0,0.0,1.428396645085999
Kenya,2016,3339000.0,1428.4,2337586.0,97.26,Eastern Africa,East Africa,0.0,3339000.0,0.0,1.428396645085999
Kenya,2016,17169.17,1428.4,2337586.0,29688.0,Eastern Africa,East Africa,-99.48579904162924,2231723.0566666666,-99.23067649685692,0.007344829238368128
Kenya,2016,17169.17,1428.4,2337586.0,34480.0,Eastern Africa,East Africa,0.0,1124446.1133333333,-98.47309979585387,0.007344829238368128
Kenya,2016,17169.17,1428.4,2337586.0,34970.0,Eastern Africa,East Africa,0.0,17169.17,0.0,0.007344829238368128
Kenya,2016,17169.17,1428.4,2337586.0,33920.0,Eastern Africa,East Africa,0.0,17169.17,0.0,0.007344829238368128
Kenya,2016,17169.17,1428.4,2337586.0,33800.0,Eastern Africa,East Africa,0.0,17169.17,0.0,0.007344829238368128
Kenya,2016,17169.17,1428.4,2337586.0,35500.0,Eastern Africa,East Africa,0.0,17169.17,0.0,0.007344829238368128
Kenya,2016,17169.17,1428.4,2337586.0,35920.0,Eastern Africa,East Africa,0.0,17169.17,0.0,0.007344829238368128
Kenya,2016,17169.17,1428.4,2337586.0,35590.0,Eastern Africa,East Africa,0.0,17169.17,0.0,0.007344829238368128
Kenya,2016,17169.17,1428.4,2337586.0,35640.0,Eastern Africa,East Africa,0.0,17169.17,0.0,0.007344829238368128
Kenya,2016,17169.17,1428.4,2337586.0,35100.0,Eastern Africa,East Africa,0.0,17169.17,0.0,0.007344829238368128
Kenya,2016,17169.17,1428.4,2337586.0,36340.0,Eastern Africa,East Africa,0.0,17169.17,0.0,0.007344829238368128
Kenya,2016,17169.17,1428.4,2337586.0,37050.0,Eastern Africa,East Africa,0.0,17169.17,0.0,0.007344829238368128
Kenya,2016,17169.17,1428.4,2337586.0,36930.0,Eastern Africa,East Africa,0.0,17169.17,0.0,0.007344829238368128
Kenya,2016,17169.17,1428.4,2337586.0,29688.0,Eastern Africa,East Africa,0.0,17169.17,0.0,0.007344829238368128
Kenya,2016,17169.17,1428.4,2337586.0,292.5,Eastern Africa,East Africa,0.0,17169.17,0.0,0.007344829238368128
Kenya,2016,17169.17,1428.4,2337586.0,97.26,Eastern Africa,East Africa,0.0,17169.17,0.0,0.007344829238368128
Kenya,2017,3186000.0,1527.2,2086178.0,103.98,Eastern Africa,East Africa,18456.51729233271,1073446.1133333333,196.80111189807468,1.5271947072589205
Kenya,2017,16288.22,1527.2,2086178.0,103.98,Eastern Africa,East Africa,-99.4887564344005,1073152.4633333334,-98.48220820838384,0.0078076846750373165
Kenya,2018,4013777.44,1765.6,2273283.0,107.71,Eastern Africa,East Africa,24542.21038271831,2405355.22,66.86838628350284,1.765630341668855
Kenya,2018,16993.98,1765.6,2273283.0,107.71,Eastern Africa,East Africa,-99.57660881167342,1349019.8800000001,-98.74027208553812,0.00747552328504634
Kenya,2019,3582000.0,1560.0,2296174.0,33000.0,Eastern Africa,East Africa,20978.052345595323,2537590.473333333,41.15752867304665,1.559986307657869
Kenya,2019,3582000.0,1560.0,2296174.0,33000.0,Eastern Africa,East Africa,0.0,2393664.66,49.64502170492001,1.559986307657869
Kenya,2019,3582000.0,1560.0,2296174.0,323.6,Eastern Africa,East Africa,0.0,3582000.0,0.0,1.559986307657869
Kenya,2019,3582000.0,1560.0,2296174.0,108.11,Eastern Africa,East Africa,0.0,3582000.0,0.0,1.559986307657869
Kenya,2019,16355.22,1560.0,2296174.0,33000.0,Eastern Africa,East Africa,-99.543405360134,2393451.7399999998,-99.31666806868643,0.007122813863409305
Kenya,2019,16355.22,1560.0,2296174.0,33000.0,Eastern Africa,East Africa,0.0,1204903.48,-98.64261160570305,0.007122813863409305
Kenya,2019,16355.22,1560.0,2296174.0,323.6,Eastern Africa,East Africa,0.0,16355.22,0.0,0.007122813863409305
Kenya,2019,16355.22,1560.0,2296174.0,108.11,Eastern Africa,East Africa,0.0,16355.22,0.0,0.007122813863409305
Kenya,2020,3789000.0,1774.1,2135741.0,31000.0,Eastern Africa,East Africa,23066.91551688085,1273903.48,197.43226700346247,1.7740915213970234
Kenya,2020,3789000.0,1774.1,2135741.0,29000.0,Eastern Africa,East Africa,0.0,2531451.7399999998,49.6769596721603,1.7740915213970234
Kenya,2020,3789000.0,1774.1,2135741.0,32000.0,Eastern Africa,East Africa,0.0,3789000.0,0.0,1.7740915213970234
Kenya,2020,3789000.0,1774.1,2135741.0,31000.0,Eastern Africa,East Africa,0.0,3789000.0,0.0,1.7740915213970234
Kenya,2020,3789000.0,1774.1,2135741.0,32000.0,Eastern Africa,East Africa,0.0,3789000.0,0.0,1.7740915213970234
Kenya,2020,3789000.0,1774.1,2135741.0,30000.0,Eastern Africa,East Africa,0.0,3789000.0,0.0,1.7740915213970234
Kenya,2020,3789000.0,1774.1,2135741.0,36000.0,Eastern Africa,East Africa,0.0,3789000.0,0.0,1.7740915213970234
Kenya,2020,3789000.0,1774.1,2135741.0,26000.0,Eastern Africa,East Africa,0.0,3789000.0,0.0,1.7740915213970234
Kenya,2020,3789000.0,1774.1,2135741.0,31000.0,Eastern Africa,East Africa,0.0,3789000.0,0.0,1.7740915213970234
Kenya,2020,3789000.0,1774.1,2135741.0,33000.0,Eastern Africa,East Africa,0.0,3789000.0,0.0,1.7740915213970234
Kenya,2020,3789000.0,1774.1,2135741.0,31000.0,Eastern Africa,East Africa,0.0,3789000.0,0.0,1.7740915213970234
Kenya,2020,3789000.0,1774.1,2135741.0,291.2,Eastern Africa,East Africa,0.0,3789000.0,0.0,1.7740915213970234
Kenya,2020,3789000.0,1774.1,2135741.0,101.56,Eastern Africa,East Africa,0.0,3789000.0,0.0,1.7740915213970234
Kenya,2020,15075.64,1774.1,2135741.0,31000.0,Eastern Africa,East Africa,-99.60212087622064,2531025.2133333334,-99.40436626547289,0.007058739800378417
Kenya,2020,15075.64,1774.1,2135741.0,29000.0,Eastern Africa,East Africa,0.0,1273050.4266666665,-98.81578610837329,0.007058739800378417
Kenya,2020,15075.64,1774.1,2135741.0,32000.0,Eastern Africa,East Africa,0.0,15075.64,0.0,0.007058739800378417
Kenya,2020,15075.64,1774.1,2135741.0,31000.0,Eastern Africa,East Africa,0.0,15075.64,0.0,0.007058739800378417
Kenya,2020,15075.64,1774.1,2135741.0,32000.0,Eastern Africa,East Africa,0.0,15075.64,0.0,0.007058739800378417
Kenya,2020,15075.64,1774.1,2135741.0,30000.0,Eastern Africa,East Africa,0.0,15075.64,0.0,0.007058739800378417
Kenya,2020,15075.64,1774.1,2135741.0,36000.0,Eastern Africa,East Africa,0.0,15075.64,0.0,0.007058739800378417
Kenya,2020,15075.64,1774.1,2135741.0,26000.0,Eastern Africa,East Africa,0.0,15075.64,0.0,0.007058739800378417
Kenya,2020,15075.64,1774.1,2135741.0,31000.0,Eastern Africa,East Africa,0.0,15075.64,0.0,0.007058739800378417
Kenya,2020,15075.64,1774.1,2135741.0,33000.0,Eastern Africa,East Africa,0.0,15075.64,0.0,0.007058739800378417
Kenya,2020,15075.64,1774.1,2135741.0,31000.0,Eastern Africa,East Africa,0.0,15075.64,0.0,0.007058739800378417
Kenya,2020,15075.64,1774.1,2135741.0,291.2,Eastern Africa,East Africa,0.0,15075.64,0.0,0.007058739800378417
Kenya,2020,15075.64,1774.1,2135741.0,101.56,Eastern Africa,East Africa,0.0,15075.64,0.0,0.007058739800378417
Kenya,2021,3304430.0,1523.8,2168603.0,30027.0,Eastern Africa,East Africa,21819.00310699911,1111527.0933333333,197.28740035390592,1.5237597660798219
Kenya,2021,3304430.0,1523.8,2168603.0,30027.0,Eastern Africa,East Africa,0.0,2207978.5466666664,49.65860990762889,1.5237597660798219
Kenya,2021,3304430.0,1523.8,2168603.0,273.9,Eastern Africa,East Africa,0.0,3304430.0,0.0,1.5237597660798219
Kenya,2021,3304430.0,1523.8,2168603.0,98.37,Eastern Africa,East Africa,0.0,3304430.0,0.0,1.5237597660798219
Kenya,2021,2000.0,1523.8,2168603.0,30027.0,Eastern Africa,East Africa,-99.939475189367,2203620.0,-99.90924025013386,0.0009222527129216367
Kenya,2021,2000.0,1523.8,2168603.0,30027.0,Eastern Africa,East Africa,0.0,1102810.0,-99.8186450975236,0.0009222527129216367
Kenya,2021,2000.0,1523.8,2168603.0,273.9,Eastern Africa,East Africa,0.0,2000.0,0.0,0.0009222527129216367
Kenya,2021,2000.0,1523.8,2168603.0,98.37,Eastern Africa,East Africa,0.0,2000.0,0.0,0.0009222527129216367
Kenya,2022,3082220.0,1458.3,2113520.0,53010.0,Eastern Africa,East Africa,154011.0,1028740.0,199.61117483523535,1.4583349104810932
Kenya,2022,3082220.0,1458.3,2113520.0,53010.0,Eastern Africa,East Africa,0.0,2055480.0,49.951349563119074,1.4583349104810932
Kenya,2022,3082220.0,1458.3,2113520.0,449.7,Eastern Africa,East Africa,0.0,3082220.0,0.0,1.4583349104810932
Kenya,2022,3082220.0,1458.3,2113520.0,173.66,Eastern Africa,East Africa,0.0,3082220.0,0.0,1.4583349104810932
Kenya,2022,14000.0,1458.3,2113520.0,53010.0,Eastern Africa,East Africa,-99.5457819363965,2059480.0,-99.32021675374367,0.006624020591241152
Kenya,2022,14000.0,1458.3,2113520.0,53010.0,Eastern Africa,East Africa,0.0,1036740.0,-98.64961321064105,0.006624020591241152
Kenya,2022,14000.0,1458.3,2113520.0,449.7,Eastern Africa,East Africa,0.0,14000.0,0.0,0.006624020591241152
Kenya,2022,14000.0,1458.3,2113520.0,173.66,Eastern Africa,East Africa,0.0,14000.0,0.0,0.006624020591241152
Kenya,2023,4285206.0,1763.4,2430014.0,61167.0,Eastern Africa,East Africa,30508.614285714288,1437735.3333333333,198.05249273973934,1.7634490994702088
Kenya,2023,4285206.0,1763.4,2430014.0,61167.0,Eastern Africa,East Africa,0.0,2861470.6666666665,49.75537054838469,1.7634490994702088
Kenya,2023,4285206.0,1763.4,2430014.0,437.4,Eastern Africa,East Africa,0.0,4285206.0,0.0,1.7634490994702088
Kenya,2023,4285206.0,1763.4,2430014.0,200.39,Eastern Africa,East Africa,0.0,4285206.0,0.0,1.7634490994702088
Kenya,2023,8925.28,1763.4,2430014.0,61167.0,Eastern Africa,East Africa,-99.79171876451214,2859779.0933333333,-99.68790316633874,0.0036729335715761312
Kenya,2023,8925.28,1763.4,2430014.0,61167.0,Eastern Africa,East Africa,0.0,1434352.1866666665,-99.37774836034225,0.0036729335715761312
Kenya,2023,8925.28,1763.4,2430014.0,437.4,Eastern Africa,East Africa,0.0,8925.28,0.0,0.0036729335715761312
Kenya,2023,8925.28,1763.4,2430014.0,200.39,Eastern Africa,East Africa,0.0,8925.28,0.0,0.0036729335715761312
Kenya,2024,4023000.0,1666.2,2414536.0,62812.0,Eastern Africa,East Africa,44974.21615904487,1346950.1866666668,198.67474237899063,1.6661586325488624
Kenya,2024,4023000.0,1666.2,2414536.0,62812.0,Eastern Africa,East Africa,0.0,2684975.0933333333,49.833792126747085,1.6661586325488624
Kenya,2024,4023000.0,1666.2,2414536.0,465.9,Eastern Africa,East Africa,0.0,4023000.0,0.0,1.6661586325488624
Kenya,2024,4023000.0,1666.2,2414536.0,205.78,Eastern Africa,East Africa,0.0,4023000.0,0.0,1.6661586325488624
Lesotho,2000,106800.0,677.3,157680.0,,Southern Africa,Southern Africa,,106800.0,0.0,0.6773211567732116
Lesotho,2001,158190.0,891.3,177485.0,,Southern Africa,Southern Africa,48.11797752808988,132495.0,19.393184648477302,0.8912865875989521
Lesotho,2002,111110.0,808.8,137380.0,,Southern Africa,Southern Africa,-29.76167899361527,125366.66666666667,-11.371975538420637,0.8087785703887028
Lesotho,2003,82080.0,643.9,127470.0,,Southern Africa,Southern Africa,-26.127261272612724,117126.66666666667,-29.92202174284251,0.6439162155801365
Lesotho,2004,80996.0,634.7,127620.0,,Southern Africa,Southern Africa,-1.3206627680311889,91395.33333333333,-11.378407358508454,0.6346654129446795
Lesotho,2005,78739.0,701.1,112302.0,,Southern Africa,Southern Africa,-2.7865573608573224,80605.0,-2.314992866447491,0.7011362219728945
Lesotho,2006,68762.0,556.7,123508.0,,Southern Africa,Southern Africa,-12.670976263351076,76165.66666666667,-9.72047773056102,0.5567412637238074
Lesotho,2007,60312.0,487.7,123661.0,,Southern Africa,Southern Africa,-12.288764142985952,69271.0,-12.93326211545957,0.4877204615844931
Lesotho,2008,59651.0,434.9,137156.0,,Southern Africa,Southern Africa,-1.095967634964845,62908.333333333336,-5.177904358193142,0.434913529120126
Lesotho,2009,57126.0,415.9,137366.0,,Southern Africa,Southern Africa,-4.232955021709605,59029.666666666664,-3.224932096290562,0.41586709957340245
Lesotho,2010,128213.0,907.1,141340.0,,Southern Africa,Southern Africa,124.43895949305043,81663.33333333333,57.00191844565086,0.9071246639309467
Lesotho,2011,73390.0,634.4,115688.0,,Southern Africa,Southern Africa,-42.759314578084904,86243.0,-14.903238523706271,0.6343786736740198
Lesotho,2012,88186.69,695.2,126854.0,,Southern Africa,Southern Africa,20.16172503065814,96596.56333333334,-8.706182749289669,0.69518257209075
Lesotho,2013,86325.0,822.7,104926.0,,Southern Africa,Southern Africa,-2.111078213730444,82633.89666666667,4.466815050756612,0.8227226807464308
Lesotho,2014,90072.0,678.6,132727.0,,Southern Africa,Southern Africa,4.340573414422244,88194.56333333334,2.128744216999915,0.6786260519713396
Lesotho,2015,65636.0,657.1,99884.0,,Southern Africa,Southern Africa,-27.129407585043076,80677.66666666667,-18.64415183053551,0.6571222618237155
Lesotho,2016,19181.0,468.0,40981.0,,Southern Africa,Southern Africa,-70.77670790419891,58296.333333333336,-67.09741607533921,0.468046167736268
Lesotho,2017,172666.0,1040.9,165882.0,,Southern Africa,Southern Africa,800.1928992231897,85827.66666666667,101.17755346954944,1.040896540914626
Lesotho,2018,109912.0,868.4,126564.0,,Southern Africa,Southern Africa,-36.34415576894119,100586.33333333333,9.271305909682898,0.8684302013210707
Lesotho,2019,24621.0,768.8,32026.0,,Southern Africa,Southern Africa,-77.59935220903996,102399.66666666667,-75.95597641919407,0.768781614937863
Lesotho,2020,21782.0,456.9,47669.0,3020.0,Southern Africa,Southern Africa,-11.530807034645218,52105.0,-58.1959504845984,0.45694266714216786
Lesotho,2020,21782.0,456.9,47669.0,3020.0,Southern Africa,Southern Africa,0.0,22728.333333333332,-4.163672361956437,0.45694266714216786
Lesotho,2020,21782.0,456.9,47669.0,183.3,Southern Africa,Southern Africa,0.0,21782.0,0.0,0.45694266714216786
Lesotho,2021,88553.0,1025.2,86379.0,3290.0,Southern Africa,Southern Africa,306.54209898080984,44039.0,101.07858943209429,1.025168154296762
Lesotho,2021,88553.0,1025.2,86379.0,3290.0,Southern Africa,Southern Africa,0.0,66296.0,33.57216121636298,1.025168154296762
Lesotho,2021,88553.0,1025.2,86379.0,222.6,Southern Africa,Southern Africa,0.0,88553.0,0.0,1.025168154296762
Lesotho,2022,72096.0,804.6,89602.0,3890.0,Southern Africa,Southern Africa,-18.584350614886002,83067.33333333333,-13.207759167261896,0.8046248967656972
Lesotho,2022,72096.0,804.6,89602.0,3890.0,Southern Africa,Southern Africa,0.0,77581.66666666667,-7.07082858922856,0.8046248967656972
Lesotho,2022,72096.0,804.6,89602.0,237.8,Southern Africa,Southern Africa,0.0,72096.0,0.0,0.8046248967656972
Lesotho,2023,126994.0,850.8,149271.0,126994.0,Southern Africa,Southern Africa,76.14569462938306,90395.33333333333,40.487340791928794,0.8507613669098485
Lesotho,2023,126994.0,850.8,149271.0,126994.0,Southern Africa,Southern Africa,0.0,108694.66666666667,16.83553930888973,0.8507613669098485
Lesotho,2023,126994.0,850.8,149271.0,6883.1,Southern Africa,Southern Africa,0.0,126994.0,0.0,0.8507613669098485
Lesotho,2024,56443.0,632.7,89206.0,,Southern Africa,Southern Africa,-55.55459313038411,103477.0,-45.453579056215396,0.6327264982176087
Liberia,2000,17154.84,3058.0,5610.0,,Western Africa,West Africa,,17154.84,0.0,3.057903743315508
Liberia,2001,17368.91,3061.1,5674.0,,Western Africa,West Africa,1.2478694059518958,17261.875,0.6200658966653383,3.061140289037716
Liberia,2002,17579.36,3063.6,5738.0,,Western Africa,West Africa,1.211647708463004,17367.703333333335,1.2186796527117048,3.063673753921227
Liberia,2003,17790.51,3065.7,5803.0,,Western Africa,West Africa,1.2011245005506321,17579.593333333334,1.199781261530875,3.0657435809064273
Liberia,2004,18002.37,3068.3,5867.0,,Western Africa,West Africa,1.1908596212250266,17790.746666666666,1.1895134999018198,3.0684114538946647
Liberia,2005,18214.94,3071.6,5930.0,,Western Africa,West Africa,1.1807889738962185,18002.606666666663,1.1794588265180994,3.0716593591905563
Liberia,2006,18000.0,3000.0,6000.0,,Western Africa,West Africa,-1.1800203569158008,18072.436666666665,-0.4008129506978381,3.0
Liberia,2007,19500.0,3000.0,6500.0,,Western Africa,West Africa,8.333333333333325,18571.646666666667,4.998766937557498,3.0
Liberia,2008,20286.24,3157.2,6425.0,,Western Africa,West Africa,4.032000000000013,19262.079999999998,5.316975113798736,3.157391439688716
Liberia,2009,20947.62,3253.0,6439.0,,Western Africa,West Africa,3.260239452949376,20244.62,3.4725275159523865,3.2532411865196456
Liberia,2010,21858.31,3362.8,6500.0,,Western Africa,West Africa,4.347462862129459,21030.723333333335,3.9351317287073786,3.3628169230769234
Liberia,2011,23000.0,3481.9,6606.0,,Western Africa,West Africa,5.2231393918376945,21935.309999999998,4.8537722968127754,3.48168331819558
Liberia,2012,24500.0,3951.6,6200.0,,Western Africa,West Africa,6.521739130434789,23119.436666666665,5.971440192242294,3.9516129032258065
Liberia,2013,22269.54,3650.9,6100.0,,Western Africa,West Africa,-9.10391836734693,23256.513333333336,-4.243857706385917,3.650744262295082
Liberia,2014,23443.64,3597.1,6517.0,,Western Africa,West Africa,5.272223853748215,23404.39333333333,0.1676893141715115,3.597305508669633
Liberia,2015,24548.82,3701.4,6632.0,,Western Africa,West Africa,4.714199672064567,23420.666666666668,4.816913836782322,3.701571170084439
Liberia,2016,23420.67,3506.4,6679.0,,Western Africa,West Africa,-4.595536567541747,23804.376666666667,-1.6119164641012182,3.506613265458901
Liberia,2017,23796.25,3555.0,6694.0,,Western Africa,West Africa,1.6036261985673317,23921.91333333333,-0.525306364847615,3.554862563489692
Liberia,2018,24080.05,3608.9,6672.0,,Western Africa,West Africa,1.19262488837526,23765.656666666666,1.322889317736785,3.6091202038369303
Liberia,2019,24391.62,3651.9,6679.0,,Western Africa,West Africa,1.293892662183005,24089.306666666667,1.2549690097625543,3.651986824374906
Liberia,2020,24673.72,3672.8,6718.0,,Western Africa,West Africa,1.156544747745336,24381.796666666665,1.1973003356739336,3.6727776123846385
Liberia,2021,24778.09,3674.7,6743.0,,Western Africa,West Africa,0.42300066629594735,24614.476666666666,0.6647036845390359,3.6746388847693905
Liberia,2022,24725.5,3685.3,6709.0,,Western Africa,West Africa,-0.2122439623070238,24725.77,-0.0010919781264665835,3.6854225667014457
Liberia,2023,24858.63,3697.8,6723.0,,Western Africa,West Africa,0.5384319831752693,24787.406666666666,0.2873367685902943,3.697550200803213
Liberia,2024,24991.76,3710.3,6736.0,,Western Africa,West Africa,0.535548419200893,24858.63,0.5355484192008867,3.710178147268408
Libya,2000,5780.0,2890.0,2000.0,,Northern Africa,North Africa,,5780.0,0.0,2.89
Libya,2001,2000.0,2000.0,1000.0,,Northern Africa,North Africa,-65.39792387543253,3890.0,-48.58611825192802,2.0
Libya,2002,1500.0,1500.0,1000.0,,Northern Africa,North Africa,-25.0,3093.3333333333335,-51.508620689655174,1.5
Libya,2003,1500.0,1500.0,1000.0,,Northern Africa,North Africa,0.0,1666.6666666666667,-10.000000000000005,1.5
Libya,2004,3600.0,2400.0,1500.0,,Northern Africa,North Africa,140.0,2200.0,63.63636363636363,2.4
Libya,2005,3600.0,2400.0,1500.0,,Northern Africa,North Africa,0.0,2900.0,24.137931034482758,2.4
Libya,2006,3070.0,2224.6,1380.0,,Northern Africa,North Africa,-14.722222222222225,3423.3333333333335,-10.321324245374882,2.2246376811594204
Libya,2007,3070.0,2224.6,1380.0,,Northern Africa,North Africa,0.0,3246.6666666666665,-5.441478439425047,2.2246376811594204
Libya,2008,3000.0,2229.9,1345.0,,Northern Africa,North Africa,-2.28013029315961,3046.6666666666665,-1.5317286652078725,2.2304832713754648
Libya,2009,2950.0,2479.0,1190.0,,Northern Africa,North Africa,-1.6666666666666718,3006.6666666666665,-1.884700665188465,2.4789915966386555
Libya,2010,2900.0,1933.3,1500.0,,Northern Africa,North Africa,-1.6949152542372836,2950.0,-1.694915254237288,1.9333333333333333
Libya,2011,2860.0,2164.3,1321.0,,Northern Africa,North Africa,-1.379310344827589,2903.3333333333335,-1.492537313432841,2.165026495079485
Libya,2012,3220.16,2185.1,1474.0,,Northern Africa,North Africa,12.593006993006984,2993.3866666666668,7.575811566831763,2.184640434192673
Libya,2013,2900.0,2000.0,1450.0,,Northern Africa,North Africa,-9.942363112391927,2993.3866666666668,-3.119766240245166,2.0
Libya,2014,3363.03,2098.3,1603.0,,Northern Africa,North Africa,15.966551724137945,3161.0633333333335,6.389200258562784,2.097960074859638
Libya,2015,3599.99,2288.7,1573.0,,Northern Africa,North Africa,7.0460269459386105,3287.6733333333336,9.499625875239008,2.2886141131595674
Libya,2016,3287.67,2132.2,1542.0,,Northern Africa,North Africa,-8.67557965438792,3416.896666666667,-3.78198930998792,2.132081712062257
Libya,2017,3512.43,2180.9,1611.0,,Northern Africa,North Africa,6.836452563669715,3466.6966666666667,1.3192193529094398,2.1802793296089384
Libya,2018,3550.0,2275.6,1560.0,,Northern Africa,North Africa,1.0696298573921847,3450.033333333333,2.8975565453474026,2.2756410256410255
Libya,2019,3610.0,2284.8,1580.0,,Northern Africa,North Africa,1.6901408450704203,3557.476666666667,1.4764210212669395,2.2848101265822787
Libya,2020,3411.0,2149.3,1587.0,,Northern Africa,North Africa,-5.512465373961217,3523.6666666666665,-3.1974269227130785,2.149338374291115
Libya,2021,3452.0,2186.2,1579.0,,Northern Africa,North Africa,1.2019935502785017,3491.0,-1.1171584073331424,2.186193793540215
Libya,2022,3824.8,2228.6,1716.0,,Northern Africa,North Africa,10.799536500579388,3562.6,7.359793409307818,2.228904428904429
Libya,2023,3966.28,2265.0,1751.0,,Northern Africa,North Africa,3.6990169420623387,3747.693333333333,5.832565453594577,2.2651513420902343
Libya,2024,3800.15,2218.8,1713.0,,Northern Africa,North Africa,-4.188559557066074,3863.7433333333333,-1.645899529213032,2.2184179801517807
Madagascar,2000,169800.0,883.8,192135.0,973000.0,Eastern Africa,East Africa,,169800.0,0.0,0.8837536107424467
Madagascar,2000,169800.0,883.8,192135.0,194600.0,Eastern Africa,East Africa,0.0,169800.0,0.0,0.8837536107424467
Madagascar,2000,169800.0,883.8,192135.0,143.8,Eastern Africa,East Africa,0.0,169800.0,0.0,0.8837536107424467
Madagascar,2000,169800.0,883.8,192135.0,43.41,Eastern Africa,East Africa,0.0,169800.0,0.0,0.8837536107424467
Madagascar,2001,179550.0,929.0,193270.0,916000.0,Eastern Africa,East Africa,5.742049469964661,173050.0,3.7561398439757294,0.9290112278160086
Madagascar,2001,179550.0,929.0,193270.0,183200.0,Eastern Africa,East Africa,0.0,176300.0,1.84344866704481,0.9290112278160086
Madagascar,2001,179550.0,929.0,193270.0,139.0,Eastern Africa,East Africa,0.0,179550.0,0.0,0.9290112278160086
Madagascar,2001,179550.0,929.0,193270.0,40.87,Eastern Africa,East Africa,0.0,179550.0,0.0,0.9290112278160086
Madagascar,2002,171950.0,884.5,194405.0,925000.0,Eastern Africa,East Africa,-4.232804232804233,177016.66666666666,-2.8622540250447175,0.8844937115814923
Madagascar,2002,171950.0,884.5,194405.0,185000.0,Eastern Africa,East Africa,0.0,174483.33333333334,-1.4519056261343068,0.8844937115814923
Madagascar,2002,171950.0,884.5,194405.0,135.4,Eastern Africa,East Africa,0.0,171950.0,0.0,0.8844937115814923
Madagascar,2002,171950.0,884.5,194405.0,41.27,Eastern Africa,East Africa,0.0,171950.0,0.0,0.8844937115814923
Madagascar,2003,317860.0,1625.5,195540.0,679000.0,Eastern Africa,East Africa,84.8560628089561,220586.66666666666,44.09755802707931,1.6255497596399713
Madagascar,2003,317860.0,1625.5,195540.0,135800.0,Eastern Africa,East Africa,0.0,269223.3333333333,18.06554657223867,1.6255497596399713
Madagascar,2003,317860.0,1625.5,195540.0,109.7,Eastern Africa,East Africa,0.0,317860.0,0.0,1.6255497596399713
Madagascar,2003,317860.0,1625.5,195540.0,30.29,Eastern Africa,East Africa,0.0,317860.0,0.0,1.6255497596399713
Madagascar,2004,349646.0,1777.9,196660.0,47.55,Eastern Africa,East Africa,10.000000000000009,328455.3333333333,6.451612903225813,1.7779212854673039
Madagascar,2005,391000.0,1546.4,252838.0,61.58,Eastern Africa,East Africa,11.82739113274569,352835.3333333333,10.816565990178615,1.5464447590947563
Madagascar,2006,405344.0,1589.1,255070.0,362000.0,Eastern Africa,East Africa,3.6685421994884893,381996.6666666667,6.111920697388279,1.589148076998471
Madagascar,2006,405344.0,1589.1,255070.0,362000.0,Eastern Africa,East Africa,0.0,400562.6666666667,1.1936542596747193,1.589148076998471
Madagascar,2006,405344.0,1589.1,255070.0,169.0,Eastern Africa,East Africa,0.0,405344.0,0.0,1.589148076998471
Madagascar,2006,405344.0,1589.1,255070.0,80.75,Eastern Africa,East Africa,0.0,405344.0,0.0,1.589148076998471
Madagascar,2007,416767.0,1619.1,257400.0,475600.0,Eastern Africa,East Africa,2.818100181574179,409151.6666666667,1.8612494959081953,1.6191414141414142
Madagascar,2007,416767.0,1619.1,257400.0,475600.0,Eastern Africa,East Africa,0.0,412959.3333333333,0.9220439785031342,1.6191414141414142
Madagascar,2007,416767.0,1619.1,257400.0,253.8,Eastern Africa,East Africa,0.0,416767.0,0.0,1.6191414141414142
Madagascar,2007,416767.0,1619.1,257400.0,106.09,Eastern Africa,East Africa,0.0,416767.0,0.0,1.6191414141414142
Madagascar,2008,430334.0,1656.9,259730.0,387000.0,Eastern Africa,East Africa,3.2552961246931744,421289.3333333333,2.146901416920126,1.6568513456281524
Madagascar,2008,430334.0,1656.9,259730.0,387000.0,Eastern Africa,East Africa,0.0,425811.6666666667,1.062050123881054,1.6568513456281524
Madagascar,2008,430334.0,1656.9,259730.0,226.5,Eastern Africa,East Africa,0.0,430334.0,0.0,1.6568513456281524
Madagascar,2008,430334.0,1656.9,259730.0,86.33,Eastern Africa,East Africa,0.0,430334.0,0.0,1.6568513456281524
Madagascar,2009,425204.0,1622.5,262069.0,431000.0,Eastern Africa,East Africa,-1.192097301166073,428624.0,-0.7979021240061218,1.6224887338830614
Madagascar,2009,425204.0,1622.5,262069.0,431000.0,Eastern Africa,East Africa,0.0,426914.0,-0.40054905671868335,1.6224887338830614
Madagascar,2009,425204.0,1622.5,262069.0,220.3,Eastern Africa,East Africa,0.0,425204.0,0.0,1.6224887338830614
Madagascar,2009,425204.0,1622.5,262069.0,96.14,Eastern Africa,East Africa,0.0,425204.0,0.0,1.6224887338830614
Madagascar,2010,411914.0,1557.7,264429.0,450000.0,Eastern Africa,East Africa,-3.125558555422814,420774.0,-2.105643409526254,1.557748960968729
Madagascar,2010,411914.0,1557.7,264429.0,450000.0,Eastern Africa,East Africa,0.0,416344.0,-1.0640239801702438,1.557748960968729
Madagascar,2010,411914.0,1557.7,264429.0,215.3,Eastern Africa,East Africa,0.0,411914.0,0.0,1.557748960968729
Madagascar,2010,411914.0,1557.7,264429.0,100.38,Eastern Africa,East Africa,0.0,411914.0,0.0,1.557748960968729
Madagascar,2011,428390.0,1545.5,277182.0,438000.0,Eastern Africa,East Africa,3.999864049291846,417406.0,2.631490682932205,1.5455188287839758
Madagascar,2011,428390.0,1545.5,277182.0,438000.0,Eastern Africa,East Africa,0.0,422898.0,1.2986583053123921,1.5455188287839758
Madagascar,2011,428390.0,1545.5,277182.0,216.3,Eastern Africa,East Africa,0.0,428390.0,0.0,1.5455188287839758
Madagascar,2011,428390.0,1545.5,277182.0,97.7,Eastern Africa,East Africa,0.0,428390.0,0.0,1.5455188287839758
Madagascar,2012,447948.0,1659.1,269997.0,98.11,Eastern Africa,East Africa,4.565466047293354,434909.3333333333,2.998019510579988,1.659085100945566
Madagascar,2013,380848.0,1658.1,229684.0,102.76,Eastern Africa,East Africa,-14.979417253788386,419062.0,-9.11893705466017,1.6581390083767262
Madagascar,2014,366172.0,1683.2,217542.0,99.27,Eastern Africa,East Africa,-3.8535058606058104,398322.6666666667,-8.07151321206928,1.6832243888536467
Madagascar,2015,329367.0,1714.2,192137.0,100.0,Eastern Africa,East Africa,-10.051287373147044,358795.6666666667,-8.202068586855846,1.7142299505040675
Madagascar,2016,316331.0,1730.9,182758.0,100.73,Eastern Africa,East Africa,-3.9578949925159423,337290.0,-6.213940525956891,1.7308736142877466
Madagascar,2017,281487.0,1740.6,161716.0,101.47,Eastern Africa,East Africa,-11.015044368082805,309061.6666666667,-8.922059783106937,1.7406255410720028
Madagascar,2018,215000.0,1751.6,122742.0,102.2,Eastern Africa,East Africa,-23.61991850422932,270939.3333333333,-20.64644237701428,1.7516416548532694
Madagascar,2019,219220.0,1736.3,126258.0,102.93,Eastern Africa,East Africa,1.9627906976744214,238569.0,-8.110441842821155,1.736286017519682
Madagascar,2020,224883.0,1774.5,126731.0,103.67,Eastern Africa,East Africa,2.583249703494217,219701.0,2.3586601790615425,1.7744908506995132
Madagascar,2021,232026.0,1823.3,127258.0,104.4,Eastern Africa,East Africa,3.176318352209817,225376.33333333334,2.950472469011087,1.8232724072356945
Madagascar,2022,266913.78,1804.7,147896.0,105.13,Eastern Africa,East Africa,15.036151120995079,241274.26,10.626711693157826,1.8047396819386599
Madagascar,2023,268062.0,1818.7,147389.0,105.87,Eastern Africa,East Africa,0.4301838593721019,255667.26,4.847996571794131,1.8187381690628202
Madagascar,2024,265000.0,1832.7,144592.0,106.6,Eastern Africa,East Africa,-1.1422730562332561,266658.5933333333,-0.6219913307875359,1.8327431669801926
Malawi,2000,2501311.0,1742.8,1435220.0,6660.0,Eastern Africa,East Africa,,2501311.0,0.0,1.7428066777218825
Malawi,2000,2501311.0,1742.8,1435220.0,6660.0,Eastern Africa,East Africa,0.0,2501311.0,0.0,1.7428066777218825
Malawi,2000,2501311.0,1742.8,1435220.0,111.9,Eastern Africa,East Africa,0.0,2501311.0,0.0,1.7428066777218825
Malawi,2000,2501311.0,1742.8,1435220.0,4.61,Eastern Africa,East Africa,0.0,2501311.0,0.0,1.7428066777218825
Malawi,2001,1713064.0,1184.5,1446260.0,11290.0,Eastern Africa,East Africa,-31.51335439695424,2238562.0,-23.474802127437165,1.184478586146336
Malawi,2001,1713064.0,1184.5,1446260.0,11290.0,Eastern Africa,East Africa,0.0,1975813.0,-13.298272660418775,1.184478586146336
Malawi,2001,1713064.0,1184.5,1446260.0,156.4,Eastern Africa,East Africa,0.0,1713064.0,0.0,1.184478586146336
Malawi,2001,1713064.0,1184.5,1446260.0,7.82,Eastern Africa,East Africa,0.0,1713064.0,0.0,1.184478586146336
Malawi,2002,1556975.0,1046.0,1488449.0,21450.0,Eastern Africa,East Africa,-9.111685261029356,1661034.3333333333,-6.2647310320497045,1.0460385273529695
Malawi,2002,1556975.0,1046.0,1488449.0,21450.0,Eastern Africa,East Africa,0.0,1609004.6666666667,-3.2336554234149775,1.0460385273529695
Malawi,2002,1556975.0,1046.0,1488449.0,279.7,Eastern Africa,East Africa,0.0,1556975.0,0.0,1.0460385273529695
Malawi,2002,1556975.0,1046.0,1488449.0,14.86,Eastern Africa,East Africa,0.0,1556975.0,0.0,1.0460385273529695
Malawi,2003,1983440.0,1225.9,1617917.0,12540.0,Eastern Africa,East Africa,27.390613208304558,1699130.0,16.732680842548834,1.2259219725115689
Malawi,2003,1983440.0,1225.9,1617917.0,12540.0,Eastern Africa,East Africa,0.0,1841285.0,7.720423508582322,1.2259219725115689
Malawi,2003,1983440.0,1225.9,1617917.0,128.7,Eastern Africa,East Africa,0.0,1983440.0,0.0,1.2259219725115689
Malawi,2003,1983440.0,1225.9,1617917.0,8.69,Eastern Africa,East Africa,0.0,1983440.0,0.0,1.2259219725115689
Malawi,2004,1608349.0,1046.0,1537650.0,15730.0,Eastern Africa,East Africa,-18.91113419110233,1858409.6666666667,-13.455626665738757,1.0459786037134589
Malawi,2004,1608349.0,1046.0,1537650.0,15730.0,Eastern Africa,East Africa,0.0,1733379.3333333333,-7.213097037040167,1.0459786037134589
Malawi,2004,1608349.0,1046.0,1537650.0,144.4,Eastern Africa,East Africa,0.0,1608349.0,0.0,1.0459786037134589
Malawi,2004,1608349.0,1046.0,1537650.0,10.9,Eastern Africa,East Africa,0.0,1608349.0,0.0,1.0459786037134589
Malawi,2005,1225234.0,809.3,1513929.0,22000.0,Eastern Africa,East Africa,-23.82038972884617,1480644.0,-17.24992638338453,0.8093074377992627
Malawi,2005,1225234.0,809.3,1513929.0,22000.0,Eastern Africa,East Africa,0.0,1352939.0,-9.439080401998908,0.8093074377992627
Malawi,2005,1225234.0,809.3,1513929.0,185.8,Eastern Africa,East Africa,0.0,1225234.0,0.0,0.8093074377992627
Malawi,2005,1225234.0,809.3,1513929.0,15.24,Eastern Africa,East Africa,0.0,1225234.0,0.0,0.8093074377992627
Malawi,2006,2611486.0,1481.4,1762839.0,27000.0,Eastern Africa,East Africa,113.1418161755224,1687318.0,54.77141831000439,1.481409249511725
Malawi,2006,2611486.0,1481.4,1762839.0,27000.0,Eastern Africa,East Africa,0.0,2149402.0,21.498258585411197,1.481409249511725
Malawi,2006,2611486.0,1481.4,1762839.0,198.5,Eastern Africa,East Africa,0.0,2611486.0,0.0,1.481409249511725
Malawi,2006,2611486.0,1481.4,1762839.0,18.71,Eastern Africa,East Africa,0.0,2611486.0,0.0,1.481409249511725
Malawi,2007,3226418.0,2654.7,1215356.0,19000.0,Eastern Africa,East Africa,23.547206456400694,2816463.3333333335,14.55565431350665,2.654710224823015
Malawi,2007,3226418.0,2654.7,1215356.0,19000.0,Eastern Africa,East Africa,0.0,3021440.6666666665,6.784092621599282,2.654710224823015
Malawi,2007,3226418.0,2654.7,1215356.0,135.8,Eastern Africa,East Africa,0.0,3226418.0,0.0,2.654710224823015
Malawi,2007,3226418.0,2654.7,1215356.0,13.16,Eastern Africa,East Africa,0.0,3226418.0,0.0,2.654710224823015
Malawi,2008,2634701.0,1649.8,1596955.0,46000.0,Eastern Africa,East Africa,-18.339750150166534,3029179.0,-13.022604474677793,1.6498279538246226
Malawi,2008,2634701.0,1649.8,1596955.0,46000.0,Eastern Africa,East Africa,0.0,2831940.0,-6.964801514156374,1.6498279538246226
Malawi,2008,2634701.0,1649.8,1596955.0,327.3,Eastern Africa,East Africa,0.0,2634701.0,0.0,1.6498279538246226
Malawi,2008,2634701.0,1649.8,1596955.0,31.87,Eastern Africa,East Africa,0.0,2634701.0,0.0,1.6498279538246226
Malawi,2009,3582502.0,2226.5,1608996.0,46954.9,Eastern Africa,East Africa,35.973759451262225,2950634.6666666665,21.414624469492672,2.2265450007333767
Malawi,2009,3582502.0,2226.5,1608996.0,46954.9,Eastern Africa,East Africa,0.0,3266568.3333333335,9.671729914318844,2.2265450007333767
Malawi,2009,3582502.0,2226.5,1608996.0,332.6,Eastern Africa,East Africa,0.0,3582502.0,0.0,2.2265450007333767
Malawi,2009,3582502.0,2226.5,1608996.0,32.53,Eastern Africa,East Africa,0.0,3582502.0,0.0,2.2265450007333767
Malawi,2010,3419409.0,2015.8,1696270.0,34423.8,Eastern Africa,East Africa,-4.552488735526172,3528137.6666666665,-3.081758053091839,2.015840049048795
Malawi,2010,3419409.0,2015.8,1696270.0,34423.8,Eastern Africa,East Africa,0.0,3473773.3333333335,-1.5649936860205855,2.015840049048795
Malawi,2010,3419409.0,2015.8,1696270.0,228.8,Eastern Africa,East Africa,0.0,3419409.0,0.0,2.015840049048795
Malawi,2010,3419409.0,2015.8,1696270.0,23.85,Eastern Africa,East Africa,0.0,3419409.0,0.0,2.015840049048795
Malawi,2011,3699147.0,2207.9,1675377.0,30319.3,Eastern Africa,East Africa,8.18088739896281,3512655.0,5.309146500296784,2.2079490168481484
Malawi,2011,3699147.0,2207.9,1675377.0,30319.3,Eastern Africa,East Africa,0.0,3605901.0,2.585927899850828,2.2079490168481484
Malawi,2011,3699147.0,2207.9,1675377.0,193.7,Eastern Africa,East Africa,0.0,3699147.0,0.0,2.2079490168481484
Malawi,2011,3699147.0,2207.9,1675377.0,21.01,Eastern Africa,East Africa,0.0,3699147.0,0.0,2.2079490168481484
Malawi,2012,3618699.0,2193.2,1650000.0,54345.8,Eastern Africa,East Africa,-2.174771643300466,3672331.0,-1.4604348028541,2.193150909090909
Malawi,2012,3618699.0,2193.2,1650000.0,54345.8,Eastern Africa,East Africa,0.0,3645515.0,-0.7355887988391214,2.193150909090909
Malawi,2012,3618699.0,2193.2,1650000.0,218.2,Eastern Africa,East Africa,0.0,3618699.0,0.0,2.193150909090909
Malawi,2012,3618699.0,2193.2,1650000.0,37.65,Eastern Africa,East Africa,0.0,3618699.0,0.0,2.193150909090909
Malawi,2013,3639866.0,2170.8,1676758.0,106648.7,Eastern Africa,East Africa,0.5849339776532902,3625754.6666666665,0.38919713633870123,2.1707759855626154
Malawi,2013,3639866.0,2170.8,1676758.0,89390.0,Eastern Africa,East Africa,0.0,3632810.3333333335,0.19422061762834975,2.1707759855626154
Malawi,2013,3639866.0,2170.8,1676758.0,112026.0,Eastern Africa,East Africa,0.0,3639866.0,0.0,2.1707759855626154
Malawi,2013,3639866.0,2170.8,1676758.0,135685.0,Eastern Africa,East Africa,0.0,3639866.0,0.0,2.1707759855626154
Malawi,2013,3639866.0,2170.8,1676758.0,105793.0,Eastern Africa,East Africa,0.0,3639866.0,0.0,2.1707759855626154
Malawi,2013,3639866.0,2170.8,1676758.0,85098.0,Eastern Africa,East Africa,0.0,3639866.0,0.0,2.1707759855626154
Malawi,2013,3639866.0,2170.8,1676758.0,86432.0,Eastern Africa,East Africa,0.0,3639866.0,0.0,2.1707759855626154
Malawi,2013,3639866.0,2170.8,1676758.0,98770.0,Eastern Africa,East Africa,0.0,3639866.0,0.0,2.1707759855626154
Malawi,2013,3639866.0,2170.8,1676758.0,115681.0,Eastern Africa,East Africa,0.0,3639866.0,0.0,2.1707759855626154
Malawi,2013,3639866.0,2170.8,1676758.0,113573.0,Eastern Africa,East Africa,0.0,3639866.0,0.0,2.1707759855626154
Malawi,2013,3639866.0,2170.8,1676758.0,117145.0,Eastern Africa,East Africa,0.0,3639866.0,0.0,2.1707759855626154
Malawi,2013,3639866.0,2170.8,1676758.0,118982.0,Eastern Africa,East Africa,0.0,3639866.0,0.0,2.1707759855626154
Malawi,2013,3639866.0,2170.8,1676758.0,126104.0,Eastern Africa,East Africa,0.0,3639866.0,0.0,2.1707759855626154
Malawi,2013,3639866.0,2170.8,1676758.0,106648.7,Eastern Africa,East Africa,0.0,3639866.0,0.0,2.1707759855626154
Malawi,2013,3639866.0,2170.8,1676758.0,292.7,Eastern Africa,East Africa,0.0,3639866.0,0.0,2.1707759855626154
Malawi,2013,3639866.0,2170.8,1676758.0,73.89,Eastern Africa,East Africa,0.0,3639866.0,0.0,2.1707759855626154
Malawi,2014,3978123.0,2333.9,1704528.0,95811.9,Eastern Africa,East Africa,9.29311683452083,3752618.3333333335,6.00926197752591,2.333856058686041
Malawi,2014,3978123.0,2333.9,1704528.0,146436.0,Eastern Africa,East Africa,0.0,3865370.6666666665,2.9169863140335357,2.333856058686041
Malawi,2014,3978123.0,2333.9,1704528.0,126327.0,Eastern Africa,East Africa,0.0,3978123.0,0.0,2.333856058686041
Malawi,2014,3978123.0,2333.9,1704528.0,114264.0,Eastern Africa,East Africa,0.0,3978123.0,0.0,2.333856058686041
Malawi,2014,3978123.0,2333.9,1704528.0,96878.0,Eastern Africa,East Africa,0.0,3978123.0,0.0,2.333856058686041
Malawi,2014,3978123.0,2333.9,1704528.0,80583.0,Eastern Africa,East Africa,0.0,3978123.0,0.0,2.333856058686041
Malawi,2014,3978123.0,2333.9,1704528.0,77202.0,Eastern Africa,East Africa,0.0,3978123.0,0.0,2.333856058686041
Malawi,2014,3978123.0,2333.9,1704528.0,76649.0,Eastern Africa,East Africa,0.0,3978123.0,0.0,2.333856058686041
Malawi,2014,3978123.0,2333.9,1704528.0,78731.0,Eastern Africa,East Africa,0.0,3978123.0,0.0,2.333856058686041
Malawi,2014,3978123.0,2333.9,1704528.0,75156.0,Eastern Africa,East Africa,0.0,3978123.0,0.0,2.333856058686041
Malawi,2014,3978123.0,2333.9,1704528.0,105668.0,Eastern Africa,East Africa,0.0,3978123.0,0.0,2.333856058686041
Malawi,2014,3978123.0,2333.9,1704528.0,73123.0,Eastern Africa,East Africa,0.0,3978123.0,0.0,2.333856058686041
Malawi,2014,3978123.0,2333.9,1704528.0,76487.0,Eastern Africa,East Africa,0.0,3978123.0,0.0,2.333856058686041
Malawi,2014,3978123.0,2333.9,1704528.0,95811.9,Eastern Africa,East Africa,0.0,3978123.0,0.0,2.333856058686041
Malawi,2014,3978123.0,2333.9,1704528.0,225.5,Eastern Africa,East Africa,0.0,3978123.0,0.0,2.333856058686041
Malawi,2014,3978123.0,2333.9,1704528.0,66.38,Eastern Africa,East Africa,0.0,3978123.0,0.0,2.333856058686041
Malawi,2015,2776277.0,1656.3,1676213.0,120040.0,Eastern Africa,East Africa,-30.21138360980794,3577507.6666666665,-22.396336816608727,1.6562793630642407
Malawi,2015,2776277.0,1656.3,1676213.0,94042.0,Eastern Africa,East Africa,0.0,3176892.3333333335,-12.6102899091009,1.6562793630642407
Malawi,2015,2776277.0,1656.3,1676213.0,95293.0,Eastern Africa,East Africa,0.0,2776277.0,0.0,1.6562793630642407
Malawi,2015,2776277.0,1656.3,1676213.0,96945.0,Eastern Africa,East Africa,0.0,2776277.0,0.0,1.6562793630642407
Malawi,2015,2776277.0,1656.3,1676213.0,111146.0,Eastern Africa,East Africa,0.0,2776277.0,0.0,1.6562793630642407
Malawi,2015,2776277.0,1656.3,1676213.0,103852.0,Eastern Africa,East Africa,0.0,2776277.0,0.0,1.6562793630642407
Malawi,2015,2776277.0,1656.3,1676213.0,110082.0,Eastern Africa,East Africa,0.0,2776277.0,0.0,1.6562793630642407
Malawi,2015,2776277.0,1656.3,1676213.0,116915.0,Eastern Africa,East Africa,0.0,2776277.0,0.0,1.6562793630642407
Malawi,2015,2776277.0,1656.3,1676213.0,124168.0,Eastern Africa,East Africa,0.0,2776277.0,0.0,1.6562793630642407
Malawi,2015,2776277.0,1656.3,1676213.0,130659.0,Eastern Africa,East Africa,0.0,2776277.0,0.0,1.6562793630642407
Malawi,2015,2776277.0,1656.3,1676213.0,143316.0,Eastern Africa,East Africa,0.0,2776277.0,0.0,1.6562793630642407
Malawi,2015,2776277.0,1656.3,1676213.0,147874.0,Eastern Africa,East Africa,0.0,2776277.0,0.0,1.6562793630642407
Malawi,2015,2776277.0,1656.3,1676213.0,150317.0,Eastern Africa,East Africa,0.0,2776277.0,0.0,1.6562793630642407
Malawi,2015,2776277.0,1656.3,1676213.0,120040.0,Eastern Africa,East Africa,0.0,2776277.0,0.0,1.6562793630642407
Malawi,2015,2776277.0,1656.3,1676213.0,240.3,Eastern Africa,East Africa,0.0,2776277.0,0.0,1.6562793630642407
Malawi,2015,2776277.0,1656.3,1676213.0,83.17,Eastern Africa,East Africa,0.0,2776277.0,0.0,1.6562793630642407
Malawi,2016,2369493.0,1415.4,1674076.0,217149.4,Eastern Africa,East Africa,-14.652140258338775,2640682.3333333335,-10.269668937838924,1.4154034822791797
Malawi,2016,2369493.0,1415.4,1674076.0,200372.0,Eastern Africa,East Africa,0.0,2505087.6666666665,-5.4127713161868,1.4154034822791797
Malawi,2016,2369493.0,1415.4,1674076.0,241614.0,Eastern Africa,East Africa,0.0,2369493.0,0.0,1.4154034822791797
Malawi,2016,2369493.0,1415.4,1674076.0,236841.0,Eastern Africa,East Africa,0.0,2369493.0,0.0,1.4154034822791797
Malawi,2016,2369493.0,1415.4,1674076.0,175645.0,Eastern Africa,East Africa,0.0,2369493.0,0.0,1.4154034822791797
Malawi,2016,2369493.0,1415.4,1674076.0,178598.0,Eastern Africa,East Africa,0.0,2369493.0,0.0,1.4154034822791797
Malawi,2016,2369493.0,1415.4,1674076.0,202644.0,Eastern Africa,East Africa,0.0,2369493.0,0.0,1.4154034822791797
Malawi,2016,2369493.0,1415.4,1674076.0,217633.0,Eastern Africa,East Africa,0.0,2369493.0,0.0,1.4154034822791797
Malawi,2016,2369493.0,1415.4,1674076.0,222633.0,Eastern Africa,East Africa,0.0,2369493.0,0.0,1.4154034822791797
Malawi,2016,2369493.0,1415.4,1674076.0,232574.0,Eastern Africa,East Africa,0.0,2369493.0,0.0,1.4154034822791797
Malawi,2016,2369493.0,1415.4,1674076.0,217247.0,Eastern Africa,East Africa,0.0,2369493.0,0.0,1.4154034822791797
Malawi,2016,2369493.0,1415.4,1674076.0,235686.0,Eastern Africa,East Africa,0.0,2369493.0,0.0,1.4154034822791797
Malawi,2016,2369493.0,1415.4,1674076.0,244306.0,Eastern Africa,East Africa,0.0,2369493.0,0.0,1.4154034822791797
Malawi,2016,2369493.0,1415.4,1674076.0,217149.4,Eastern Africa,East Africa,0.0,2369493.0,0.0,1.4154034822791797
Malawi,2016,2369493.0,1415.4,1674076.0,302.4,Eastern Africa,East Africa,0.0,2369493.0,0.0,1.4154034822791797
Malawi,2016,2369493.0,1415.4,1674076.0,150.45,Eastern Africa,East Africa,0.0,2369493.0,0.0,1.4154034822791797
Malawi,2017,3464139.0,2007.8,1725367.0,129375.6,Eastern Africa,East Africa,46.19747768826497,2734375.0,26.688511999999996,2.0077693615329375
Malawi,2017,3464139.0,2007.8,1725367.0,226341.0,Eastern Africa,East Africa,0.0,3099257.0,11.773208869093462,2.0077693615329375
Malawi,2017,3464139.0,2007.8,1725367.0,217124.0,Eastern Africa,East Africa,0.0,3464139.0,0.0,2.0077693615329375
Malawi,2017,3464139.0,2007.8,1725367.0,199830.0,Eastern Africa,East Africa,0.0,3464139.0,0.0,2.0077693615329375
Malawi,2017,3464139.0,2007.8,1725367.0,154873.0,Eastern Africa,East Africa,0.0,3464139.0,0.0,2.0077693615329375
Malawi,2017,3464139.0,2007.8,1725367.0,108931.0,Eastern Africa,East Africa,0.0,3464139.0,0.0,2.0077693615329375
Malawi,2017,3464139.0,2007.8,1725367.0,105923.0,Eastern Africa,East Africa,0.0,3464139.0,0.0,2.0077693615329375
Malawi,2017,3464139.0,2007.8,1725367.0,103482.0,Eastern Africa,East Africa,0.0,3464139.0,0.0,2.0077693615329375
Malawi,2017,3464139.0,2007.8,1725367.0,102735.0,Eastern Africa,East Africa,0.0,3464139.0,0.0,2.0077693615329375
Malawi,2017,3464139.0,2007.8,1725367.0,101992.0,Eastern Africa,East Africa,0.0,3464139.0,0.0,2.0077693615329375
Malawi,2017,3464139.0,2007.8,1725367.0,101635.0,Eastern Africa,East Africa,0.0,3464139.0,0.0,2.0077693615329375
Malawi,2017,3464139.0,2007.8,1725367.0,98606.0,Eastern Africa,East Africa,0.0,3464139.0,0.0,2.0077693615329375
Malawi,2017,3464139.0,2007.8,1725367.0,101724.0,Eastern Africa,East Africa,0.0,3464139.0,0.0,2.0077693615329375
Malawi,2017,3464139.0,2007.8,1725367.0,129375.6,Eastern Africa,East Africa,0.0,3464139.0,0.0,2.0077693615329375
Malawi,2017,3464139.0,2007.8,1725367.0,177.2,Eastern Africa,East Africa,0.0,3464139.0,0.0,2.0077693615329375
Malawi,2017,3464139.0,2007.8,1725367.0,89.64,Eastern Africa,East Africa,0.0,3464139.0,0.0,2.0077693615329375
Malawi,2018,2697959.0,1600.8,1685347.0,143.3,Eastern Africa,East Africa,-22.117472768846746,3208745.6666666665,-15.918577529308697,1.600832944194875
Malawi,2019,3391924.0,1957.8,1732516.0,142.91,Eastern Africa,East Africa,25.721851221608638,3184674.0,6.507730461579427,1.957802409905594
Malawi,2020,3691866.0,2095.5,1761836.0,149.06,Eastern Africa,East Africa,8.842827846378643,3260583.0,13.22717440408663,2.095465185181822
Malawi,2021,4581000.0,2462.9,1859995.0,146.65,Eastern Africa,East Africa,24.083593499872414,3888263.3333333335,17.816094417473437,2.4629098465318453
Malawi,2022,3716479.0,2047.7,1814931.0,177.85,Eastern Africa,East Africa,-18.871883868151063,3996448.3333333335,-7.005453592335531,2.0477246793404267
Malawi,2023,3509837.0,1960.8,1790000.0,181.63,Eastern Africa,East Africa,-5.56015518989883,3935772.0,-10.822146201558423,1.9608027932960894
Malawi,2024,3000000.0,2000.0,1500000.0,194.01,Eastern Africa,East Africa,-14.525945221957603,3408772.0,-11.99176712317515,2.0
Mali,2000,214548.0,1332.2,161053.0,76670.0,Western Africa,West Africa,,214548.0,0.0,1.332157736894066
Mali,2000,214548.0,1332.2,161053.0,76670.0,Western Africa,West Africa,0.0,214548.0,0.0,1.332157736894066
Mali,2000,214548.0,1332.2,161053.0,107.7,Western Africa,West Africa,0.0,214548.0,0.0,1.332157736894066
Mali,2000,214548.0,1332.2,161053.0,77.97,Western Africa,West Africa,0.0,214548.0,0.0,1.332157736894066
Mali,2001,301931.0,1158.5,260627.0,82000.0,Western Africa,West Africa,40.72888118276563,243675.66666666666,23.906914518889185,1.158479359391007
Mali,2001,301931.0,1158.5,260627.0,82000.0,Western Africa,West Africa,0.0,272803.3333333333,10.677166701286648,1.158479359391007
Mali,2001,301931.0,1158.5,260627.0,111.9,Western Africa,West Africa,0.0,301931.0,0.0,1.158479359391007
Mali,2001,301931.0,1158.5,260627.0,83.39,Western Africa,West Africa,0.0,301931.0,0.0,1.158479359391007
Mali,2002,365174.0,1147.8,318161.0,119000.0,Western Africa,West Africa,20.946176444286934,323012.0,13.052765841516722,1.1477648108976273
Mali,2002,365174.0,1147.8,318161.0,119000.0,Western Africa,West Africa,0.0,344093.0,6.126541371082818,1.1477648108976273
Mali,2002,365174.0,1147.8,318161.0,170.7,Western Africa,West Africa,0.0,365174.0,0.0,1.1477648108976273
Mali,2002,365174.0,1147.8,318161.0,121.02,Western Africa,West Africa,0.0,365174.0,0.0,1.1477648108976273
Mali,2003,454758.0,1436.0,316683.0,77000.0,Western Africa,West Africa,24.53186700038885,395035.3333333333,15.118310092093035,1.4360038271710196
Mali,2003,454758.0,1436.0,316683.0,77000.0,Western Africa,West Africa,0.0,424896.6666666667,7.027904823917967,1.4360038271710196
Mali,2003,454758.0,1436.0,316683.0,132.5,Western Africa,West Africa,0.0,454758.0,0.0,1.4360038271710196
Mali,2003,454758.0,1436.0,316683.0,78.31,Western Africa,West Africa,0.0,454758.0,0.0,1.4360038271710196
Mali,2004,459463.0,1821.0,252311.0,53000.0,Western Africa,West Africa,1.0346162134585946,456326.3333333333,0.6873735827941888,1.8210185049403316
Mali,2004,459463.0,1821.0,252311.0,53000.0,Western Africa,West Africa,0.0,457894.6666666667,0.3425096310359545,1.8210185049403316
Mali,2004,459463.0,1821.0,252311.0,100.3,Western Africa,West Africa,0.0,459463.0,0.0,1.8210185049403316
Mali,2004,459463.0,1821.0,252311.0,53.9,Western Africa,West Africa,0.0,459463.0,0.0,1.8210185049403316
Mali,2005,634464.0,1493.3,424861.0,86000.0,Western Africa,West Africa,38.08815943830079,517796.6666666667,22.531495632133584,1.493344882208534
Mali,2005,634464.0,1493.3,424861.0,86000.0,Western Africa,West Africa,0.0,576130.3333333334,10.12508165108473,1.493344882208534
Mali,2005,634464.0,1493.3,424861.0,163.0,Western Africa,West Africa,0.0,634464.0,0.0,1.493344882208534
Mali,2005,634464.0,1493.3,424861.0,87.46,Western Africa,West Africa,0.0,634464.0,0.0,1.493344882208534
Mali,2006,706737.0,1713.4,412484.0,72000.0,Western Africa,West Africa,11.391190043879561,658555.0,7.316321339903273,1.7133682761028306
Mali,2006,706737.0,1713.4,412484.0,72000.0,Western Africa,West Africa,0.0,682646.0,3.529061914960316,1.7133682761028306
Mali,2006,706737.0,1713.4,412484.0,137.7,Western Africa,West Africa,0.0,706737.0,0.0,1.7133682761028306
Mali,2006,706737.0,1713.4,412484.0,73.22,Western Africa,West Africa,0.0,706737.0,0.0,1.7133682761028306
Mali,2007,689918.0,1683.1,409916.0,74000.0,Western Africa,West Africa,-2.37981031133222,701130.6666666666,-1.5992263924175754,1.6830716537046615
Mali,2007,689918.0,1683.1,409916.0,74000.0,Western Africa,West Africa,0.0,695524.3333333334,-0.8060585467175179,1.6830716537046615
Mali,2007,689918.0,1683.1,409916.0,154.4,Western Africa,West Africa,0.0,689918.0,0.0,1.6830716537046615
Mali,2007,689918.0,1683.1,409916.0,75.25,Western Africa,West Africa,0.0,689918.0,0.0,1.6830716537046615
Mali,2008,695073.0,1973.2,352263.0,76000.0,Western Africa,West Africa,0.7471902457973245,691636.3333333334,0.4968892611675926,1.9731649364253412
Mali,2008,695073.0,1973.2,352263.0,76000.0,Western Africa,West Africa,0.0,693354.6666666666,0.24782891295653,1.9731649364253412
Mali,2008,695073.0,1973.2,352263.0,169.7,Western Africa,West Africa,0.0,695073.0,0.0,1.9731649364253412
Mali,2008,695073.0,1973.2,352263.0,77.29,Western Africa,West Africa,0.0,695073.0,0.0,1.9731649364253412
Mali,2009,1476993.0,3334.9,442890.0,83000.0,Western Africa,West Africa,112.4946588343958,955713.0,54.54357113484905,3.3348980559506876
Mali,2009,1476993.0,3334.9,442890.0,83000.0,Western Africa,West Africa,0.0,1216353.0,21.42799006538398,3.3348980559506876
Mali,2009,1476993.0,3334.9,442890.0,175.8,Western Africa,West Africa,0.0,1476993.0,0.0,3.3348980559506876
Mali,2009,1476993.0,3334.9,442890.0,84.41,Western Africa,West Africa,0.0,1476993.0,0.0,3.3348980559506876
Mali,2010,1356043.0,2688.6,504362.0,102000.0,Western Africa,West Africa,-8.188935221764758,1436676.3333333333,-5.612491238458019,2.688630388490806
Mali,2010,1356043.0,2688.6,504362.0,108150.0,Western Africa,West Africa,0.0,1396359.6666666667,-2.8872694928885374,2.688630388490806
Mali,2010,1356043.0,2688.6,504362.0,110280.0,Western Africa,West Africa,0.0,1356043.0,0.0,2.688630388490806
Mali,2010,1356043.0,2688.6,504362.0,106030.0,Western Africa,West Africa,0.0,1356043.0,0.0,2.688630388490806
Mali,2010,1356043.0,2688.6,504362.0,107880.0,Western Africa,West Africa,0.0,1356043.0,0.0,2.688630388490806
Mali,2010,1356043.0,2688.6,504362.0,110410.0,Western Africa,West Africa,0.0,1356043.0,0.0,2.688630388490806
Mali,2010,1356043.0,2688.6,504362.0,110690.0,Western Africa,West Africa,0.0,1356043.0,0.0,2.688630388490806
Mali,2010,1356043.0,2688.6,504362.0,113820.0,Western Africa,West Africa,0.0,1356043.0,0.0,2.688630388490806
Mali,2010,1356043.0,2688.6,504362.0,101030.0,Western Africa,West Africa,0.0,1356043.0,0.0,2.688630388490806
Mali,2010,1356043.0,2688.6,504362.0,83330.0,Western Africa,West Africa,0.0,1356043.0,0.0,2.688630388490806
Mali,2010,1356043.0,2688.6,504362.0,71290.0,Western Africa,West Africa,0.0,1356043.0,0.0,2.688630388490806
Mali,2010,1356043.0,2688.6,504362.0,78090.0,Western Africa,West Africa,0.0,1356043.0,0.0,2.688630388490806
Mali,2010,1356043.0,2688.6,504362.0,90500.0,Western Africa,West Africa,0.0,1356043.0,0.0,2.688630388490806
Mali,2010,1356043.0,2688.6,504362.0,102000.0,Western Africa,West Africa,0.0,1356043.0,0.0,2.688630388490806
Mali,2010,1356043.0,2688.6,504362.0,205.9,Western Africa,West Africa,0.0,1356043.0,0.0,2.688630388490806
Mali,2010,1356043.0,2688.6,504362.0,103.73,Western Africa,West Africa,0.0,1356043.0,0.0,2.688630388490806
Mali,2011,1298234.0,1403.7,924850.0,170000.0,Western Africa,West Africa,-4.2630654042681515,1336773.3333333333,-2.883011829479936,1.4037238471103421
Mali,2011,1298234.0,1403.7,924850.0,98030.0,Western Africa,West Africa,0.0,1317503.6666666667,-1.4625892249256291,1.4037238471103421
Mali,2011,1298234.0,1403.7,924850.0,110000.0,Western Africa,West Africa,0.0,1298234.0,0.0,1.4037238471103421
Mali,2011,1298234.0,1403.7,924850.0,129000.0,Western Africa,West Africa,0.0,1298234.0,0.0,1.4037238471103421
Mali,2011,1298234.0,1403.7,924850.0,130000.0,Western Africa,West Africa,0.0,1298234.0,0.0,1.4037238471103421
Mali,2011,1298234.0,1403.7,924850.0,132000.0,Western Africa,West Africa,0.0,1298234.0,0.0,1.4037238471103421
Mali,2011,1298234.0,1403.7,924850.0,125000.0,Western Africa,West Africa,0.0,1298234.0,0.0,1.4037238471103421
Mali,2011,1298234.0,1403.7,924850.0,120000.0,Western Africa,West Africa,0.0,1298234.0,0.0,1.4037238471103421
Mali,2011,1298234.0,1403.7,924850.0,135000.0,Western Africa,West Africa,0.0,1298234.0,0.0,1.4037238471103421
Mali,2011,1298234.0,1403.7,924850.0,170000.0,Western Africa,West Africa,0.0,1298234.0,0.0,1.4037238471103421
Mali,2011,1298234.0,1403.7,924850.0,360.3,Western Africa,West Africa,0.0,1298234.0,0.0,1.4037238471103421
Mali,2011,1298234.0,1403.7,924850.0,172.88,Western Africa,West Africa,0.0,1298234.0,0.0,1.4037238471103421
Mali,2012,1418907.0,2442.7,580881.0,153000.0,Western Africa,West Africa,9.295165586481335,1338458.3333333333,6.010546960122038,2.4426810310545535
Mali,2012,1418907.0,2442.7,580881.0,157350.0,Western Africa,West Africa,0.0,1378682.6666666667,2.917591865471575,2.4426810310545535
Mali,2012,1418907.0,2442.7,580881.0,174280.0,Western Africa,West Africa,0.0,1418907.0,0.0,2.4426810310545535
Mali,2012,1418907.0,2442.7,580881.0,150000.0,Western Africa,West Africa,0.0,1418907.0,0.0,2.4426810310545535
Mali,2012,1418907.0,2442.7,580881.0,165000.0,Western Africa,West Africa,0.0,1418907.0,0.0,2.4426810310545535
Mali,2012,1418907.0,2442.7,580881.0,179000.0,Western Africa,West Africa,0.0,1418907.0,0.0,2.4426810310545535
Mali,2012,1418907.0,2442.7,580881.0,203120.0,Western Africa,West Africa,0.0,1418907.0,0.0,2.4426810310545535
Mali,2012,1418907.0,2442.7,580881.0,193750.0,Western Africa,West Africa,0.0,1418907.0,0.0,2.4426810310545535
Mali,2012,1418907.0,2442.7,580881.0,192543.0,Western Africa,West Africa,0.0,1418907.0,0.0,2.4426810310545535
Mali,2012,1418907.0,2442.7,580881.0,138147.0,Western Africa,West Africa,0.0,1418907.0,0.0,2.4426810310545535
Mali,2012,1418907.0,2442.7,580881.0,97845.0,Western Africa,West Africa,0.0,1418907.0,0.0,2.4426810310545535
Mali,2012,1418907.0,2442.7,580881.0,99928.0,Western Africa,West Africa,0.0,1418907.0,0.0,2.4426810310545535
Mali,2012,1418907.0,2442.7,580881.0,100680.0,Western Africa,West Africa,0.0,1418907.0,0.0,2.4426810310545535
Mali,2012,1418907.0,2442.7,580881.0,153000.0,Western Africa,West Africa,0.0,1418907.0,0.0,2.4426810310545535
Mali,2012,1418907.0,2442.7,580881.0,299.7,Western Africa,West Africa,0.0,1418907.0,0.0,2.4426810310545535
Mali,2012,1418907.0,2442.7,580881.0,155.59,Western Africa,West Africa,0.0,1418907.0,0.0,2.4426810310545535
Mali,2013,1635564.0,2592.7,630832.0,105000.0,Western Africa,West Africa,15.269288262021409,1491126.0,9.68650536574374,2.592709310878332
Mali,2013,1635564.0,2592.7,630832.0,177000.0,Western Africa,West Africa,0.0,1563345.0,4.6195177647928,2.592709310878332
Mali,2013,1635564.0,2592.7,630832.0,186000.0,Western Africa,West Africa,0.0,1635564.0,0.0,2.592709310878332
Mali,2013,1635564.0,2592.7,630832.0,186000.0,Western Africa,West Africa,0.0,1635564.0,0.0,2.592709310878332
Mali,2013,1635564.0,2592.7,630832.0,183000.0,Western Africa,West Africa,0.0,1635564.0,0.0,2.592709310878332
Mali,2013,1635564.0,2592.7,630832.0,183000.0,Western Africa,West Africa,0.0,1635564.0,0.0,2.592709310878332
Mali,2013,1635564.0,2592.7,630832.0,180000.0,Western Africa,West Africa,0.0,1635564.0,0.0,2.592709310878332
Mali,2013,1635564.0,2592.7,630832.0,183000.0,Western Africa,West Africa,0.0,1635564.0,0.0,2.592709310878332
Mali,2013,1635564.0,2592.7,630832.0,184000.0,Western Africa,West Africa,0.0,1635564.0,0.0,2.592709310878332
Mali,2013,1635564.0,2592.7,630832.0,181000.0,Western Africa,West Africa,0.0,1635564.0,0.0,2.592709310878332
Mali,2013,1635564.0,2592.7,630832.0,177000.0,Western Africa,West Africa,0.0,1635564.0,0.0,2.592709310878332
Mali,2013,1635564.0,2592.7,630832.0,177000.0,Western Africa,West Africa,0.0,1635564.0,0.0,2.592709310878332
Mali,2013,1635564.0,2592.7,630832.0,172000.0,Western Africa,West Africa,0.0,1635564.0,0.0,2.592709310878332
Mali,2013,1635564.0,2592.7,630832.0,105000.0,Western Africa,West Africa,0.0,1635564.0,0.0,2.592709310878332
Mali,2013,1635564.0,2592.7,630832.0,212.5,Western Africa,West Africa,0.0,1635564.0,0.0,2.592709310878332
Mali,2013,1635564.0,2592.7,630832.0,106.78,Western Africa,West Africa,0.0,1635564.0,0.0,2.592709310878332
Mali,2014,1744026.0,2171.5,803136.0,90000.0,Western Africa,West Africa,6.631473913585761,1671718.0,4.325370666583718,2.1715201410470955
Mali,2014,1744026.0,2171.5,803136.0,99000.0,Western Africa,West Africa,0.0,1707872.0,2.1169033744917654,2.1715201410470955
Mali,2014,1744026.0,2171.5,803136.0,96000.0,Western Africa,West Africa,0.0,1744026.0,0.0,2.1715201410470955
Mali,2014,1744026.0,2171.5,803136.0,86000.0,Western Africa,West Africa,0.0,1744026.0,0.0,2.1715201410470955
Mali,2014,1744026.0,2171.5,803136.0,93000.0,Western Africa,West Africa,0.0,1744026.0,0.0,2.1715201410470955
Mali,2014,1744026.0,2171.5,803136.0,93000.0,Western Africa,West Africa,0.0,1744026.0,0.0,2.1715201410470955
Mali,2014,1744026.0,2171.5,803136.0,94000.0,Western Africa,West Africa,0.0,1744026.0,0.0,2.1715201410470955
Mali,2014,1744026.0,2171.5,803136.0,91000.0,Western Africa,West Africa,0.0,1744026.0,0.0,2.1715201410470955
Mali,2014,1744026.0,2171.5,803136.0,93000.0,Western Africa,West Africa,0.0,1744026.0,0.0,2.1715201410470955
Mali,2014,1744026.0,2171.5,803136.0,97000.0,Western Africa,West Africa,0.0,1744026.0,0.0,2.1715201410470955
Mali,2014,1744026.0,2171.5,803136.0,82000.0,Western Africa,West Africa,0.0,1744026.0,0.0,2.1715201410470955
Mali,2014,1744026.0,2171.5,803136.0,77000.0,Western Africa,West Africa,0.0,1744026.0,0.0,2.1715201410470955
Mali,2014,1744026.0,2171.5,803136.0,78000.0,Western Africa,West Africa,0.0,1744026.0,0.0,2.1715201410470955
Mali,2014,1744026.0,2171.5,803136.0,90000.0,Western Africa,West Africa,0.0,1744026.0,0.0,2.1715201410470955
Mali,2014,1744026.0,2171.5,803136.0,182.0,Western Africa,West Africa,0.0,1744026.0,0.0,2.1715201410470955
Mali,2014,1744026.0,2171.5,803136.0,91.53,Western Africa,West Africa,0.0,1744026.0,0.0,2.1715201410470955
Mali,2015,2276036.0,2529.9,899640.0,101000.0,Western Africa,West Africa,30.50470577846889,1921362.6666666667,18.45946834954636,2.529940865234983
Mali,2015,2276036.0,2529.9,899640.0,79000.0,Western Africa,West Africa,0.0,2098699.3333333335,8.449836708386679,2.529940865234983
Mali,2015,2276036.0,2529.9,899640.0,80000.0,Western Africa,West Africa,0.0,2276036.0,0.0,2.529940865234983
Mali,2015,2276036.0,2529.9,899640.0,88000.0,Western Africa,West Africa,0.0,2276036.0,0.0,2.529940865234983
Mali,2015,2276036.0,2529.9,899640.0,94000.0,Western Africa,West Africa,0.0,2276036.0,0.0,2.529940865234983
Mali,2015,2276036.0,2529.9,899640.0,107000.0,Western Africa,West Africa,0.0,2276036.0,0.0,2.529940865234983
Mali,2015,2276036.0,2529.9,899640.0,117000.0,Western Africa,West Africa,0.0,2276036.0,0.0,2.529940865234983
Mali,2015,2276036.0,2529.9,899640.0,118000.0,Western Africa,West Africa,0.0,2276036.0,0.0,2.529940865234983
Mali,2015,2276036.0,2529.9,899640.0,119000.0,Western Africa,West Africa,0.0,2276036.0,0.0,2.529940865234983
Mali,2015,2276036.0,2529.9,899640.0,124000.0,Western Africa,West Africa,0.0,2276036.0,0.0,2.529940865234983
Mali,2015,2276036.0,2529.9,899640.0,109000.0,Western Africa,West Africa,0.0,2276036.0,0.0,2.529940865234983
Mali,2015,2276036.0,2529.9,899640.0,84000.0,Western Africa,West Africa,0.0,2276036.0,0.0,2.529940865234983
Mali,2015,2276036.0,2529.9,899640.0,93000.0,Western Africa,West Africa,0.0,2276036.0,0.0,2.529940865234983
Mali,2015,2276036.0,2529.9,899640.0,101000.0,Western Africa,West Africa,0.0,2276036.0,0.0,2.529940865234983
Mali,2015,2276036.0,2529.9,899640.0,170.7,Western Africa,West Africa,0.0,2276036.0,0.0,2.529940865234983
Mali,2015,2276036.0,2529.9,899640.0,102.71,Western Africa,West Africa,0.0,2276036.0,0.0,2.529940865234983
Mali,2016,2811385.0,2725.5,1031522.0,104000.0,Western Africa,West Africa,23.521113022816852,2454485.6666666665,14.540697392542668,2.7254726510922693
Mali,2016,2811385.0,2725.5,1031522.0,97000.0,Western Africa,West Africa,0.0,2632935.3333333335,6.777593980659856,2.7254726510922693
Mali,2016,2811385.0,2725.5,1031522.0,104000.0,Western Africa,West Africa,0.0,2811385.0,0.0,2.7254726510922693
Mali,2016,2811385.0,2725.5,1031522.0,175.5,Western Africa,West Africa,0.0,2811385.0,0.0,2.7254726510922693
Mali,2016,2811385.0,2725.5,1031522.0,105.76,Western Africa,West Africa,0.0,2811385.0,0.0,2.7254726510922693
Mali,2017,3598205.0,2918.2,1233008.0,110230.0,Western Africa,West Africa,27.986917480174366,3073658.3333333335,17.065874270345592,2.9182332961343316
Mali,2017,3598205.0,2918.2,1233008.0,91770.0,Western Africa,West Africa,0.0,3335931.6666666665,7.862071515253864,2.9182332961343316
Mali,2017,3598205.0,2918.2,1233008.0,93350.0,Western Africa,West Africa,0.0,3598205.0,0.0,2.9182332961343316
Mali,2017,3598205.0,2918.2,1233008.0,94950.0,Western Africa,West Africa,0.0,3598205.0,0.0,2.9182332961343316
Mali,2017,3598205.0,2918.2,1233008.0,100110.0,Western Africa,West Africa,0.0,3598205.0,0.0,2.9182332961343316
Mali,2017,3598205.0,2918.2,1233008.0,111280.0,Western Africa,West Africa,0.0,3598205.0,0.0,2.9182332961343316
Mali,2017,3598205.0,2918.2,1233008.0,112230.0,Western Africa,West Africa,0.0,3598205.0,0.0,2.9182332961343316
Mali,2017,3598205.0,2918.2,1233008.0,112200.0,Western Africa,West Africa,0.0,3598205.0,0.0,2.9182332961343316
Mali,2017,3598205.0,2918.2,1233008.0,109070.0,Western Africa,West Africa,0.0,3598205.0,0.0,2.9182332961343316
Mali,2017,3598205.0,2918.2,1233008.0,111060.0,Western Africa,West Africa,0.0,3598205.0,0.0,2.9182332961343316
Mali,2017,3598205.0,2918.2,1233008.0,99410.0,Western Africa,West Africa,0.0,3598205.0,0.0,2.9182332961343316
Mali,2017,3598205.0,2918.2,1233008.0,101850.0,Western Africa,West Africa,0.0,3598205.0,0.0,2.9182332961343316
Mali,2017,3598205.0,2918.2,1233008.0,105950.0,Western Africa,West Africa,0.0,3598205.0,0.0,2.9182332961343316
Mali,2017,3598205.0,2918.2,1233008.0,110230.0,Western Africa,West Africa,0.0,3598205.0,0.0,2.9182332961343316
Mali,2017,3598205.0,2918.2,1233008.0,189.8,Western Africa,West Africa,0.0,3598205.0,0.0,2.9182332961343316
Mali,2017,3598205.0,2918.2,1233008.0,112.1,Western Africa,West Africa,0.0,3598205.0,0.0,2.9182332961343316
Mali,2018,3624949.97,2880.2,1258559.0,134650.0,Western Africa,West Africa,0.7432864442131537,3607119.99,0.4942996088134008,2.880238407575648
Mali,2018,3624949.97,2880.2,1258559.0,110170.0,Western Africa,West Africa,0.0,3616034.9800000004,0.2465404800923623,2.880238407575648
Mali,2018,3624949.97,2880.2,1258559.0,113990.0,Western Africa,West Africa,0.0,3624949.97,0.0,2.880238407575648
Mali,2018,3624949.97,2880.2,1258559.0,122890.0,Western Africa,West Africa,0.0,3624949.97,0.0,2.880238407575648
Mali,2018,3624949.97,2880.2,1258559.0,130600.0,Western Africa,West Africa,0.0,3624949.97,0.0,2.880238407575648
Mali,2018,3624949.97,2880.2,1258559.0,136280.0,Western Africa,West Africa,0.0,3624949.97,0.0,2.880238407575648
Mali,2018,3624949.97,2880.2,1258559.0,143370.0,Western Africa,West Africa,0.0,3624949.97,0.0,2.880238407575648
Mali,2018,3624949.97,2880.2,1258559.0,147260.0,Western Africa,West Africa,0.0,3624949.97,0.0,2.880238407575648
Mali,2018,3624949.97,2880.2,1258559.0,152910.0,Western Africa,West Africa,0.0,3624949.97,0.0,2.880238407575648
Mali,2018,3624949.97,2880.2,1258559.0,171690.0,Western Africa,West Africa,0.0,3624949.97,0.0,2.880238407575648
Mali,2018,3624949.97,2880.2,1258559.0,118870.0,Western Africa,West Africa,0.0,3624949.97,0.0,2.880238407575648
Mali,2018,3624949.97,2880.2,1258559.0,90780.0,Western Africa,West Africa,0.0,3624949.97,0.0,2.880238407575648
Mali,2018,3624949.97,2880.2,1258559.0,97370.0,Western Africa,West Africa,0.0,3624949.97,0.0,2.880238407575648
Mali,2018,3624949.97,2880.2,1258559.0,134650.0,Western Africa,West Africa,0.0,3624949.97,0.0,2.880238407575648
Mali,2018,3624949.97,2880.2,1258559.0,242.4,Western Africa,West Africa,0.0,3624949.97,0.0,2.880238407575648
Mali,2018,3624949.97,2880.2,1258559.0,136.93,Western Africa,West Africa,0.0,3624949.97,0.0,2.880238407575648
Mali,2019,3816536.0,2664.9,1432151.0,90850.0,Western Africa,West Africa,5.285204805185217,3688811.9800000004,3.4624703208646466,2.6648977656685644
Mali,2019,3816536.0,2664.9,1432151.0,94030.0,Western Africa,West Africa,0.0,3752673.9899999998,1.7017734599428993,2.6648977656685644
Mali,2019,3816536.0,2664.9,1432151.0,94420.0,Western Africa,West Africa,0.0,3816536.0,0.0,2.6648977656685644
Mali,2019,3816536.0,2664.9,1432151.0,93590.0,Western Africa,West Africa,0.0,3816536.0,0.0,2.6648977656685644
Mali,2019,3816536.0,2664.9,1432151.0,96800.0,Western Africa,West Africa,0.0,3816536.0,0.0,2.6648977656685644
Mali,2019,3816536.0,2664.9,1432151.0,97540.0,Western Africa,West Africa,0.0,3816536.0,0.0,2.6648977656685644
Mali,2019,3816536.0,2664.9,1432151.0,95570.0,Western Africa,West Africa,0.0,3816536.0,0.0,2.6648977656685644
Mali,2019,3816536.0,2664.9,1432151.0,97140.0,Western Africa,West Africa,0.0,3816536.0,0.0,2.6648977656685644
Mali,2019,3816536.0,2664.9,1432151.0,94140.0,Western Africa,West Africa,0.0,3816536.0,0.0,2.6648977656685644
Mali,2019,3816536.0,2664.9,1432151.0,84220.0,Western Africa,West Africa,0.0,3816536.0,0.0,2.6648977656685644
Mali,2019,3816536.0,2664.9,1432151.0,80400.0,Western Africa,West Africa,0.0,3816536.0,0.0,2.6648977656685644
Mali,2019,3816536.0,2664.9,1432151.0,73870.0,Western Africa,West Africa,0.0,3816536.0,0.0,2.6648977656685644
Mali,2019,3816536.0,2664.9,1432151.0,77430.0,Western Africa,West Africa,0.0,3816536.0,0.0,2.6648977656685644
Mali,2019,3816536.0,2664.9,1432151.0,90850.0,Western Africa,West Africa,0.0,3816536.0,0.0,2.6648977656685644
Mali,2019,3816536.0,2664.9,1432151.0,155.1,Western Africa,West Africa,0.0,3816536.0,0.0,2.6648977656685644
Mali,2019,3816536.0,2664.9,1432151.0,92.39,Western Africa,West Africa,0.0,3816536.0,0.0,2.6648977656685644
Mali,2020,3516865.0,3005.5,1170148.0,102520.0,Western Africa,West Africa,-7.851910737904744,3716645.6666666665,-5.375294945612693,3.0054873400629663
Mali,2020,3516865.0,3005.5,1170148.0,84631.0,Western Africa,West Africa,0.0,3616755.3333333335,-2.761876989928177,3.0054873400629663
Mali,2020,3516865.0,3005.5,1170148.0,89955.0,Western Africa,West Africa,0.0,3516865.0,0.0,3.0054873400629663
Mali,2020,3516865.0,3005.5,1170148.0,94578.0,Western Africa,West Africa,0.0,3516865.0,0.0,3.0054873400629663
Mali,2020,3516865.0,3005.5,1170148.0,96123.0,Western Africa,West Africa,0.0,3516865.0,0.0,3.0054873400629663
Mali,2020,3516865.0,3005.5,1170148.0,97516.0,Western Africa,West Africa,0.0,3516865.0,0.0,3.0054873400629663
Mali,2020,3516865.0,3005.5,1170148.0,97990.0,Western Africa,West Africa,0.0,3516865.0,0.0,3.0054873400629663
Mali,2020,3516865.0,3005.5,1170148.0,101221.0,Western Africa,West Africa,0.0,3516865.0,0.0,3.0054873400629663
Mali,2020,3516865.0,3005.5,1170148.0,106026.0,Western Africa,West Africa,0.0,3516865.0,0.0,3.0054873400629663
Mali,2020,3516865.0,3005.5,1170148.0,110226.0,Western Africa,West Africa,0.0,3516865.0,0.0,3.0054873400629663
Mali,2020,3516865.0,3005.5,1170148.0,107328.0,Western Africa,West Africa,0.0,3516865.0,0.0,3.0054873400629663
Mali,2020,3516865.0,3005.5,1170148.0,96501.0,Western Africa,West Africa,0.0,3516865.0,0.0,3.0054873400629663
Mali,2020,3516865.0,3005.5,1170148.0,100848.0,Western Africa,West Africa,0.0,3516865.0,0.0,3.0054873400629663
Mali,2020,3516865.0,3005.5,1170148.0,102520.0,Western Africa,West Africa,0.0,3516865.0,0.0,3.0054873400629663
Mali,2020,3516865.0,3005.5,1170148.0,178.1,Western Africa,West Africa,0.0,3516865.0,0.0,3.0054873400629663
Mali,2020,3516865.0,3005.5,1170148.0,104.26,Western Africa,West Africa,0.0,3516865.0,0.0,3.0054873400629663
Mali,2021,3603000.0,2345.4,1536189.0,121580.0,Western Africa,West Africa,2.4491983627463743,3545576.6666666665,1.6195766932130502,2.345414529071618
Mali,2021,3603000.0,2345.4,1536189.0,110750.0,Western Africa,West Africa,0.0,3574288.3333333335,0.8032834508314666,2.345414529071618
Mali,2021,3603000.0,2345.4,1536189.0,124450.0,Western Africa,West Africa,0.0,3603000.0,0.0,2.345414529071618
Mali,2021,3603000.0,2345.4,1536189.0,138370.0,Western Africa,West Africa,0.0,3603000.0,0.0,2.345414529071618
Mali,2021,3603000.0,2345.4,1536189.0,139910.0,Western Africa,West Africa,0.0,3603000.0,0.0,2.345414529071618
Mali,2021,3603000.0,2345.4,1536189.0,143380.0,Western Africa,West Africa,0.0,3603000.0,0.0,2.345414529071618
Mali,2021,3603000.0,2345.4,1536189.0,149510.0,Western Africa,West Africa,0.0,3603000.0,0.0,2.345414529071618
Mali,2021,3603000.0,2345.4,1536189.0,155470.0,Western Africa,West Africa,0.0,3603000.0,0.0,2.345414529071618
Mali,2021,3603000.0,2345.4,1536189.0,168530.0,Western Africa,West Africa,0.0,3603000.0,0.0,2.345414529071618
Mali,2021,3603000.0,2345.4,1536189.0,178950.0,Western Africa,West Africa,0.0,3603000.0,0.0,2.345414529071618
Mali,2021,3603000.0,2345.4,1536189.0,144140.0,Western Africa,West Africa,0.0,3603000.0,0.0,2.345414529071618
Mali,2021,3603000.0,2345.4,1536189.0,143130.0,Western Africa,West Africa,0.0,3603000.0,0.0,2.345414529071618
Mali,2021,3603000.0,2345.4,1536189.0,166370.0,Western Africa,West Africa,0.0,3603000.0,0.0,2.345414529071618
Mali,2021,3603000.0,2345.4,1536189.0,121580.0,Western Africa,West Africa,0.0,3603000.0,0.0,2.345414529071618
Mali,2021,3603000.0,2345.4,1536189.0,219.2,Western Africa,West Africa,0.0,3603000.0,0.0,2.345414529071618
Mali,2021,3603000.0,2345.4,1536189.0,123.64,Western Africa,West Africa,0.0,3603000.0,0.0,2.345414529071618
Mali,2022,3904687.0,2685.5,1454000.0,211470.0,Western Africa,West Africa,8.373216763807934,3703562.3333333335,5.430573284982283,2.6854793672627237
Mali,2022,3904687.0,2685.5,1454000.0,171560.0,Western Africa,West Africa,0.0,3804124.6666666665,2.643507827556304,2.6854793672627237
Mali,2022,3904687.0,2685.5,1454000.0,192670.0,Western Africa,West Africa,0.0,3904687.0,0.0,2.6854793672627237
Mali,2022,3904687.0,2685.5,1454000.0,206820.0,Western Africa,West Africa,0.0,3904687.0,0.0,2.6854793672627237
Mali,2022,3904687.0,2685.5,1454000.0,238160.0,Western Africa,West Africa,0.0,3904687.0,0.0,2.6854793672627237
Mali,2022,3904687.0,2685.5,1454000.0,247570.0,Western Africa,West Africa,0.0,3904687.0,0.0,2.6854793672627237
Mali,2022,3904687.0,2685.5,1454000.0,253770.0,Western Africa,West Africa,0.0,3904687.0,0.0,2.6854793672627237
Mali,2022,3904687.0,2685.5,1454000.0,254220.0,Western Africa,West Africa,0.0,3904687.0,0.0,2.6854793672627237
Mali,2022,3904687.0,2685.5,1454000.0,254430.0,Western Africa,West Africa,0.0,3904687.0,0.0,2.6854793672627237
Mali,2022,3904687.0,2685.5,1454000.0,238590.0,Western Africa,West Africa,0.0,3904687.0,0.0,2.6854793672627237
Mali,2022,3904687.0,2685.5,1454000.0,155980.0,Western Africa,West Africa,0.0,3904687.0,0.0,2.6854793672627237
Mali,2022,3904687.0,2685.5,1454000.0,154530.0,Western Africa,West Africa,0.0,3904687.0,0.0,2.6854793672627237
Mali,2022,3904687.0,2685.5,1454000.0,169340.0,Western Africa,West Africa,0.0,3904687.0,0.0,2.6854793672627237
Mali,2022,3904687.0,2685.5,1454000.0,211470.0,Western Africa,West Africa,0.0,3904687.0,0.0,2.6854793672627237
Mali,2022,3904687.0,2685.5,1454000.0,339.0,Western Africa,West Africa,0.0,3904687.0,0.0,2.6854793672627237
Mali,2022,3904687.0,2685.5,1454000.0,215.05,Western Africa,West Africa,0.0,3904687.0,0.0,2.6854793672627237
Mali,2023,3386941.0,2244.3,1509160.0,162600.0,Western Africa,West Africa,-13.2596031384846,3732105.0,-9.248507209738204,2.2442557449177025
Mali,2023,3386941.0,2244.3,1509160.0,181950.0,Western Africa,West Africa,0.0,3559523.0,-4.848458627743099,2.2442557449177025
Mali,2023,3386941.0,2244.3,1509160.0,191000.0,Western Africa,West Africa,0.0,3386941.0,0.0,2.2442557449177025
Mali,2023,3386941.0,2244.3,1509160.0,187790.0,Western Africa,West Africa,0.0,3386941.0,0.0,2.2442557449177025
Mali,2023,3386941.0,2244.3,1509160.0,180260.0,Western Africa,West Africa,0.0,3386941.0,0.0,2.2442557449177025
Mali,2023,3386941.0,2244.3,1509160.0,168370.0,Western Africa,West Africa,0.0,3386941.0,0.0,2.2442557449177025
Mali,2023,3386941.0,2244.3,1509160.0,154400.0,Western Africa,West Africa,0.0,3386941.0,0.0,2.2442557449177025
Mali,2023,3386941.0,2244.3,1509160.0,156660.0,Western Africa,West Africa,0.0,3386941.0,0.0,2.2442557449177025
Mali,2023,3386941.0,2244.3,1509160.0,168740.0,Western Africa,West Africa,0.0,3386941.0,0.0,2.2442557449177025
Mali,2023,3386941.0,2244.3,1509160.0,175880.0,Western Africa,West Africa,0.0,3386941.0,0.0,2.2442557449177025
Mali,2023,3386941.0,2244.3,1509160.0,130860.0,Western Africa,West Africa,0.0,3386941.0,0.0,2.2442557449177025
Mali,2023,3386941.0,2244.3,1509160.0,124230.0,Western Africa,West Africa,0.0,3386941.0,0.0,2.2442557449177025
Mali,2023,3386941.0,2244.3,1509160.0,131060.0,Western Africa,West Africa,0.0,3386941.0,0.0,2.2442557449177025
Mali,2023,3386941.0,2244.3,1509160.0,162600.0,Western Africa,West Africa,0.0,3386941.0,0.0,2.2442557449177025
Mali,2023,3386941.0,2244.3,1509160.0,268.1,Western Africa,West Africa,0.0,3386941.0,0.0,2.2442557449177025
Mali,2023,3386941.0,2244.3,1509160.0,165.36,Western Africa,West Africa,0.0,3386941.0,0.0,2.2442557449177025
Mali,2024,3952763.0,2473.3,1598149.0,163793.0,Western Africa,West Africa,16.705989268782663,3575548.3333333335,10.54984107332721,2.4733382181511234
Mali,2024,3952763.0,2473.3,1598149.0,133020.0,Western Africa,West Africa,0.0,3764155.6666666665,5.01061459820959,2.4733382181511234
Mali,2024,3952763.0,2473.3,1598149.0,135470.0,Western Africa,West Africa,0.0,3952763.0,0.0,2.4733382181511234
Mali,2024,3952763.0,2473.3,1598149.0,145490.0,Western Africa,West Africa,0.0,3952763.0,0.0,2.4733382181511234
Mali,2024,3952763.0,2473.3,1598149.0,154040.0,Western Africa,West Africa,0.0,3952763.0,0.0,2.4733382181511234
Mali,2024,3952763.0,2473.3,1598149.0,155550.0,Western Africa,West Africa,0.0,3952763.0,0.0,2.4733382181511234
Mali,2024,3952763.0,2473.3,1598149.0,169330.0,Western Africa,West Africa,0.0,3952763.0,0.0,2.4733382181511234
Mali,2024,3952763.0,2473.3,1598149.0,199500.0,Western Africa,West Africa,0.0,3952763.0,0.0,2.4733382181511234
Mali,2024,3952763.0,2473.3,1598149.0,214340.0,Western Africa,West Africa,0.0,3952763.0,0.0,2.4733382181511234
Mali,2024,3952763.0,2473.3,1598149.0,212510.0,Western Africa,West Africa,0.0,3952763.0,0.0,2.4733382181511234
Mali,2024,3952763.0,2473.3,1598149.0,167140.0,Western Africa,West Africa,0.0,3952763.0,0.0,2.4733382181511234
Mali,2024,3952763.0,2473.3,1598149.0,140070.0,Western Africa,West Africa,0.0,3952763.0,0.0,2.4733382181511234
Mali,2024,3952763.0,2473.3,1598149.0,139060.0,Western Africa,West Africa,0.0,3952763.0,0.0,2.4733382181511234
Mali,2024,3952763.0,2473.3,1598149.0,163793.0,Western Africa,West Africa,0.0,3952763.0,0.0,2.4733382181511234
Mali,2024,3952763.0,2473.3,1598149.0,270.1,Western Africa,West Africa,0.0,3952763.0,0.0,2.4733382181511234
Mali,2024,3952763.0,2473.3,1598149.0,166.57,Western Africa,West Africa,0.0,3952763.0,0.0,2.4733382181511234
Mauritania,2000,13651.0,905.4,15077.0,,Western Africa,West Africa,,13651.0,0.0,0.905418849903827
Mauritania,2001,6168.0,1001.6,6158.0,,Western Africa,West Africa,-54.81649695992967,9909.5,-37.75669811796761,1.0016239038648913
Mauritania,2002,4778.0,564.4,8466.0,,Western Africa,West Africa,-22.535667963683526,8199.0,-41.72460056104403,0.5643751476494212
Mauritania,2003,15810.0,775.5,20388.0,,Western Africa,West Africa,230.89158643784012,8918.666666666666,77.2686500224249,0.7754561506768688
Mauritania,2004,7138.0,1151.3,6200.0,,Western Africa,West Africa,-54.851359898798236,9242.0,-22.765635143908245,1.1512903225806452
Mauritania,2005,12234.0,815.6,15000.0,,Western Africa,West Africa,71.3925469319137,11727.333333333334,4.32039110908987,0.8156
Mauritania,2006,17285.0,497.5,34745.0,,Western Africa,West Africa,41.28657838809875,12219.0,41.46002127833702,0.4974816520362642
Mauritania,2007,16966.0,711.6,23843.0,,Western Africa,West Africa,-1.8455308070581378,15495.0,9.493384962891255,0.711571530428218
Mauritania,2008,15461.0,705.9,21902.0,,Western Africa,West Africa,-8.870682541553698,16570.666666666668,-6.696572256195695,0.705917267829422
Mauritania,2009,11830.0,554.2,21348.0,,Western Africa,West Africa,-23.484897483991986,14752.333333333334,-19.809295704634298,0.5541502716882144
Mauritania,2010,19910.0,859.2,23174.0,,Western Africa,West Africa,68.30092983939137,15733.666666666666,26.54392915404335,0.8591524984896867
Mauritania,2011,11609.0,661.1,17559.0,,Western Africa,West Africa,-41.6926167754897,14449.666666666666,-19.659046344783036,0.6611424340793894
Mauritania,2012,22841.0,690.4,33086.0,,Western Africa,West Africa,96.7525195968645,18120.0,26.05408388520971,0.6903524149186967
Mauritania,2013,6226.0,473.1,13159.0,,Western Africa,West Africa,-72.74199903681975,13558.666666666666,-54.08103058314485,0.4731362565544494
Mauritania,2014,12565.0,681.8,18428.0,,Western Africa,West Africa,101.814969482814,13877.333333333334,-9.456667947732518,0.6818428478402431
Mauritania,2015,6976.0,455.1,15327.0,,Western Africa,West Africa,-44.48070035813768,8589.0,-18.77983467225521,0.4551445162132185
Mauritania,2016,9600.0,455.2,21090.0,,Western Africa,West Africa,37.61467889908256,9713.666666666666,-1.1701726090388052,0.45519203413940257
Mauritania,2017,14000.0,1000.0,14000.0,,Western Africa,West Africa,45.83333333333333,10192.0,37.362637362637365,1.0
Mauritania,2018,12000.0,705.9,17000.0,,Western Africa,West Africa,-14.28571428571429,11866.666666666666,1.1235955056179827,0.7058823529411765
Mauritania,2019,17232.0,749.2,23000.0,,Western Africa,West Africa,43.599999999999994,14410.666666666666,19.57809030347891,0.7492173913043478
Mauritania,2020,15000.0,625.0,24000.0,,Western Africa,West Africa,-12.952646239554323,14744.0,1.7362995116657625,0.625
Mauritania,2021,12000.0,631.6,19000.0,,Western Africa,West Africa,-19.999999999999996,14744.0,-18.61096039066739,0.631578947368421
Mauritania,2022,17896.0,662.8,27000.0,,Western Africa,West Africa,49.13333333333334,14965.333333333334,19.583036350677116,0.6628148148148149
Mauritania,2023,17000.0,653.8,26000.0,,Western Africa,West Africa,-5.006705409029955,15632.0,8.751279426816785,0.6538461538461539
Mauritania,2024,18000.0,642.9,28000.0,,Western Africa,West Africa,5.882352941176472,17632.0,2.087114337568058,0.6428571428571429
Mauritius,2000,202.97,6947.3,29.0,77.16,Eastern Africa,East Africa,,202.97,0.0,6.99896551724138
Mauritius,2000,202.97,6947.3,29.0,4500.0,Eastern Africa,East Africa,0.0,202.97,0.0,6.99896551724138
Mauritius,2000,202.97,6947.3,29.0,4500.0,Eastern Africa,East Africa,0.0,202.97,0.0,6.99896551724138
Mauritius,2000,202.97,6947.3,29.0,171.4,Eastern Africa,East Africa,0.0,202.97,0.0,6.99896551724138
Mauritius,2000,202.97,6947.3,29.0,71.9,Eastern Africa,East Africa,0.0,202.97,0.0,6.99896551724138
Mauritius,2000,202.97,6947.3,70.0,77.16,Eastern Africa,East Africa,0.0,202.97,0.0,2.8995714285714285
Mauritius,2000,202.97,6947.3,70.0,4500.0,Eastern Africa,East Africa,0.0,202.97,0.0,2.8995714285714285
Mauritius,2000,202.97,6947.3,70.0,4500.0,Eastern Africa,East Africa,0.0,202.97,0.0,2.8995714285714285
Mauritius,2000,202.97,6947.3,70.0,171.4,Eastern Africa,East Africa,0.0,202.97,0.0,2.8995714285714285
Mauritius,2000,202.97,6947.3,70.0,71.9,Eastern Africa,East Africa,0.0,202.97,0.0,2.8995714285714285
Mauritius,2000,202.97,8900.0,29.0,77.16,Eastern Africa,East Africa,0.0,202.97,0.0,6.99896551724138
Mauritius,2000,202.97,8900.0,29.0,4500.0,Eastern Africa,East Africa,0.0,202.97,0.0,6.99896551724138
Mauritius,2000,202.97,8900.0,29.0,4500.0,Eastern Africa,East Africa,0.0,202.97,0.0,6.99896551724138
Mauritius,2000,202.97,8900.0,29.0,171.4,Eastern Africa,East Africa,0.0,202.97,0.0,6.99896551724138
Mauritius,2000,202.97,8900.0,29.0,71.9,Eastern Africa,East Africa,0.0,202.97,0.0,6.99896551724138
Mauritius,2000,202.97,8900.0,70.0,77.16,Eastern Africa,East Africa,0.0,202.97,0.0,2.8995714285714285
Mauritius,2000,202.97,8900.0,70.0,4500.0,Eastern Africa,East Africa,0.0,202.97,0.0,2.8995714285714285
Mauritius,2000,202.97,8900.0,70.0,4500.0,Eastern Africa,East Africa,0.0,202.97,0.0,2.8995714285714285
Mauritius,2000,202.97,8900.0,70.0,171.4,Eastern Africa,East Africa,0.0,202.97,0.0,2.8995714285714285
Mauritius,2000,202.97,8900.0,70.0,71.9,Eastern Africa,East Africa,0.0,202.97,0.0,2.8995714285714285
Mauritius,2000,623.0,6947.3,29.0,77.16,Eastern Africa,East Africa,206.94191259792086,342.98,81.6432445040527,21.482758620689655
Mauritius,2000,623.0,6947.3,29.0,4500.0,Eastern Africa,East Africa,0.0,482.99,28.988177809064368,21.482758620689655
Mauritius,2000,623.0,6947.3,29.0,4500.0,Eastern Africa,East Africa,0.0,623.0,0.0,21.482758620689655
Mauritius,2000,623.0,6947.3,29.0,171.4,Eastern Africa,East Africa,0.0,623.0,0.0,21.482758620689655
Mauritius,2000,623.0,6947.3,29.0,71.9,Eastern Africa,East Africa,0.0,623.0,0.0,21.482758620689655
Mauritius,2000,623.0,6947.3,70.0,77.16,Eastern Africa,East Africa,0.0,623.0,0.0,8.9
Mauritius,2000,623.0,6947.3,70.0,4500.0,Eastern Africa,East Africa,0.0,623.0,0.0,8.9
Mauritius,2000,623.0,6947.3,70.0,4500.0,Eastern Africa,East Africa,0.0,623.0,0.0,8.9
Mauritius,2000,623.0,6947.3,70.0,171.4,Eastern Africa,East Africa,0.0,623.0,0.0,8.9
Mauritius,2000,623.0,6947.3,70.0,71.9,Eastern Africa,East Africa,0.0,623.0,0.0,8.9
Mauritius,2000,623.0,8900.0,29.0,77.16,Eastern Africa,East Africa,0.0,623.0,0.0,21.482758620689655
Mauritius,2000,623.0,8900.0,29.0,4500.0,Eastern Africa,East Africa,0.0,623.0,0.0,21.482758620689655
Mauritius,2000,623.0,8900.0,29.0,4500.0,Eastern Africa,East Africa,0.0,623.0,0.0,21.482758620689655
Mauritius,2000,623.0,8900.0,29.0,171.4,Eastern Africa,East Africa,0.0,623.0,0.0,21.482758620689655
Mauritius,2000,623.0,8900.0,29.0,71.9,Eastern Africa,East Africa,0.0,623.0,0.0,21.482758620689655
Mauritius,2000,623.0,8900.0,70.0,77.16,Eastern Africa,East Africa,0.0,623.0,0.0,8.9
Mauritius,2000,623.0,8900.0,70.0,4500.0,Eastern Africa,East Africa,0.0,623.0,0.0,8.9
Mauritius,2000,623.0,8900.0,70.0,4500.0,Eastern Africa,East Africa,0.0,623.0,0.0,8.9
Mauritius,2000,623.0,8900.0,70.0,171.4,Eastern Africa,East Africa,0.0,623.0,0.0,8.9
Mauritius,2000,623.0,8900.0,70.0,71.9,Eastern Africa,East Africa,0.0,623.0,0.0,8.9
Mauritius,2001,210.56,6980.3,30.0,77.16,Eastern Africa,East Africa,-66.20224719101124,485.52,-56.6320645905421,7.018666666666666
Mauritius,2001,210.56,6980.3,30.0,4500.0,Eastern Africa,East Africa,0.0,348.03999999999996,-39.50120675784392,7.018666666666666
Mauritius,2001,210.56,6980.3,30.0,4500.0,Eastern Africa,East Africa,0.0,210.56,0.0,7.018666666666666
Mauritius,2001,210.56,6980.3,30.0,154.5,Eastern Africa,East Africa,0.0,210.56,0.0,7.018666666666666
Mauritius,2001,210.56,6980.3,30.0,71.9,Eastern Africa,East Africa,0.0,210.56,0.0,7.018666666666666
Mauritius,2001,210.56,6980.3,54.0,77.16,Eastern Africa,East Africa,0.0,210.56,0.0,3.899259259259259
Mauritius,2001,210.56,6980.3,54.0,4500.0,Eastern Africa,East Africa,0.0,210.56,0.0,3.899259259259259
Mauritius,2001,210.56,6980.3,54.0,4500.0,Eastern Africa,East Africa,0.0,210.56,0.0,3.899259259259259
Mauritius,2001,210.56,6980.3,54.0,154.5,Eastern Africa,East Africa,0.0,210.56,0.0,3.899259259259259
Mauritius,2001,210.56,6980.3,54.0,71.9,Eastern Africa,East Africa,0.0,210.56,0.0,3.899259259259259
Mauritius,2001,210.56,7203.7,30.0,77.16,Eastern Africa,East Africa,0.0,210.56,0.0,7.018666666666666
Mauritius,2001,210.56,7203.7,30.0,4500.0,Eastern Africa,East Africa,0.0,210.56,0.0,7.018666666666666
Mauritius,2001,210.56,7203.7,30.0,4500.0,Eastern Africa,East Africa,0.0,210.56,0.0,7.018666666666666
Mauritius,2001,210.56,7203.7,30.0,154.5,Eastern Africa,East Africa,0.0,210.56,0.0,7.018666666666666
Mauritius,2001,210.56,7203.7,30.0,71.9,Eastern Africa,East Africa,0.0,210.56,0.0,7.018666666666666
Mauritius,2001,210.56,7203.7,54.0,77.16,Eastern Africa,East Africa,0.0,210.56,0.0,3.899259259259259
Mauritius,2001,210.56,7203.7,54.0,4500.0,Eastern Africa,East Africa,0.0,210.56,0.0,3.899259259259259
Mauritius,2001,210.56,7203.7,54.0,4500.0,Eastern Africa,East Africa,0.0,210.56,0.0,3.899259259259259
Mauritius,2001,210.56,7203.7,54.0,154.5,Eastern Africa,East Africa,0.0,210.56,0.0,3.899259259259259
Mauritius,2001,210.56,7203.7,54.0,71.9,Eastern Africa,East Africa,0.0,210.56,0.0,3.899259259259259
Mauritius,2001,389.0,6980.3,30.0,77.16,Eastern Africa,East Africa,84.74544072948329,270.04,44.052732928455036,12.966666666666667
Mauritius,2001,389.0,6980.3,30.0,4500.0,Eastern Africa,East Africa,0.0,329.52,18.05049769361496,12.966666666666667
Mauritius,2001,389.0,6980.3,30.0,4500.0,Eastern Africa,East Africa,0.0,389.0,0.0,12.966666666666667
Mauritius,2001,389.0,6980.3,30.0,154.5,Eastern Africa,East Africa,0.0,389.0,0.0,12.966666666666667
Mauritius,2001,389.0,6980.3,30.0,71.9,Eastern Africa,East Africa,0.0,389.0,0.0,12.966666666666667
Mauritius,2001,389.0,6980.3,54.0,77.16,Eastern Africa,East Africa,0.0,389.0,0.0,7.203703703703703
Mauritius,2001,389.0,6980.3,54.0,4500.0,Eastern Africa,East Africa,0.0,389.0,0.0,7.203703703703703
Mauritius,2001,389.0,6980.3,54.0,4500.0,Eastern Africa,East Africa,0.0,389.0,0.0,7.203703703703703
Mauritius,2001,389.0,6980.3,54.0,154.5,Eastern Africa,East Africa,0.0,389.0,0.0,7.203703703703703
Mauritius,2001,389.0,6980.3,54.0,71.9,Eastern Africa,East Africa,0.0,389.0,0.0,7.203703703703703
Mauritius,2001,389.0,7203.7,30.0,77.16,Eastern Africa,East Africa,0.0,389.0,0.0,12.966666666666667
Mauritius,2001,389.0,7203.7,30.0,4500.0,Eastern Africa,East Africa,0.0,389.0,0.0,12.966666666666667
Mauritius,2001,389.0,7203.7,30.0,4500.0,Eastern Africa,East Africa,0.0,389.0,0.0,12.966666666666667
Mauritius,2001,389.0,7203.7,30.0,154.5,Eastern Africa,East Africa,0.0,389.0,0.0,12.966666666666667
Mauritius,2001,389.0,7203.7,30.0,71.9,Eastern Africa,East Africa,0.0,389.0,0.0,12.966666666666667
Mauritius,2001,389.0,7203.7,54.0,77.16,Eastern Africa,East Africa,0.0,389.0,0.0,7.203703703703703
Mauritius,2001,389.0,7203.7,54.0,4500.0,Eastern Africa,East Africa,0.0,389.0,0.0,7.203703703703703
Mauritius,2001,389.0,7203.7,54.0,4500.0,Eastern Africa,East Africa,0.0,389.0,0.0,7.203703703703703
Mauritius,2001,389.0,7203.7,54.0,154.5,Eastern Africa,East Africa,0.0,389.0,0.0,7.203703703703703
Mauritius,2001,389.0,7203.7,54.0,71.9,Eastern Africa,East Africa,0.0,389.0,0.0,7.203703703703703
Mauritius,2002,195.57,7016.7,28.0,77.16,Eastern Africa,East Africa,-49.724935732647815,324.5233333333333,-39.736228519777725,6.984642857142857
Mauritius,2002,195.57,7016.7,28.0,4500.0,Eastern Africa,East Africa,0.0,260.0466666666667,-24.794267695541834,6.984642857142857
Mauritius,2002,195.57,7016.7,28.0,4500.0,Eastern Africa,East Africa,0.0,195.57,0.0,6.984642857142857
Mauritius,2002,195.57,7016.7,28.0,150.2,Eastern Africa,East Africa,0.0,195.57,0.0,6.984642857142857
Mauritius,2002,195.57,7016.7,28.0,71.9,Eastern Africa,East Africa,0.0,195.57,0.0,6.984642857142857
Mauritius,2002,195.57,7016.7,38.0,77.16,Eastern Africa,East Africa,0.0,195.57,0.0,5.146578947368421
Mauritius,2002,195.57,7016.7,38.0,4500.0,Eastern Africa,East Africa,0.0,195.57,0.0,5.146578947368421
Mauritius,2002,195.57,7016.7,38.0,4500.0,Eastern Africa,East Africa,0.0,195.57,0.0,5.146578947368421
Mauritius,2002,195.57,7016.7,38.0,150.2,Eastern Africa,East Africa,0.0,195.57,0.0,5.146578947368421
Mauritius,2002,195.57,7016.7,38.0,71.9,Eastern Africa,East Africa,0.0,195.57,0.0,5.146578947368421
Mauritius,2002,195.57,7763.2,28.0,77.16,Eastern Africa,East Africa,0.0,195.57,0.0,6.984642857142857
Mauritius,2002,195.57,7763.2,28.0,4500.0,Eastern Africa,East Africa,0.0,195.57,0.0,6.984642857142857
Mauritius,2002,195.57,7763.2,28.0,4500.0,Eastern Africa,East Africa,0.0,195.57,0.0,6.984642857142857
Mauritius,2002,195.57,7763.2,28.0,150.2,Eastern Africa,East Africa,0.0,195.57,0.0,6.984642857142857
Mauritius,2002,195.57,7763.2,28.0,71.9,Eastern Africa,East Africa,0.0,195.57,0.0,6.984642857142857
Mauritius,2002,195.57,7763.2,38.0,77.16,Eastern Africa,East Africa,0.0,195.57,0.0,5.146578947368421
Mauritius,2002,195.57,7763.2,38.0,4500.0,Eastern Africa,East Africa,0.0,195.57,0.0,5.146578947368421
Mauritius,2002,195.57,7763.2,38.0,4500.0,Eastern Africa,East Africa,0.0,195.57,0.0,5.146578947368421
Mauritius,2002,195.57,7763.2,38.0,150.2,Eastern Africa,East Africa,0.0,195.57,0.0,5.146578947368421
Mauritius,2002,195.57,7763.2,38.0,71.9,Eastern Africa,East Africa,0.0,195.57,0.0,5.146578947368421
Mauritius,2002,295.0,7016.7,28.0,77.16,Eastern Africa,East Africa,50.841131052819975,228.71333333333334,28.98242341213163,10.535714285714286
Mauritius,2002,295.0,7016.7,28.0,4500.0,Eastern Africa,East Africa,0.0,261.8566666666666,12.65705156765153,10.535714285714286
Mauritius,2002,295.0,7016.7,28.0,4500.0,Eastern Africa,East Africa,0.0,295.0,0.0,10.535714285714286
Mauritius,2002,295.0,7016.7,28.0,150.2,Eastern Africa,East Africa,0.0,295.0,0.0,10.535714285714286
Mauritius,2002,295.0,7016.7,28.0,71.9,Eastern Africa,East Africa,0.0,295.0,0.0,10.535714285714286
Mauritius,2002,295.0,7016.7,38.0,77.16,Eastern Africa,East Africa,0.0,295.0,0.0,7.7631578947368425
Mauritius,2002,295.0,7016.7,38.0,4500.0,Eastern Africa,East Africa,0.0,295.0,0.0,7.7631578947368425
Mauritius,2002,295.0,7016.7,38.0,4500.0,Eastern Africa,East Africa,0.0,295.0,0.0,7.7631578947368425
Mauritius,2002,295.0,7016.7,38.0,150.2,Eastern Africa,East Africa,0.0,295.0,0.0,7.7631578947368425
Mauritius,2002,295.0,7016.7,38.0,71.9,Eastern Africa,East Africa,0.0,295.0,0.0,7.7631578947368425
Mauritius,2002,295.0,7763.2,28.0,77.16,Eastern Africa,East Africa,0.0,295.0,0.0,10.535714285714286
Mauritius,2002,295.0,7763.2,28.0,4500.0,Eastern Africa,East Africa,0.0,295.0,0.0,10.535714285714286
Mauritius,2002,295.0,7763.2,28.0,4500.0,Eastern Africa,East Africa,0.0,295.0,0.0,10.535714285714286
Mauritius,2002,295.0,7763.2,28.0,150.2,Eastern Africa,East Africa,0.0,295.0,0.0,10.535714285714286
Mauritius,2002,295.0,7763.2,28.0,71.9,Eastern Africa,East Africa,0.0,295.0,0.0,10.535714285714286
Mauritius,2002,295.0,7763.2,38.0,77.16,Eastern Africa,East Africa,0.0,295.0,0.0,7.7631578947368425
Mauritius,2002,295.0,7763.2,38.0,4500.0,Eastern Africa,East Africa,0.0,295.0,0.0,7.7631578947368425
Mauritius,2002,295.0,7763.2,38.0,4500.0,Eastern Africa,East Africa,0.0,295.0,0.0,7.7631578947368425
Mauritius,2002,295.0,7763.2,38.0,150.2,Eastern Africa,East Africa,0.0,295.0,0.0,7.7631578947368425
Mauritius,2002,295.0,7763.2,38.0,71.9,Eastern Africa,East Africa,0.0,295.0,0.0,7.7631578947368425
Mauritius,2003,177.0,6555.6,27.0,78.04,Eastern Africa,East Africa,-40.0,255.66666666666666,-30.769230769230766,6.555555555555555
Mauritius,2003,177.0,6555.6,27.0,76.86,Eastern Africa,East Africa,0.0,216.33333333333334,-18.181818181818183,6.555555555555555
Mauritius,2003,177.0,6555.6,27.0,78.04,Eastern Africa,East Africa,0.0,177.0,0.0,6.555555555555555
Mauritius,2003,177.0,6555.6,27.0,76.86,Eastern Africa,East Africa,0.0,177.0,0.0,6.555555555555555
Mauritius,2003,177.0,6555.6,27.0,78.04,Eastern Africa,East Africa,0.0,177.0,0.0,6.555555555555555
Mauritius,2003,177.0,6555.6,27.0,76.86,Eastern Africa,East Africa,0.0,177.0,0.0,6.555555555555555
Mauritius,2003,177.0,6555.6,27.0,78.04,Eastern Africa,East Africa,0.0,177.0,0.0,6.555555555555555
Mauritius,2003,177.0,6555.6,27.0,76.86,Eastern Africa,East Africa,0.0,177.0,0.0,6.555555555555555
Mauritius,2003,177.0,6555.6,27.0,78.04,Eastern Africa,East Africa,0.0,177.0,0.0,6.555555555555555
Mauritius,2003,177.0,6555.6,27.0,76.86,Eastern Africa,East Africa,0.0,177.0,0.0,6.555555555555555
Mauritius,2003,177.0,6555.6,27.0,78.04,Eastern Africa,East Africa,0.0,177.0,0.0,6.555555555555555
Mauritius,2003,177.0,6555.6,27.0,76.86,Eastern Africa,East Africa,0.0,177.0,0.0,6.555555555555555
Mauritius,2003,177.0,6555.6,27.0,78.04,Eastern Africa,East Africa,0.0,177.0,0.0,6.555555555555555
Mauritius,2003,177.0,6555.6,27.0,76.86,Eastern Africa,East Africa,0.0,177.0,0.0,6.555555555555555
Mauritius,2003,177.0,6555.6,27.0,78.04,Eastern Africa,East Africa,0.0,177.0,0.0,6.555555555555555
Mauritius,2003,177.0,6555.6,27.0,76.86,Eastern Africa,East Africa,0.0,177.0,0.0,6.555555555555555
Mauritius,2004,369.0,6473.7,57.0,82.7,Eastern Africa,East Africa,108.47457627118646,241.0,53.11203319502075,6.473684210526316
Mauritius,2004,369.0,6473.7,57.0,81.1,Eastern Africa,East Africa,0.0,305.0,20.983606557377048,6.473684210526316
Mauritius,2004,369.0,6473.7,57.0,82.7,Eastern Africa,East Africa,0.0,369.0,0.0,6.473684210526316
Mauritius,2004,369.0,6473.7,57.0,81.1,Eastern Africa,East Africa,0.0,369.0,0.0,6.473684210526316
Mauritius,2004,369.0,6473.7,57.0,82.7,Eastern Africa,East Africa,0.0,369.0,0.0,6.473684210526316
Mauritius,2004,369.0,6473.7,57.0,81.1,Eastern Africa,East Africa,0.0,369.0,0.0,6.473684210526316
Mauritius,2004,369.0,6473.7,57.0,82.7,Eastern Africa,East Africa,0.0,369.0,0.0,6.473684210526316
Mauritius,2004,369.0,6473.7,57.0,81.1,Eastern Africa,East Africa,0.0,369.0,0.0,6.473684210526316
Mauritius,2004,369.0,6473.7,57.0,82.7,Eastern Africa,East Africa,0.0,369.0,0.0,6.473684210526316
Mauritius,2004,369.0,6473.7,57.0,81.1,Eastern Africa,East Africa,0.0,369.0,0.0,6.473684210526316
Mauritius,2004,369.0,6473.7,57.0,82.7,Eastern Africa,East Africa,0.0,369.0,0.0,6.473684210526316
Mauritius,2004,369.0,6473.7,57.0,81.1,Eastern Africa,East Africa,0.0,369.0,0.0,6.473684210526316
Mauritius,2004,369.0,6473.7,57.0,82.7,Eastern Africa,East Africa,0.0,369.0,0.0,6.473684210526316
Mauritius,2004,369.0,6473.7,57.0,81.1,Eastern Africa,East Africa,0.0,369.0,0.0,6.473684210526316
Mauritius,2004,369.0,6473.7,57.0,82.7,Eastern Africa,East Africa,0.0,369.0,0.0,6.473684210526316
Mauritius,2004,369.0,6473.7,57.0,81.1,Eastern Africa,East Africa,0.0,369.0,0.0,6.473684210526316
Mauritius,2005,475.0,7539.7,63.0,87.57,Eastern Africa,East Africa,28.72628726287263,404.3333333333333,17.477328936521026,7.5396825396825395
Mauritius,2005,475.0,7539.7,63.0,87.57,Eastern Africa,East Africa,0.0,439.6666666666667,8.036391205458676,7.5396825396825395
Mauritius,2005,475.0,7539.7,63.0,87.57,Eastern Africa,East Africa,0.0,475.0,0.0,7.5396825396825395
Mauritius,2005,475.0,7539.7,63.0,87.57,Eastern Africa,East Africa,0.0,475.0,0.0,7.5396825396825395
Mauritius,2005,475.0,7539.7,63.0,87.57,Eastern Africa,East Africa,0.0,475.0,0.0,7.5396825396825395
Mauritius,2005,475.0,7539.7,63.0,87.57,Eastern Africa,East Africa,0.0,475.0,0.0,7.5396825396825395
Mauritius,2005,475.0,7539.7,63.0,87.57,Eastern Africa,East Africa,0.0,475.0,0.0,7.5396825396825395
Mauritius,2005,475.0,7539.7,63.0,87.57,Eastern Africa,East Africa,0.0,475.0,0.0,7.5396825396825395
Mauritius,2005,475.0,7539.7,63.0,87.57,Eastern Africa,East Africa,0.0,475.0,0.0,7.5396825396825395
Mauritius,2005,475.0,7539.7,63.0,87.57,Eastern Africa,East Africa,0.0,475.0,0.0,7.5396825396825395
Mauritius,2005,475.0,7539.7,63.0,87.57,Eastern Africa,East Africa,0.0,475.0,0.0,7.5396825396825395
Mauritius,2005,475.0,7539.7,63.0,87.57,Eastern Africa,East Africa,0.0,475.0,0.0,7.5396825396825395
Mauritius,2005,475.0,7539.7,63.0,87.57,Eastern Africa,East Africa,0.0,475.0,0.0,7.5396825396825395
Mauritius,2005,475.0,7539.7,63.0,87.57,Eastern Africa,East Africa,0.0,475.0,0.0,7.5396825396825395
Mauritius,2005,475.0,7539.7,63.0,87.57,Eastern Africa,East Africa,0.0,475.0,0.0,7.5396825396825395
Mauritius,2005,475.0,7539.7,63.0,87.57,Eastern Africa,East Africa,0.0,475.0,0.0,7.5396825396825395
Mauritius,2006,452.0,7793.1,58.0,90.52,Eastern Africa,East Africa,-4.842105263157892,467.3333333333333,-3.281027104136943,7.793103448275862
Mauritius,2006,452.0,7793.1,58.0,90.52,Eastern Africa,East Africa,0.0,459.6666666666667,-1.6678752719361898,7.793103448275862
Mauritius,2006,452.0,7793.1,58.0,90.52,Eastern Africa,East Africa,0.0,452.0,0.0,7.793103448275862
Mauritius,2006,452.0,7793.1,58.0,90.52,Eastern Africa,East Africa,0.0,452.0,0.0,7.793103448275862
Mauritius,2006,452.0,7793.1,58.0,90.52,Eastern Africa,East Africa,0.0,452.0,0.0,7.793103448275862
Mauritius,2006,452.0,7793.1,58.0,90.52,Eastern Africa,East Africa,0.0,452.0,0.0,7.793103448275862
Mauritius,2006,452.0,7793.1,58.0,90.52,Eastern Africa,East Africa,0.0,452.0,0.0,7.793103448275862
Mauritius,2006,452.0,7793.1,58.0,90.52,Eastern Africa,East Africa,0.0,452.0,0.0,7.793103448275862
Mauritius,2006,452.0,7793.1,58.0,90.52,Eastern Africa,East Africa,0.0,452.0,0.0,7.793103448275862
Mauritius,2006,452.0,7793.1,58.0,90.52,Eastern Africa,East Africa,0.0,452.0,0.0,7.793103448275862
Mauritius,2006,452.0,7793.1,58.0,90.52,Eastern Africa,East Africa,0.0,452.0,0.0,7.793103448275862
Mauritius,2006,452.0,7793.1,58.0,90.52,Eastern Africa,East Africa,0.0,452.0,0.0,7.793103448275862
Mauritius,2006,452.0,7793.1,58.0,90.52,Eastern Africa,East Africa,0.0,452.0,0.0,7.793103448275862
Mauritius,2006,452.0,7793.1,58.0,90.52,Eastern Africa,East Africa,0.0,452.0,0.0,7.793103448275862
Mauritius,2006,452.0,7793.1,58.0,90.52,Eastern Africa,East Africa,0.0,452.0,0.0,7.793103448275862
Mauritius,2006,452.0,7793.1,58.0,90.52,Eastern Africa,East Africa,0.0,452.0,0.0,7.793103448275862
Mauritius,2007,1133.0,10490.7,108.0,97.02,Eastern Africa,East Africa,150.6637168141593,679.0,66.86303387334314,10.49074074074074
Mauritius,2007,1133.0,10490.7,108.0,97.02,Eastern Africa,East Africa,0.0,906.0,25.055187637969095,10.49074074074074
Mauritius,2007,1133.0,10490.7,108.0,97.02,Eastern Africa,East Africa,0.0,1133.0,0.0,10.49074074074074
Mauritius,2007,1133.0,10490.7,108.0,97.02,Eastern Africa,East Africa,0.0,1133.0,0.0,10.49074074074074
Mauritius,2007,1133.0,9453.7,108.0,97.02,Eastern Africa,East Africa,0.0,1133.0,0.0,10.49074074074074
Mauritius,2007,1133.0,9453.7,108.0,97.02,Eastern Africa,East Africa,0.0,1133.0,0.0,10.49074074074074
Mauritius,2007,1133.0,9453.7,108.0,97.02,Eastern Africa,East Africa,0.0,1133.0,0.0,10.49074074074074
Mauritius,2007,1133.0,9453.7,108.0,97.02,Eastern Africa,East Africa,0.0,1133.0,0.0,10.49074074074074
Mauritius,2007,1021.0,10490.7,108.0,97.02,Eastern Africa,East Africa,-9.885260370697269,1095.6666666666667,-6.814724672954068,9.453703703703704
Mauritius,2007,1021.0,10490.7,108.0,97.02,Eastern Africa,East Africa,0.0,1058.3333333333333,-3.5275590551181035,9.453703703703704
Mauritius,2007,1021.0,10490.7,108.0,97.02,Eastern Africa,East Africa,0.0,1021.0,0.0,9.453703703703704
Mauritius,2007,1021.0,10490.7,108.0,97.02,Eastern Africa,East Africa,0.0,1021.0,0.0,9.453703703703704
Mauritius,2007,1021.0,9453.7,108.0,97.02,Eastern Africa,East Africa,0.0,1021.0,0.0,9.453703703703704
Mauritius,2007,1021.0,9453.7,108.0,97.02,Eastern Africa,East Africa,0.0,1021.0,0.0,9.453703703703704
Mauritius,2007,1021.0,9453.7,108.0,97.02,Eastern Africa,East Africa,0.0,1021.0,0.0,9.453703703703704
Mauritius,2007,1021.0,9453.7,108.0,97.02,Eastern Africa,East Africa,0.0,1021.0,0.0,9.453703703703704
Mauritius,2008,460.0,7541.0,61.0,102.94,Eastern Africa,East Africa,-54.94613124387855,834.0,-44.84412470023981,7.540983606557377
Mauritius,2008,460.0,7541.0,61.0,102.94,Eastern Africa,East Africa,0.0,647.0,-28.90262751159196,7.540983606557377
Mauritius,2008,460.0,7541.0,61.0,102.94,Eastern Africa,East Africa,0.0,460.0,0.0,7.540983606557377
Mauritius,2008,460.0,7541.0,61.0,102.94,Eastern Africa,East Africa,0.0,460.0,0.0,7.540983606557377
Mauritius,2008,460.0,7541.0,61.0,102.94,Eastern Africa,East Africa,0.0,460.0,0.0,7.540983606557377
Mauritius,2008,460.0,7541.0,61.0,102.94,Eastern Africa,East Africa,0.0,460.0,0.0,7.540983606557377
Mauritius,2008,460.0,7541.0,61.0,102.94,Eastern Africa,East Africa,0.0,460.0,0.0,7.540983606557377
Mauritius,2008,460.0,7541.0,61.0,102.94,Eastern Africa,East Africa,0.0,460.0,0.0,7.540983606557377
Mauritius,2008,460.0,7541.0,61.0,102.94,Eastern Africa,East Africa,0.0,460.0,0.0,7.540983606557377
Mauritius,2008,460.0,7541.0,61.0,102.94,Eastern Africa,East Africa,0.0,460.0,0.0,7.540983606557377
Mauritius,2008,460.0,7541.0,61.0,102.94,Eastern Africa,East Africa,0.0,460.0,0.0,7.540983606557377
Mauritius,2008,460.0,7541.0,61.0,102.94,Eastern Africa,East Africa,0.0,460.0,0.0,7.540983606557377
Mauritius,2008,460.0,7541.0,61.0,102.94,Eastern Africa,East Africa,0.0,460.0,0.0,7.540983606557377
Mauritius,2008,460.0,7541.0,61.0,102.94,Eastern Africa,East Africa,0.0,460.0,0.0,7.540983606557377
Mauritius,2008,460.0,7541.0,61.0,102.94,Eastern Africa,East Africa,0.0,460.0,0.0,7.540983606557377
Mauritius,2008,460.0,7541.0,61.0,102.94,Eastern Africa,East Africa,0.0,460.0,0.0,7.540983606557377
Mauritius,2009,112.0,8000.0,14.0,99.45,Eastern Africa,East Africa,-75.65217391304347,344.0,-67.44186046511628,8.0
Mauritius,2009,112.0,8000.0,14.0,99.45,Eastern Africa,East Africa,0.0,228.0,-50.877192982456144,8.0
Mauritius,2009,112.0,8000.0,14.0,99.45,Eastern Africa,East Africa,0.0,112.0,0.0,8.0
Mauritius,2009,112.0,8000.0,14.0,99.45,Eastern Africa,East Africa,0.0,112.0,0.0,8.0
Mauritius,2009,112.0,8000.0,14.0,99.45,Eastern Africa,East Africa,0.0,112.0,0.0,8.0
Mauritius,2009,112.0,8000.0,14.0,99.45,Eastern Africa,East Africa,0.0,112.0,0.0,8.0
Mauritius,2009,112.0,8000.0,14.0,99.45,Eastern Africa,East Africa,0.0,112.0,0.0,8.0
Mauritius,2009,112.0,8000.0,14.0,99.45,Eastern Africa,East Africa,0.0,112.0,0.0,8.0
Mauritius,2009,112.0,8000.0,14.0,99.45,Eastern Africa,East Africa,0.0,112.0,0.0,8.0
Mauritius,2009,112.0,8000.0,14.0,99.45,Eastern Africa,East Africa,0.0,112.0,0.0,8.0
Mauritius,2009,112.0,8000.0,14.0,99.45,Eastern Africa,East Africa,0.0,112.0,0.0,8.0
Mauritius,2009,112.0,8000.0,14.0,99.45,Eastern Africa,East Africa,0.0,112.0,0.0,8.0
Mauritius,2009,112.0,8000.0,14.0,99.45,Eastern Africa,East Africa,0.0,112.0,0.0,8.0
Mauritius,2009,112.0,8000.0,14.0,99.45,Eastern Africa,East Africa,0.0,112.0,0.0,8.0
Mauritius,2009,112.0,8000.0,14.0,99.45,Eastern Africa,East Africa,0.0,112.0,0.0,8.0
Mauritius,2009,112.0,8000.0,14.0,99.45,Eastern Africa,East Africa,0.0,112.0,0.0,8.0
Mauritius,2010,328.0,6833.3,48.0,97.02,Eastern Africa,East Africa,192.85714285714283,184.0,78.26086956521739,6.833333333333333
Mauritius,2010,328.0,6833.3,48.0,97.02,Eastern Africa,East Africa,0.0,256.0,28.125,6.833333333333333
Mauritius,2010,328.0,6833.3,48.0,97.02,Eastern Africa,East Africa,0.0,328.0,0.0,6.833333333333333
Mauritius,2010,328.0,6833.3,48.0,97.02,Eastern Africa,East Africa,0.0,328.0,0.0,6.833333333333333
Mauritius,2010,328.0,6833.3,48.0,97.02,Eastern Africa,East Africa,0.0,328.0,0.0,6.833333333333333
Mauritius,2010,328.0,6833.3,48.0,97.02,Eastern Africa,East Africa,0.0,328.0,0.0,6.833333333333333
Mauritius,2010,328.0,6833.3,48.0,97.02,Eastern Africa,East Africa,0.0,328.0,0.0,6.833333333333333
Mauritius,2010,328.0,6833.3,48.0,97.02,Eastern Africa,East Africa,0.0,328.0,0.0,6.833333333333333
Mauritius,2010,328.0,6833.3,48.0,97.02,Eastern Africa,East Africa,0.0,328.0,0.0,6.833333333333333
Mauritius,2010,328.0,6833.3,48.0,97.02,Eastern Africa,East Africa,0.0,328.0,0.0,6.833333333333333
Mauritius,2010,328.0,6833.3,48.0,97.02,Eastern Africa,East Africa,0.0,328.0,0.0,6.833333333333333
Mauritius,2010,328.0,6833.3,48.0,97.02,Eastern Africa,East Africa,0.0,328.0,0.0,6.833333333333333
Mauritius,2010,328.0,6833.3,48.0,97.02,Eastern Africa,East Africa,0.0,328.0,0.0,6.833333333333333
Mauritius,2010,328.0,6833.3,48.0,97.02,Eastern Africa,East Africa,0.0,328.0,0.0,6.833333333333333
Mauritius,2010,328.0,6833.3,48.0,97.02,Eastern Africa,East Africa,0.0,328.0,0.0,6.833333333333333
Mauritius,2010,328.0,6833.3,48.0,97.02,Eastern Africa,East Africa,0.0,328.0,0.0,6.833333333333333
Mauritius,2011,320.0,7441.9,43.0,102.07,Eastern Africa,East Africa,-2.4390243902439046,325.3333333333333,-1.6393442622950762,7.441860465116279
Mauritius,2011,320.0,7441.9,43.0,102.07,Eastern Africa,East Africa,0.0,322.6666666666667,-0.8264462809917413,7.441860465116279
Mauritius,2011,320.0,7441.9,43.0,102.07,Eastern Africa,East Africa,0.0,320.0,0.0,7.441860465116279
Mauritius,2011,320.0,7441.9,43.0,102.07,Eastern Africa,East Africa,0.0,320.0,0.0,7.441860465116279
Mauritius,2011,320.0,7441.9,43.0,102.07,Eastern Africa,East Africa,0.0,320.0,0.0,7.441860465116279
Mauritius,2011,320.0,7441.9,43.0,102.07,Eastern Africa,East Africa,0.0,320.0,0.0,7.441860465116279
Mauritius,2011,320.0,7441.9,43.0,102.07,Eastern Africa,East Africa,0.0,320.0,0.0,7.441860465116279
Mauritius,2011,320.0,7441.9,43.0,102.07,Eastern Africa,East Africa,0.0,320.0,0.0,7.441860465116279
Mauritius,2011,320.0,7441.9,43.0,102.07,Eastern Africa,East Africa,0.0,320.0,0.0,7.441860465116279
Mauritius,2011,320.0,7441.9,43.0,102.07,Eastern Africa,East Africa,0.0,320.0,0.0,7.441860465116279
Mauritius,2011,320.0,7441.9,43.0,102.07,Eastern Africa,East Africa,0.0,320.0,0.0,7.441860465116279
Mauritius,2011,320.0,7441.9,43.0,102.07,Eastern Africa,East Africa,0.0,320.0,0.0,7.441860465116279
Mauritius,2011,320.0,7441.9,43.0,102.07,Eastern Africa,East Africa,0.0,320.0,0.0,7.441860465116279
Mauritius,2011,320.0,7441.9,43.0,102.07,Eastern Africa,East Africa,0.0,320.0,0.0,7.441860465116279
Mauritius,2011,320.0,7441.9,43.0,102.07,Eastern Africa,East Africa,0.0,320.0,0.0,7.441860465116279
Mauritius,2011,320.0,7441.9,43.0,102.07,Eastern Africa,East Africa,0.0,320.0,0.0,7.441860465116279
Mauritius,2012,413.0,7120.7,58.0,106.15,Eastern Africa,East Africa,29.062499999999993,351.0,17.663817663817664,7.120689655172414
Mauritius,2012,413.0,7120.7,58.0,106.15,Eastern Africa,East Africa,0.0,382.0,8.115183246073299,7.120689655172414
Mauritius,2012,413.0,7120.7,58.0,106.15,Eastern Africa,East Africa,0.0,413.0,0.0,7.120689655172414
Mauritius,2012,413.0,7120.7,58.0,106.15,Eastern Africa,East Africa,0.0,413.0,0.0,7.120689655172414
Mauritius,2012,413.0,7120.7,58.0,106.15,Eastern Africa,East Africa,0.0,413.0,0.0,7.120689655172414
Mauritius,2012,413.0,7120.7,58.0,106.15,Eastern Africa,East Africa,0.0,413.0,0.0,7.120689655172414
Mauritius,2012,413.0,7120.7,58.0,106.15,Eastern Africa,East Africa,0.0,413.0,0.0,7.120689655172414
Mauritius,2012,413.0,7120.7,58.0,106.15,Eastern Africa,East Africa,0.0,413.0,0.0,7.120689655172414
Mauritius,2012,413.0,7120.7,58.0,106.15,Eastern Africa,East Africa,0.0,413.0,0.0,7.120689655172414
Mauritius,2012,413.0,7120.7,58.0,106.15,Eastern Africa,East Africa,0.0,413.0,0.0,7.120689655172414
Mauritius,2012,413.0,7120.7,58.0,106.15,Eastern Africa,East Africa,0.0,413.0,0.0,7.120689655172414
Mauritius,2012,413.0,7120.7,58.0,106.15,Eastern Africa,East Africa,0.0,413.0,0.0,7.120689655172414
Mauritius,2012,413.0,7120.7,58.0,106.15,Eastern Africa,East Africa,0.0,413.0,0.0,7.120689655172414
Mauritius,2012,413.0,7120.7,58.0,106.15,Eastern Africa,East Africa,0.0,413.0,0.0,7.120689655172414
Mauritius,2012,413.0,7120.7,58.0,106.15,Eastern Africa,East Africa,0.0,413.0,0.0,7.120689655172414
Mauritius,2012,413.0,7120.7,58.0,106.15,Eastern Africa,East Africa,0.0,413.0,0.0,7.120689655172414
Mauritius,2013,632.0,6795.7,93.0,109.55,Eastern Africa,East Africa,53.026634382566584,486.0,30.04115226337449,6.795698924731183
Mauritius,2013,632.0,6795.7,93.0,109.55,Eastern Africa,East Africa,0.0,559.0,13.059033989266547,6.795698924731183
Mauritius,2013,632.0,6795.7,93.0,109.55,Eastern Africa,East Africa,0.0,632.0,0.0,6.795698924731183
Mauritius,2013,632.0,6795.7,93.0,109.55,Eastern Africa,East Africa,0.0,632.0,0.0,6.795698924731183
Mauritius,2013,632.0,6795.7,93.0,109.55,Eastern Africa,East Africa,0.0,632.0,0.0,6.795698924731183
Mauritius,2013,632.0,6795.7,93.0,109.55,Eastern Africa,East Africa,0.0,632.0,0.0,6.795698924731183
Mauritius,2013,632.0,6795.7,93.0,109.55,Eastern Africa,East Africa,0.0,632.0,0.0,6.795698924731183
Mauritius,2013,632.0,6795.7,93.0,109.55,Eastern Africa,East Africa,0.0,632.0,0.0,6.795698924731183
Mauritius,2013,632.0,6795.7,93.0,109.55,Eastern Africa,East Africa,0.0,632.0,0.0,6.795698924731183
Mauritius,2013,632.0,6795.7,93.0,109.55,Eastern Africa,East Africa,0.0,632.0,0.0,6.795698924731183
Mauritius,2013,632.0,6795.7,93.0,109.55,Eastern Africa,East Africa,0.0,632.0,0.0,6.795698924731183
Mauritius,2013,632.0,6795.7,93.0,109.55,Eastern Africa,East Africa,0.0,632.0,0.0,6.795698924731183
Mauritius,2013,632.0,6795.7,93.0,109.55,Eastern Africa,East Africa,0.0,632.0,0.0,6.795698924731183
Mauritius,2013,632.0,6795.7,93.0,109.55,Eastern Africa,East Africa,0.0,632.0,0.0,6.795698924731183
Mauritius,2013,632.0,6795.7,93.0,109.55,Eastern Africa,East Africa,0.0,632.0,0.0,6.795698924731183
Mauritius,2013,632.0,6795.7,93.0,109.55,Eastern Africa,East Africa,0.0,632.0,0.0,6.795698924731183
Mauritius,2014,625.0,9058.0,69.0,100.8,Eastern Africa,East Africa,-1.1075949367088556,629.6666666666666,-0.741132874536786,9.057971014492754
Mauritius,2014,625.0,9058.0,69.0,100.8,Eastern Africa,East Africa,0.0,627.3333333333334,-0.3719447396386883,9.057971014492754
Mauritius,2014,625.0,9058.0,69.0,100.8,Eastern Africa,East Africa,0.0,625.0,0.0,9.057971014492754
Mauritius,2014,625.0,9058.0,69.0,100.8,Eastern Africa,East Africa,0.0,625.0,0.0,9.057971014492754
Mauritius,2014,625.0,9058.0,69.0,100.8,Eastern Africa,East Africa,0.0,625.0,0.0,9.057971014492754
Mauritius,2014,625.0,9058.0,69.0,100.8,Eastern Africa,East Africa,0.0,625.0,0.0,9.057971014492754
Mauritius,2014,625.0,9058.0,69.0,100.8,Eastern Africa,East Africa,0.0,625.0,0.0,9.057971014492754
Mauritius,2014,625.0,9058.0,69.0,100.8,Eastern Africa,East Africa,0.0,625.0,0.0,9.057971014492754
Mauritius,2014,625.0,9058.0,69.0,100.8,Eastern Africa,East Africa,0.0,625.0,0.0,9.057971014492754
Mauritius,2014,625.0,9058.0,69.0,100.8,Eastern Africa,East Africa,0.0,625.0,0.0,9.057971014492754
Mauritius,2014,625.0,9058.0,69.0,100.8,Eastern Africa,East Africa,0.0,625.0,0.0,9.057971014492754
Mauritius,2014,625.0,9058.0,69.0,100.8,Eastern Africa,East Africa,0.0,625.0,0.0,9.057971014492754
Mauritius,2014,625.0,9058.0,69.0,100.8,Eastern Africa,East Africa,0.0,625.0,0.0,9.057971014492754
Mauritius,2014,625.0,9058.0,69.0,100.8,Eastern Africa,East Africa,0.0,625.0,0.0,9.057971014492754
Mauritius,2014,625.0,9058.0,69.0,100.8,Eastern Africa,East Africa,0.0,625.0,0.0,9.057971014492754
Mauritius,2014,625.0,9058.0,69.0,100.8,Eastern Africa,East Africa,0.0,625.0,0.0,9.057971014492754
Mauritius,2015,451.0,6352.1,71.0,97.4,Eastern Africa,East Africa,-27.839999999999996,567.0,-20.458553791887123,6.352112676056338
Mauritius,2015,451.0,6352.1,71.0,97.4,Eastern Africa,East Africa,0.0,509.0,-11.394891944990176,6.352112676056338
Mauritius,2015,451.0,6352.1,71.0,97.4,Eastern Africa,East Africa,0.0,451.0,0.0,6.352112676056338
Mauritius,2015,451.0,6352.1,71.0,97.4,Eastern Africa,East Africa,0.0,451.0,0.0,6.352112676056338
Mauritius,2015,451.0,6352.1,71.0,97.4,Eastern Africa,East Africa,0.0,451.0,0.0,6.352112676056338
Mauritius,2015,451.0,6352.1,71.0,97.4,Eastern Africa,East Africa,0.0,451.0,0.0,6.352112676056338
Mauritius,2015,451.0,6352.1,71.0,97.4,Eastern Africa,East Africa,0.0,451.0,0.0,6.352112676056338
Mauritius,2015,451.0,6352.1,71.0,97.4,Eastern Africa,East Africa,0.0,451.0,0.0,6.352112676056338
Mauritius,2015,451.0,6352.1,71.0,97.4,Eastern Africa,East Africa,0.0,451.0,0.0,6.352112676056338
Mauritius,2015,451.0,6352.1,71.0,97.4,Eastern Africa,East Africa,0.0,451.0,0.0,6.352112676056338
Mauritius,2015,451.0,6352.1,71.0,97.4,Eastern Africa,East Africa,0.0,451.0,0.0,6.352112676056338
Mauritius,2015,451.0,6352.1,71.0,97.4,Eastern Africa,East Africa,0.0,451.0,0.0,6.352112676056338
Mauritius,2015,451.0,6352.1,71.0,97.4,Eastern Africa,East Africa,0.0,451.0,0.0,6.352112676056338
Mauritius,2015,451.0,6352.1,71.0,97.4,Eastern Africa,East Africa,0.0,451.0,0.0,6.352112676056338
Mauritius,2015,451.0,6352.1,71.0,97.4,Eastern Africa,East Africa,0.0,451.0,0.0,6.352112676056338
Mauritius,2015,451.0,6352.1,71.0,97.4,Eastern Africa,East Africa,0.0,451.0,0.0,6.352112676056338
Mauritius,2016,414.53,6773.4,61.0,101.8,Eastern Africa,East Africa,-8.086474501108654,438.8433333333333,-5.540321906830836,6.795573770491803
Mauritius,2016,414.53,6773.4,61.0,101.8,Eastern Africa,East Africa,0.0,426.68666666666667,-2.8490851991312973,6.795573770491803
Mauritius,2016,414.53,6773.4,61.0,101.8,Eastern Africa,East Africa,0.0,414.53,0.0,6.795573770491803
Mauritius,2016,414.53,6773.4,61.0,101.8,Eastern Africa,East Africa,0.0,414.53,0.0,6.795573770491803
Mauritius,2016,414.53,6803.3,61.0,101.8,Eastern Africa,East Africa,0.0,414.53,0.0,6.795573770491803
Mauritius,2016,414.53,6803.3,61.0,101.8,Eastern Africa,East Africa,0.0,414.53,0.0,6.795573770491803
Mauritius,2016,414.53,6803.3,61.0,101.8,Eastern Africa,East Africa,0.0,414.53,0.0,6.795573770491803
Mauritius,2016,414.53,6803.3,61.0,101.8,Eastern Africa,East Africa,0.0,414.53,0.0,6.795573770491803
Mauritius,2016,415.0,6773.4,61.0,101.8,Eastern Africa,East Africa,0.11338141992136563,414.68666666666667,0.07555905663713951,6.80327868852459
Mauritius,2016,415.0,6773.4,61.0,101.8,Eastern Africa,East Africa,0.0,414.8433333333333,0.037765260781185195,6.80327868852459
Mauritius,2016,415.0,6773.4,61.0,101.8,Eastern Africa,East Africa,0.0,415.0,0.0,6.80327868852459
Mauritius,2016,415.0,6773.4,61.0,101.8,Eastern Africa,East Africa,0.0,415.0,0.0,6.80327868852459
Mauritius,2016,415.0,6803.3,61.0,101.8,Eastern Africa,East Africa,0.0,415.0,0.0,6.80327868852459
Mauritius,2016,415.0,6803.3,61.0,101.8,Eastern Africa,East Africa,0.0,415.0,0.0,6.80327868852459
Mauritius,2016,415.0,6803.3,61.0,101.8,Eastern Africa,East Africa,0.0,415.0,0.0,6.80327868852459
Mauritius,2016,415.0,6803.3,61.0,101.8,Eastern Africa,East Africa,0.0,415.0,0.0,6.80327868852459
Mauritius,2017,442.0,7491.5,59.0,105.36,Eastern Africa,East Africa,6.506024096385543,424.0,4.245283018867925,7.491525423728813
Mauritius,2017,442.0,7491.5,59.0,105.36,Eastern Africa,East Africa,0.0,433.0,2.0785219399538106,7.491525423728813
Mauritius,2017,442.0,7491.5,59.0,105.36,Eastern Africa,East Africa,0.0,442.0,0.0,7.491525423728813
Mauritius,2017,442.0,7491.5,59.0,105.36,Eastern Africa,East Africa,0.0,442.0,0.0,7.491525423728813
Mauritius,2017,442.0,7491.5,59.0,105.36,Eastern Africa,East Africa,0.0,442.0,0.0,7.491525423728813
Mauritius,2017,442.0,7491.5,59.0,105.36,Eastern Africa,East Africa,0.0,442.0,0.0,7.491525423728813
Mauritius,2017,442.0,7491.5,59.0,105.36,Eastern Africa,East Africa,0.0,442.0,0.0,7.491525423728813
Mauritius,2017,442.0,7491.5,59.0,105.36,Eastern Africa,East Africa,0.0,442.0,0.0,7.491525423728813
Mauritius,2017,442.0,7491.5,59.0,105.36,Eastern Africa,East Africa,0.0,442.0,0.0,7.491525423728813
Mauritius,2017,442.0,7491.5,59.0,105.36,Eastern Africa,East Africa,0.0,442.0,0.0,7.491525423728813
Mauritius,2017,442.0,7491.5,59.0,105.36,Eastern Africa,East Africa,0.0,442.0,0.0,7.491525423728813
Mauritius,2017,442.0,7491.5,59.0,105.36,Eastern Africa,East Africa,0.0,442.0,0.0,7.491525423728813
Mauritius,2017,442.0,7491.5,59.0,105.36,Eastern Africa,East Africa,0.0,442.0,0.0,7.491525423728813
Mauritius,2017,442.0,7491.5,59.0,105.36,Eastern Africa,East Africa,0.0,442.0,0.0,7.491525423728813
Mauritius,2017,442.0,7491.5,59.0,105.36,Eastern Africa,East Africa,0.0,442.0,0.0,7.491525423728813
Mauritius,2017,442.0,7491.5,59.0,105.36,Eastern Africa,East Africa,0.0,442.0,0.0,7.491525423728813
Mauritius,2018,387.0,6046.9,64.0,104.42,Eastern Africa,East Africa,-12.44343891402715,423.6666666666667,-8.654602675059014,6.046875
Mauritius,2018,387.0,6046.9,64.0,104.42,Eastern Africa,East Africa,0.0,405.3333333333333,-4.523026315789469,6.046875
Mauritius,2018,387.0,6046.9,64.0,104.42,Eastern Africa,East Africa,0.0,387.0,0.0,6.046875
Mauritius,2018,387.0,6046.9,64.0,104.42,Eastern Africa,East Africa,0.0,387.0,0.0,6.046875
Mauritius,2018,387.0,6046.9,64.0,104.42,Eastern Africa,East Africa,0.0,387.0,0.0,6.046875
Mauritius,2018,387.0,6046.9,64.0,104.42,Eastern Africa,East Africa,0.0,387.0,0.0,6.046875
Mauritius,2018,387.0,6046.9,64.0,104.42,Eastern Africa,East Africa,0.0,387.0,0.0,6.046875
Mauritius,2018,387.0,6046.9,64.0,104.42,Eastern Africa,East Africa,0.0,387.0,0.0,6.046875
Mauritius,2018,387.0,6046.9,64.0,104.42,Eastern Africa,East Africa,0.0,387.0,0.0,6.046875
Mauritius,2018,387.0,6046.9,64.0,104.42,Eastern Africa,East Africa,0.0,387.0,0.0,6.046875
Mauritius,2018,387.0,6046.9,64.0,104.42,Eastern Africa,East Africa,0.0,387.0,0.0,6.046875
Mauritius,2018,387.0,6046.9,64.0,104.42,Eastern Africa,East Africa,0.0,387.0,0.0,6.046875
Mauritius,2018,387.0,6046.9,64.0,104.42,Eastern Africa,East Africa,0.0,387.0,0.0,6.046875
Mauritius,2018,387.0,6046.9,64.0,104.42,Eastern Africa,East Africa,0.0,387.0,0.0,6.046875
Mauritius,2018,387.0,6046.9,64.0,104.42,Eastern Africa,East Africa,0.0,387.0,0.0,6.046875
Mauritius,2018,387.0,6046.9,64.0,104.42,Eastern Africa,East Africa,0.0,387.0,0.0,6.046875
Mauritius,2019,495.0,7173.9,69.0,104.6,Eastern Africa,East Africa,27.906976744186053,423.0,17.02127659574468,7.173913043478261
Mauritius,2019,495.0,7173.9,69.0,106.81,Eastern Africa,East Africa,0.0,459.0,7.8431372549019605,7.173913043478261
Mauritius,2019,495.0,7173.9,69.0,104.6,Eastern Africa,East Africa,0.0,495.0,0.0,7.173913043478261
Mauritius,2019,495.0,7173.9,69.0,106.81,Eastern Africa,East Africa,0.0,495.0,0.0,7.173913043478261
Mauritius,2019,495.0,7173.9,69.0,104.6,Eastern Africa,East Africa,0.0,495.0,0.0,7.173913043478261
Mauritius,2019,495.0,7173.9,69.0,106.81,Eastern Africa,East Africa,0.0,495.0,0.0,7.173913043478261
Mauritius,2019,495.0,7173.9,69.0,104.6,Eastern Africa,East Africa,0.0,495.0,0.0,7.173913043478261
Mauritius,2019,495.0,7173.9,69.0,106.81,Eastern Africa,East Africa,0.0,495.0,0.0,7.173913043478261
Mauritius,2019,495.0,7173.9,69.0,104.6,Eastern Africa,East Africa,0.0,495.0,0.0,7.173913043478261
Mauritius,2019,495.0,7173.9,69.0,106.81,Eastern Africa,East Africa,0.0,495.0,0.0,7.173913043478261
Mauritius,2019,495.0,7173.9,69.0,104.6,Eastern Africa,East Africa,0.0,495.0,0.0,7.173913043478261
Mauritius,2019,495.0,7173.9,69.0,106.81,Eastern Africa,East Africa,0.0,495.0,0.0,7.173913043478261
Mauritius,2019,495.0,7173.9,69.0,104.6,Eastern Africa,East Africa,0.0,495.0,0.0,7.173913043478261
Mauritius,2019,495.0,7173.9,69.0,106.81,Eastern Africa,East Africa,0.0,495.0,0.0,7.173913043478261
Mauritius,2019,495.0,7173.9,69.0,104.6,Eastern Africa,East Africa,0.0,495.0,0.0,7.173913043478261
Mauritius,2019,495.0,7173.9,69.0,106.81,Eastern Africa,East Africa,0.0,495.0,0.0,7.173913043478261
Mauritius,2020,778.0,8942.5,87.0,97.94,Eastern Africa,East Africa,57.17171717171716,589.3333333333334,32.01357466063347,8.942528735632184
Mauritius,2020,778.0,8942.5,87.0,100.31,Eastern Africa,East Africa,0.0,683.6666666666666,13.798147245246229,8.942528735632184
Mauritius,2020,778.0,8942.5,87.0,97.94,Eastern Africa,East Africa,0.0,778.0,0.0,8.942528735632184
Mauritius,2020,778.0,8942.5,87.0,100.31,Eastern Africa,East Africa,0.0,778.0,0.0,8.942528735632184
Mauritius,2020,778.0,8942.5,87.0,97.94,Eastern Africa,East Africa,0.0,778.0,0.0,8.942528735632184
Mauritius,2020,778.0,8942.5,87.0,100.31,Eastern Africa,East Africa,0.0,778.0,0.0,8.942528735632184
Mauritius,2020,778.0,8942.5,87.0,97.94,Eastern Africa,East Africa,0.0,778.0,0.0,8.942528735632184
Mauritius,2020,778.0,8942.5,87.0,100.31,Eastern Africa,East Africa,0.0,778.0,0.0,8.942528735632184
Mauritius,2020,778.0,8942.5,87.0,97.94,Eastern Africa,East Africa,0.0,778.0,0.0,8.942528735632184
Mauritius,2020,778.0,8942.5,87.0,100.31,Eastern Africa,East Africa,0.0,778.0,0.0,8.942528735632184
Mauritius,2020,778.0,8942.5,87.0,97.94,Eastern Africa,East Africa,0.0,778.0,0.0,8.942528735632184
Mauritius,2020,778.0,8942.5,87.0,100.31,Eastern Africa,East Africa,0.0,778.0,0.0,8.942528735632184
Mauritius,2020,778.0,8942.5,87.0,97.94,Eastern Africa,East Africa,0.0,778.0,0.0,8.942528735632184
Mauritius,2020,778.0,8942.5,87.0,100.31,Eastern Africa,East Africa,0.0,778.0,0.0,8.942528735632184
Mauritius,2020,778.0,8942.5,87.0,97.94,Eastern Africa,East Africa,0.0,778.0,0.0,8.942528735632184
Mauritius,2020,778.0,8942.5,87.0,100.31,Eastern Africa,East Africa,0.0,778.0,0.0,8.942528735632184
Mauritius,2021,1106.0,8640.6,128.0,95.77,Eastern Africa,East Africa,42.15938303341902,887.3333333333334,24.643125469571743,8.640625
Mauritius,2021,1106.0,8640.6,128.0,100.37,Eastern Africa,East Africa,0.0,996.6666666666666,10.969899665551845,8.640625
Mauritius,2021,1106.0,8640.6,128.0,95.77,Eastern Africa,East Africa,0.0,1106.0,0.0,8.640625
Mauritius,2021,1106.0,8640.6,128.0,100.37,Eastern Africa,East Africa,0.0,1106.0,0.0,8.640625
Mauritius,2021,1106.0,8640.6,128.0,95.77,Eastern Africa,East Africa,0.0,1106.0,0.0,8.640625
Mauritius,2021,1106.0,8640.6,128.0,100.37,Eastern Africa,East Africa,0.0,1106.0,0.0,8.640625
Mauritius,2021,1106.0,8640.6,128.0,95.77,Eastern Africa,East Africa,0.0,1106.0,0.0,8.640625
Mauritius,2021,1106.0,8640.6,128.0,100.37,Eastern Africa,East Africa,0.0,1106.0,0.0,8.640625
Mauritius,2021,1106.0,8640.6,128.0,95.77,Eastern Africa,East Africa,0.0,1106.0,0.0,8.640625
Mauritius,2021,1106.0,8640.6,128.0,100.37,Eastern Africa,East Africa,0.0,1106.0,0.0,8.640625
Mauritius,2021,1106.0,8640.6,128.0,95.77,Eastern Africa,East Africa,0.0,1106.0,0.0,8.640625
Mauritius,2021,1106.0,8640.6,128.0,100.37,Eastern Africa,East Africa,0.0,1106.0,0.0,8.640625
Mauritius,2021,1106.0,8640.6,128.0,95.77,Eastern Africa,East Africa,0.0,1106.0,0.0,8.640625
Mauritius,2021,1106.0,8640.6,128.0,100.37,Eastern Africa,East Africa,0.0,1106.0,0.0,8.640625
Mauritius,2021,1106.0,8640.6,128.0,95.77,Eastern Africa,East Africa,0.0,1106.0,0.0,8.640625
Mauritius,2021,1106.0,8640.6,128.0,100.37,Eastern Africa,East Africa,0.0,1106.0,0.0,8.640625
Mauritius,2022,823.1,9300.6,89.0,113.39,Eastern Africa,East Africa,-25.57866184448463,1011.6999999999999,-18.641889888306803,9.248314606741573
Mauritius,2022,823.1,9300.6,89.0,103.21,Eastern Africa,East Africa,0.0,917.4,-10.279049487682576,9.248314606741573
Mauritius,2022,823.1,9300.6,89.0,113.39,Eastern Africa,East Africa,0.0,823.1,0.0,9.248314606741573
Mauritius,2022,823.1,9300.6,89.0,103.21,Eastern Africa,East Africa,0.0,823.1,0.0,9.248314606741573
Mauritius,2022,823.1,9300.6,89.0,113.39,Eastern Africa,East Africa,0.0,823.1,0.0,9.248314606741573
Mauritius,2022,823.1,9300.6,89.0,103.21,Eastern Africa,East Africa,0.0,823.1,0.0,9.248314606741573
Mauritius,2022,823.1,9300.6,89.0,113.39,Eastern Africa,East Africa,0.0,823.1,0.0,9.248314606741573
Mauritius,2022,823.1,9300.6,89.0,103.21,Eastern Africa,East Africa,0.0,823.1,0.0,9.248314606741573
Mauritius,2022,823.1,9300.6,89.0,113.39,Eastern Africa,East Africa,0.0,823.1,0.0,9.248314606741573
Mauritius,2022,823.1,9300.6,89.0,103.21,Eastern Africa,East Africa,0.0,823.1,0.0,9.248314606741573
Mauritius,2022,823.1,9300.6,89.0,113.39,Eastern Africa,East Africa,0.0,823.1,0.0,9.248314606741573
Mauritius,2022,823.1,9300.6,89.0,103.21,Eastern Africa,East Africa,0.0,823.1,0.0,9.248314606741573
Mauritius,2022,823.1,9300.6,89.0,113.39,Eastern Africa,East Africa,0.0,823.1,0.0,9.248314606741573
Mauritius,2022,823.1,9300.6,89.0,103.21,Eastern Africa,East Africa,0.0,823.1,0.0,9.248314606741573
Mauritius,2022,823.1,9300.6,89.0,113.39,Eastern Africa,East Africa,0.0,823.1,0.0,9.248314606741573
Mauritius,2022,823.1,9300.6,89.0,103.21,Eastern Africa,East Africa,0.0,823.1,0.0,9.248314606741573
Mauritius,2023,1501.5,11630.5,129.0,117.97,Eastern Africa,East Africa,82.42011906208238,1049.2333333333333,43.104488991962384,11.63953488372093
Mauritius,2023,1501.5,11630.5,129.0,105.9,Eastern Africa,East Africa,0.0,1275.3666666666668,17.730848644834154,11.63953488372093
Mauritius,2023,1501.5,11630.5,129.0,117.97,Eastern Africa,East Africa,0.0,1501.5,0.0,11.63953488372093
Mauritius,2023,1501.5,11630.5,129.0,105.9,Eastern Africa,East Africa,0.0,1501.5,0.0,11.63953488372093
Mauritius,2023,1501.5,11630.5,129.0,117.97,Eastern Africa,East Africa,0.0,1501.5,0.0,11.63953488372093
Mauritius,2023,1501.5,11630.5,129.0,105.9,Eastern Africa,East Africa,0.0,1501.5,0.0,11.63953488372093
Mauritius,2023,1501.5,11630.5,129.0,117.97,Eastern Africa,East Africa,0.0,1501.5,0.0,11.63953488372093
Mauritius,2023,1501.5,11630.5,129.0,105.9,Eastern Africa,East Africa,0.0,1501.5,0.0,11.63953488372093
Mauritius,2023,1501.5,11630.5,129.0,117.97,Eastern Africa,East Africa,0.0,1501.5,0.0,11.63953488372093
Mauritius,2023,1501.5,11630.5,129.0,105.9,Eastern Africa,East Africa,0.0,1501.5,0.0,11.63953488372093
Mauritius,2023,1501.5,11630.5,129.0,117.97,Eastern Africa,East Africa,0.0,1501.5,0.0,11.63953488372093
Mauritius,2023,1501.5,11630.5,129.0,105.9,Eastern Africa,East Africa,0.0,1501.5,0.0,11.63953488372093
Mauritius,2023,1501.5,11630.5,129.0,117.97,Eastern Africa,East Africa,0.0,1501.5,0.0,11.63953488372093
Mauritius,2023,1501.5,11630.5,129.0,105.9,Eastern Africa,East Africa,0.0,1501.5,0.0,11.63953488372093
Mauritius,2023,1501.5,11630.5,129.0,117.97,Eastern Africa,East Africa,0.0,1501.5,0.0,11.63953488372093
Mauritius,2023,1501.5,11630.5,129.0,105.9,Eastern Africa,East Africa,0.0,1501.5,0.0,11.63953488372093
Mauritius,2024,1288.9,11890.2,108.0,121.97,Eastern Africa,East Africa,-14.159174159174148,1430.6333333333332,-9.90703418066589,11.93425925925926
Mauritius,2024,1288.9,11890.2,108.0,106.95,Eastern Africa,East Africa,0.0,1359.7666666666667,-5.211678474248025,11.93425925925926
Mauritius,2024,1288.9,11890.2,108.0,121.97,Eastern Africa,East Africa,0.0,1288.9,0.0,11.93425925925926
Mauritius,2024,1288.9,11890.2,108.0,106.95,Eastern Africa,East Africa,0.0,1288.9,0.0,11.93425925925926
Mauritius,2024,1288.9,11890.2,108.0,121.97,Eastern Africa,East Africa,0.0,1288.9,0.0,11.93425925925926
Mauritius,2024,1288.9,11890.2,108.0,106.95,Eastern Africa,East Africa,0.0,1288.9,0.0,11.93425925925926
Mauritius,2024,1288.9,11890.2,108.0,121.97,Eastern Africa,East Africa,0.0,1288.9,0.0,11.93425925925926
Mauritius,2024,1288.9,11890.2,108.0,106.95,Eastern Africa,East Africa,0.0,1288.9,0.0,11.93425925925926
Mauritius,2024,1288.9,11890.2,108.0,121.97,Eastern Africa,East Africa,0.0,1288.9,0.0,11.93425925925926
Mauritius,2024,1288.9,11890.2,108.0,106.95,Eastern Africa,East Africa,0.0,1288.9,0.0,11.93425925925926
Mauritius,2024,1288.9,11890.2,108.0,121.97,Eastern Africa,East Africa,0.0,1288.9,0.0,11.93425925925926
Mauritius,2024,1288.9,11890.2,108.0,106.95,Eastern Africa,East Africa,0.0,1288.9,0.0,11.93425925925926
Mauritius,2024,1288.9,11890.2,108.0,121.97,Eastern Africa,East Africa,0.0,1288.9,0.0,11.93425925925926
Mauritius,2024,1288.9,11890.2,108.0,106.95,Eastern Africa,East Africa,0.0,1288.9,0.0,11.93425925925926
Mauritius,2024,1288.9,11890.2,108.0,121.97,Eastern Africa,East Africa,0.0,1288.9,0.0,11.93425925925926
Mauritius,2024,1288.9,11890.2,108.0,106.95,Eastern Africa,East Africa,0.0,1288.9,0.0,11.93425925925926
Morocco,2000,95000.0,400.0,237500.0,2370.0,Northern Africa,North Africa,,95000.0,0.0,0.4
Morocco,2000,95000.0,400.0,237500.0,2370.0,Northern Africa,North Africa,0.0,95000.0,0.0,0.4
Morocco,2000,95000.0,400.0,237500.0,223.0,Northern Africa,North Africa,0.0,95000.0,0.0,0.4
Morocco,2000,95000.0,400.0,237500.0,95.44,Northern Africa,North Africa,0.0,95000.0,0.0,0.4
Morocco,2000,675.0,400.0,237500.0,2370.0,Northern Africa,North Africa,-99.28947368421052,63558.333333333336,-98.93798347974302,0.002842105263157895
Morocco,2000,675.0,400.0,237500.0,2370.0,Northern Africa,North Africa,0.0,32116.666666666668,-97.89828749351324,0.002842105263157895
Morocco,2000,675.0,400.0,237500.0,223.0,Northern Africa,North Africa,0.0,675.0,0.0,0.002842105263157895
Morocco,2000,675.0,400.0,237500.0,95.44,Northern Africa,North Africa,0.0,675.0,0.0,0.002842105263157895
Morocco,2001,53560.0,210.7,254200.0,2240.0,Northern Africa,North Africa,7834.814814814816,18303.333333333332,192.62429429976328,0.2107002360346184
Morocco,2001,53560.0,210.7,254200.0,2240.0,Northern Africa,North Africa,0.0,35931.666666666664,49.06071710190641,0.2107002360346184
Morocco,2001,53560.0,210.7,254200.0,198.2,Northern Africa,North Africa,0.0,53560.0,0.0,0.2107002360346184
Morocco,2001,53560.0,210.7,254200.0,90.2,Northern Africa,North Africa,0.0,53560.0,0.0,0.2107002360346184
Morocco,2001,675.0,210.7,254200.0,2240.0,Northern Africa,North Africa,-98.73973114264376,35931.666666666664,-98.1214342038128,0.0026553894571203778
Morocco,2001,675.0,210.7,254200.0,2240.0,Northern Africa,North Africa,0.0,18303.333333333332,-96.31214714988162,0.0026553894571203778
Morocco,2001,675.0,210.7,254200.0,198.2,Northern Africa,North Africa,0.0,675.0,0.0,0.0026553894571203778
Morocco,2001,675.0,210.7,254200.0,90.2,Northern Africa,North Africa,0.0,675.0,0.0,0.0026553894571203778
Morocco,2002,198880.0,749.4,265400.0,2070.0,Northern Africa,North Africa,29363.703703703704,66743.33333333333,197.97732607501376,0.7493594574227581
Morocco,2002,198880.0,749.4,265400.0,2070.0,Northern Africa,North Africa,0.0,132811.66666666666,49.745880758467514,0.7493594574227581
Morocco,2002,198880.0,749.4,265400.0,187.8,Northern Africa,North Africa,0.0,198880.0,0.0,0.7493594574227581
Morocco,2002,198880.0,749.4,265400.0,83.36,Northern Africa,North Africa,0.0,198880.0,0.0,0.7493594574227581
Morocco,2002,675.0,749.4,265400.0,2070.0,Northern Africa,North Africa,-99.66059935639582,132811.66666666666,-99.491761516935,0.002543330821401658
Morocco,2002,675.0,749.4,265400.0,2070.0,Northern Africa,North Africa,0.0,66743.33333333333,-98.98866303750687,0.002543330821401658
Morocco,2002,675.0,749.4,265400.0,187.8,Northern Africa,North Africa,0.0,675.0,0.0,0.002543330821401658
Morocco,2002,675.0,749.4,265400.0,83.36,Northern Africa,North Africa,0.0,675.0,0.0,0.002543330821401658
Morocco,2003,138580.0,561.7,246700.0,1920.0,Northern Africa,North Africa,20430.37037037037,46643.333333333336,197.10569570499533,0.561734900689096
Morocco,2003,138580.0,561.7,246700.0,1920.0,Northern Africa,North Africa,0.0,92611.66666666667,49.63557507153526,0.561734900689096
Morocco,2003,138580.0,561.7,246700.0,200.5,Northern Africa,North Africa,0.0,138580.0,0.0,0.561734900689096
Morocco,2003,138580.0,561.7,246700.0,77.32,Northern Africa,North Africa,0.0,138580.0,0.0,0.561734900689096
Morocco,2003,675.0,561.7,246700.0,1920.0,Northern Africa,North Africa,-99.5129167268004,92611.66666666667,-99.27115014307053,0.0027361167409809487
Morocco,2003,675.0,561.7,246700.0,1920.0,Northern Africa,North Africa,0.0,46643.333333333336,-98.55284785249768,0.0027361167409809487
Morocco,2003,675.0,561.7,246700.0,200.5,Northern Africa,North Africa,0.0,675.0,0.0,0.0027361167409809487
Morocco,2003,675.0,561.7,246700.0,77.32,Northern Africa,North Africa,0.0,675.0,0.0,0.0027361167409809487
Morocco,2004,224130.0,915.2,244900.0,1970.0,Northern Africa,North Africa,33104.444444444445,75160.0,198.20383182543907,0.9151898734177215
Morocco,2004,224130.0,915.2,244900.0,1970.0,Northern Africa,North Africa,0.0,149645.0,49.77446623676033,0.9151898734177215
Morocco,2004,224130.0,915.2,244900.0,222.1,Northern Africa,North Africa,0.0,224130.0,0.0,0.9151898734177215
Morocco,2004,224130.0,915.2,244900.0,79.33,Northern Africa,North Africa,0.0,224130.0,0.0,0.9151898734177215
Morocco,2004,675.0,915.2,244900.0,1970.0,Northern Africa,North Africa,-99.69883549725606,149645.0,-99.54893247352067,0.0027562270314414046
Morocco,2004,675.0,915.2,244900.0,1970.0,Northern Africa,North Africa,0.0,75160.0,-99.10191591271953,0.0027562270314414046
Morocco,2004,675.0,915.2,244900.0,222.1,Northern Africa,North Africa,0.0,675.0,0.0,0.0027562270314414046
Morocco,2004,675.0,915.2,244900.0,79.33,Northern Africa,North Africa,0.0,675.0,0.0,0.0027562270314414046
Morocco,2005,50120.0,203.6,246200.0,2000.0,Northern Africa,North Africa,7325.185185185185,17156.666666666668,192.13133864387018,0.20357432981316004
Morocco,2005,50120.0,203.6,246200.0,2000.0,Northern Africa,North Africa,0.0,33638.333333333336,48.99668037457265,0.20357432981316004
Morocco,2005,50120.0,203.6,246200.0,225.6,Northern Africa,North Africa,0.0,50120.0,0.0,0.20357432981316004
Morocco,2005,50120.0,203.6,246200.0,80.54,Northern Africa,North Africa,0.0,50120.0,0.0,0.20357432981316004
Morocco,2005,675.0,203.6,246200.0,2000.0,Northern Africa,North Africa,-98.65323224261772,33638.333333333336,-97.99336074914532,0.0027416734362307065
Morocco,2005,675.0,203.6,246200.0,2000.0,Northern Africa,North Africa,0.0,17156.666666666668,-96.0656693219351,0.0027416734362307065
Morocco,2005,675.0,203.6,246200.0,225.6,Northern Africa,North Africa,0.0,675.0,0.0,0.0027416734362307065
Morocco,2005,675.0,203.6,246200.0,80.54,Northern Africa,North Africa,0.0,675.0,0.0,0.0027416734362307065
Morocco,2006,297380.0,1219.8,243800.0,1860.0,Northern Africa,North Africa,43956.29629629629,99576.66666666667,198.64426070364541,1.2197703035274816
Morocco,2006,297380.0,1219.8,243800.0,1860.0,Northern Africa,North Africa,0.0,198478.33333333334,49.829956250472335,1.2197703035274816
Morocco,2006,297380.0,1219.8,243800.0,211.5,Northern Africa,North Africa,0.0,297380.0,0.0,1.2197703035274816
Morocco,2006,297380.0,1219.8,243800.0,74.9,Northern Africa,North Africa,0.0,297380.0,0.0,1.2197703035274816
Morocco,2006,675.0,1219.8,243800.0,1860.0,Northern Africa,North Africa,-99.77301768780684,198478.33333333334,-99.65991250094469,0.0027686628383921247
Morocco,2006,675.0,1219.8,243800.0,1860.0,Northern Africa,North Africa,0.0,99576.66666666667,-99.32213035182271,0.0027686628383921247
Morocco,2006,675.0,1219.8,243800.0,211.5,Northern Africa,North Africa,0.0,675.0,0.0,0.0027686628383921247
Morocco,2006,675.0,1219.8,243800.0,74.9,Northern Africa,North Africa,0.0,675.0,0.0,0.0027686628383921247
Morocco,2007,94860.0,415.5,228300.0,2470.0,Northern Africa,North Africa,13953.333333333334,32070.0,195.79045837231058,0.41550591327201053
Morocco,2007,94860.0,415.5,228300.0,2470.0,Northern Africa,North Africa,0.0,63465.0,49.4682108248641,0.41550591327201053
Morocco,2007,94860.0,415.5,228300.0,301.5,Northern Africa,North Africa,0.0,94860.0,0.0,0.41550591327201053
Morocco,2007,94860.0,415.5,228300.0,99.46,Northern Africa,North Africa,0.0,94860.0,0.0,0.41550591327201053
Morocco,2007,675.0,415.5,228300.0,2470.0,Northern Africa,North Africa,-99.28842504743834,63465.0,-98.9364216497282,0.002956636005256242
Morocco,2007,675.0,415.5,228300.0,2470.0,Northern Africa,North Africa,0.0,32070.0,-97.89522918615529,0.002956636005256242
Morocco,2007,675.0,415.5,228300.0,301.5,Northern Africa,North Africa,0.0,675.0,0.0,0.002956636005256242
Morocco,2007,675.0,415.5,228300.0,99.46,Northern Africa,North Africa,0.0,675.0,0.0,0.002956636005256242
Morocco,2008,120950.0,551.5,219300.0,3090.0,Northern Africa,North Africa,17818.51851851852,40766.666666666664,196.68847097301722,0.5515275877792978
Morocco,2008,120950.0,551.5,219300.0,3090.0,Northern Africa,North Africa,0.0,80858.33333333333,49.58260331856128,0.5515275877792978
Morocco,2008,120950.0,551.5,219300.0,398.7,Northern Africa,North Africa,0.0,120950.0,0.0,0.5515275877792978
Morocco,2008,120950.0,551.5,219300.0,124.43,Northern Africa,North Africa,0.0,120950.0,0.0,0.5515275877792978
Morocco,2008,675.0,551.5,219300.0,3090.0,Northern Africa,North Africa,-99.44191814799504,80858.33333333333,-99.16520663712254,0.0030779753761969904
Morocco,2008,675.0,551.5,219300.0,3090.0,Northern Africa,North Africa,0.0,40766.666666666664,-98.34423548650858,0.0030779753761969904
Morocco,2008,675.0,551.5,219300.0,398.7,Northern Africa,North Africa,0.0,675.0,0.0,0.0030779753761969904
Morocco,2008,675.0,551.5,219300.0,124.43,Northern Africa,North Africa,0.0,675.0,0.0,0.0030779753761969904
Morocco,2009,204520.0,915.1,223500.0,2190.0,Northern Africa,North Africa,30199.25925925926,68623.33333333333,198.03273910720364,0.9150782997762864
Morocco,2009,204520.0,915.1,223500.0,2190.0,Northern Africa,North Africa,0.0,136571.66666666666,49.75287699986577,0.9150782997762864
Morocco,2009,204520.0,915.1,223500.0,271.8,Northern Africa,North Africa,0.0,204520.0,0.0,0.9150782997762864
Morocco,2009,204520.0,915.1,223500.0,88.19,Northern Africa,North Africa,0.0,204520.0,0.0,0.9150782997762864
Morocco,2009,675.0,915.1,223500.0,2190.0,Northern Africa,North Africa,-99.66995892822219,136571.66666666666,-99.50575399973151,0.0030201342281879194
Morocco,2009,675.0,915.1,223500.0,2190.0,Northern Africa,North Africa,0.0,68623.33333333333,-99.01636955360179,0.0030201342281879194
Morocco,2009,675.0,915.1,223500.0,271.8,Northern Africa,North Africa,0.0,675.0,0.0,0.0030201342281879194
Morocco,2009,675.0,915.1,223500.0,88.19,Northern Africa,North Africa,0.0,675.0,0.0,0.0030201342281879194
Morocco,2010,279150.0,1213.2,230100.0,2160.0,Northern Africa,North Africa,41255.555555555555,93500.0,198.55614973262033,1.213168187744459
Morocco,2010,279150.0,1213.2,230100.0,2160.0,Northern Africa,North Africa,0.0,186325.0,49.81886488662284,1.213168187744459
Morocco,2010,279150.0,1213.2,230100.0,256.6,Northern Africa,North Africa,0.0,279150.0,0.0,1.213168187744459
Morocco,2010,279150.0,1213.2,230100.0,86.98,Northern Africa,North Africa,0.0,279150.0,0.0,1.213168187744459
Morocco,2010,748.57,1213.2,230100.0,2160.0,Northern Africa,North Africa,-99.73183951280673,186349.52333333332,-99.59829787240132,0.0032532377227292484
Morocco,2010,748.57,1213.2,230100.0,2160.0,Northern Africa,North Africa,0.0,93549.04666666668,-99.19981012455712,0.0032532377227292484
Morocco,2010,748.57,1213.2,230100.0,256.6,Northern Africa,North Africa,0.0,748.57,0.0,0.0032532377227292484
Morocco,2010,748.57,1213.2,230100.0,86.98,Northern Africa,North Africa,0.0,748.57,0.0,0.0032532377227292484
Morocco,2011,221298.0,1153.3,191880.0,2420.0,Northern Africa,North Africa,29462.76634115714,74265.04666666668,197.98405835962126,1.1533145716072546
Morocco,2011,221298.0,1153.3,191880.0,2420.0,Northern Africa,North Africa,0.0,147781.52333333335,49.74673085541568,1.1533145716072546
Morocco,2011,221298.0,1153.3,191880.0,299.1,Northern Africa,North Africa,0.0,221298.0,0.0,1.1533145716072546
Morocco,2011,221298.0,1153.3,191880.0,97.45,Northern Africa,North Africa,0.0,221298.0,0.0,1.1533145716072546
Morocco,2011,607.83,1153.3,191880.0,2420.0,Northern Africa,North Africa,-99.72533416479136,147734.61000000002,-99.58856628111721,0.00316776110068793
Morocco,2011,607.83,1153.3,191880.0,2420.0,Northern Africa,North Africa,0.0,74171.22,-99.18050424409898,0.00316776110068793
Morocco,2011,607.83,1153.3,191880.0,299.1,Northern Africa,North Africa,0.0,607.83,0.0,0.00316776110068793
Morocco,2011,607.83,1153.3,191880.0,97.45,Northern Africa,North Africa,0.0,607.83,0.0,0.00316776110068793
Morocco,2012,90221.0,764.8,117960.0,2770.0,Northern Africa,North Africa,14743.130480561998,30478.88666666667,196.0114684853974,0.764844014920312
Morocco,2012,90221.0,764.8,117960.0,2770.0,Northern Africa,North Africa,0.0,60349.943333333336,49.496412120353824,0.764844014920312
Morocco,2012,90221.0,764.8,117960.0,321.0,Northern Africa,North Africa,0.0,90221.0,0.0,0.764844014920312
Morocco,2012,90221.0,764.8,117960.0,111.54,Northern Africa,North Africa,0.0,90221.0,0.0,0.764844014920312
Morocco,2012,727.38,764.8,117960.0,2770.0,Northern Africa,North Africa,-99.19377971869076,60389.793333333335,-98.79552493914811,0.006166327568667345
Morocco,2012,727.38,764.8,117960.0,2770.0,Northern Africa,North Africa,0.0,30558.586666666666,-97.61971976016342,0.006166327568667345
Morocco,2012,727.38,764.8,117960.0,321.0,Northern Africa,North Africa,0.0,727.38,0.0,0.006166327568667345
Morocco,2012,727.38,764.8,117960.0,111.54,Northern Africa,North Africa,0.0,727.38,0.0,0.006166327568667345
Morocco,2013,118135.85,663.2,178126.0,2640.0,Northern Africa,North Africa,16141.283785641619,39863.53666666667,196.35064993815152,0.6632150837047933
Morocco,2013,118135.85,663.2,178126.0,2640.0,Northern Africa,North Africa,0.0,78999.69333333334,49.53963112430646,0.6632150837047933
Morocco,2013,118135.85,663.2,178126.0,314.1,Northern Africa,North Africa,0.0,118135.85,0.0,0.6632150837047933
Morocco,2013,118135.85,663.2,178126.0,106.31,Northern Africa,North Africa,0.0,118135.85,0.0,0.6632150837047933
Morocco,2013,817.19,663.2,178126.0,2640.0,Northern Africa,North Africa,-99.30826247917123,79029.62999999999,-98.96597010513652,0.00458770757778202
Morocco,2013,817.19,663.2,178126.0,2640.0,Northern Africa,North Africa,0.0,39923.41,-97.9531057091566,0.00458770757778202
Morocco,2013,817.19,663.2,178126.0,314.1,Northern Africa,North Africa,0.0,817.19,0.0,0.00458770757778202
Morocco,2013,817.19,663.2,178126.0,106.31,Northern Africa,North Africa,0.0,817.19,0.0,0.00458770757778202
Morocco,2014,97378.9,708.5,137447.0,2550.0,Northern Africa,North Africa,11816.310772280618,33004.426666666666,195.04799760193782,0.708483269914949
Morocco,2014,97378.9,708.5,137447.0,2550.0,Northern Africa,North Africa,0.0,65191.66333333333,49.37324041279511,0.708483269914949
Morocco,2014,97378.9,708.5,137447.0,303.3,Northern Africa,North Africa,0.0,97378.9,0.0,0.708483269914949
Morocco,2014,97378.9,708.5,137447.0,102.68,Northern Africa,North Africa,0.0,97378.9,0.0,0.708483269914949
Morocco,2014,753.09,708.5,137447.0,2550.0,Northern Africa,North Africa,-99.22663944653308,65170.29666666666,-98.84442754058355,0.005479130137434793
Morocco,2014,753.09,708.5,137447.0,2550.0,Northern Africa,North Africa,0.0,32961.69333333333,-97.71525694270561,0.005479130137434793
Morocco,2014,753.09,708.5,137447.0,303.3,Northern Africa,North Africa,0.0,753.09,0.0,0.005479130137434793
Morocco,2014,753.09,708.5,137447.0,102.68,Northern Africa,North Africa,0.0,753.09,0.0,0.005479130137434793
Morocco,2015,95031.65,754.4,125967.0,2370.0,Northern Africa,North Africa,12518.896811802042,32179.27666666666,195.3194100178138,0.754417029857026
Morocco,2015,95031.65,754.4,125967.0,2370.0,Northern Africa,North Africa,0.0,63605.463333333326,49.40799896696505,0.754417029857026
Morocco,2015,95031.65,754.4,125967.0,242.7,Northern Africa,North Africa,0.0,95031.65,0.0,0.754417029857026
Morocco,2015,95031.65,754.4,125967.0,95.44,Northern Africa,North Africa,0.0,95031.65,0.0,0.754417029857026
Morocco,2015,753.57,754.4,125967.0,2370.0,Northern Africa,North Africa,-99.20703260440075,63605.62333333333,-98.81524626203124,0.005982281073614519
Morocco,2015,753.57,754.4,125967.0,2370.0,Northern Africa,North Africa,0.0,32179.596666666665,-97.65823665285218,0.005982281073614519
Morocco,2015,753.57,754.4,125967.0,242.7,Northern Africa,North Africa,0.0,753.57,0.0,0.005982281073614519
Morocco,2015,753.57,754.4,125967.0,95.44,Northern Africa,North Africa,0.0,753.57,0.0,0.005982281073614519
Morocco,2016,128762.7,927.5,138825.0,2530.0,Northern Africa,North Africa,16987.025757394797,43423.28,196.5291889511801,0.9275180983252296
Morocco,2016,128762.7,927.5,138825.0,2530.0,Northern Africa,North Africa,0.0,86092.98999999999,49.562351127542456,0.9275180983252296
Morocco,2016,128762.7,927.5,138825.0,258.0,Northern Africa,North Africa,0.0,128762.7,0.0,0.9275180983252296
Morocco,2016,128762.7,927.5,138825.0,101.88,Northern Africa,North Africa,0.0,128762.7,0.0,0.9275180983252296
Morocco,2016,775.89,927.5,138825.0,2530.0,Northern Africa,North Africa,-99.39742642861637,86100.43,-99.09885467470953,0.0055889789303079414
Morocco,2016,775.89,927.5,138825.0,2530.0,Northern Africa,North Africa,0.0,43438.159999999996,-98.21380555714147,0.0055889789303079414
Morocco,2016,775.89,927.5,138825.0,258.0,Northern Africa,North Africa,0.0,775.89,0.0,0.0055889789303079414
Morocco,2016,775.89,927.5,138825.0,101.88,Northern Africa,North Africa,0.0,775.89,0.0,0.0055889789303079414
Morocco,2017,122398.73,936.2,130742.0,2910.0,Northern Africa,North Africa,15675.268401448659,41316.83666666666,196.24419455797323,0.9361852350430618
Morocco,2017,122398.73,936.2,130742.0,2910.0,Northern Africa,North Africa,0.0,81857.78333333333,49.526074388772244,0.9361852350430618
Morocco,2017,122398.73,936.2,130742.0,300.2,Northern Africa,North Africa,0.0,122398.73,0.0,0.9361852350430618
Morocco,2017,122398.73,936.2,130742.0,117.18,Northern Africa,North Africa,0.0,122398.73,0.0,0.9361852350430618
Morocco,2017,851.75,936.2,130742.0,2910.0,Northern Africa,North Africa,-99.30411859665537,81883.07,-98.95979718396,0.006514738951522847
Morocco,2017,851.75,936.2,130742.0,2910.0,Northern Africa,North Africa,0.0,41367.409999999996,-97.94101201888154,0.006514738951522847
Morocco,2017,851.75,936.2,130742.0,300.2,Northern Africa,North Africa,0.0,851.75,0.0,0.006514738951522847
Morocco,2017,851.75,936.2,130742.0,117.18,Northern Africa,North Africa,0.0,851.75,0.0,0.006514738951522847
Morocco,2018,118392.0,799.0,148178.0,2783.0,Northern Africa,North Africa,13799.85324332257,40031.833333333336,195.74463656007092,0.7989850045215889
Morocco,2018,118392.0,799.0,148178.0,2783.0,Northern Africa,North Africa,0.0,79211.91666666667,49.46235993532117,0.7989850045215889
Morocco,2018,118392.0,799.0,148178.0,296.5,Northern Africa,North Africa,0.0,118392.0,0.0,0.7989850045215889
Morocco,2018,118392.0,799.0,148178.0,112.07,Northern Africa,North Africa,0.0,118392.0,0.0,0.7989850045215889
Morocco,2018,750.77,799.0,148178.0,2783.0,Northern Africa,North Africa,-99.36586086897763,79178.25666666667,-99.05179776417575,0.005066676564672219
Morocco,2018,750.77,799.0,148178.0,2783.0,Northern Africa,North Africa,0.0,39964.51333333333,-98.12140837613103,0.005066676564672219
Morocco,2018,750.77,799.0,148178.0,296.5,Northern Africa,North Africa,0.0,750.77,0.0,0.005066676564672219
Morocco,2018,750.77,799.0,148178.0,112.07,Northern Africa,North Africa,0.0,750.77,0.0,0.005066676564672219
Morocco,2019,40490.8,639.7,63292.0,3039.0,Northern Africa,North Africa,5293.236277421847,13997.446666666669,189.2727578410729,0.6397459394552234
Morocco,2019,40490.8,639.7,63292.0,3039.0,Northern Africa,North Africa,0.0,27244.123333333337,48.62214322183487,0.6397459394552234
Morocco,2019,40490.8,639.7,63292.0,316.0,Northern Africa,North Africa,0.0,40490.8,0.0,0.6397459394552234
Morocco,2019,40490.8,639.7,63292.0,122.38,Northern Africa,North Africa,0.0,40490.8,0.0,0.6397459394552234
Morocco,2019,944.04,639.7,63292.0,3039.0,Northern Africa,North Africa,-97.66850741402986,27308.546666666665,-96.54306026782335,0.014915629147443593
Morocco,2019,944.04,639.7,63292.0,3039.0,Northern Africa,North Africa,0.0,14126.293333333335,-93.31714287871694,0.014915629147443593
Morocco,2019,944.04,639.7,63292.0,316.0,Northern Africa,North Africa,0.0,944.04,0.0,0.014915629147443593
Morocco,2019,944.04,639.7,63292.0,122.38,Northern Africa,North Africa,0.0,944.04,0.0,0.014915629147443593
Morocco,2020,29887.8,420.4,71087.0,3100.0,Northern Africa,North Africa,3065.946358205161,10591.96,182.17440398188816,0.42043974285031016
Morocco,2020,29887.8,420.4,71087.0,3100.0,Northern Africa,North Africa,0.0,20239.88,47.667871548645536,0.42043974285031016
Morocco,2020,29887.8,420.4,71087.0,326.4,Northern Africa,North Africa,0.0,29887.8,0.0,0.42043974285031016
Morocco,2020,29887.8,420.4,71087.0,124.83,Northern Africa,North Africa,0.0,29887.8,0.0,0.42043974285031016
Morocco,2020,981.07,420.4,71087.0,3100.0,Northern Africa,North Africa,-96.71749007956424,20252.22333333333,-95.15574174818995,0.013800976268516044
Morocco,2020,981.07,420.4,71087.0,3100.0,Northern Africa,North Africa,0.0,10616.646666666667,-90.75913486807197,0.013800976268516044
Morocco,2020,981.07,420.4,71087.0,326.4,Northern Africa,North Africa,0.0,981.07,0.0,0.013800976268516044
Morocco,2020,981.07,420.4,71087.0,124.83,Northern Africa,North Africa,0.0,981.07,0.0,0.013800976268516044
Morocco,2021,48637.3,530.6,91658.0,3800.0,Northern Africa,North Africa,4857.576931309693,16866.480000000003,188.3666301445233,0.5306388967684218
Morocco,2021,48637.3,530.6,91658.0,3800.0,Northern Africa,North Africa,0.0,32751.890000000003,48.502269640011605,0.5306388967684218
Morocco,2021,48637.3,530.6,91658.0,422.8,Northern Africa,North Africa,0.0,48637.3,0.0,0.5306388967684218
Morocco,2021,48637.3,530.6,91658.0,153.02,Northern Africa,North Africa,0.0,48637.3,0.0,0.5306388967684218
Morocco,2021,912.77,530.6,91658.0,3800.0,Northern Africa,North Africa,-98.12331276612805,32729.123333333337,-97.2111382553581,0.009958432433611905
Morocco,2021,912.77,530.6,91658.0,3800.0,Northern Africa,North Africa,0.0,16820.94666666667,-94.57361099771634,0.009958432433611905
Morocco,2021,912.77,530.6,91658.0,422.8,Northern Africa,North Africa,0.0,912.77,0.0,0.009958432433611905
Morocco,2021,912.77,530.6,91658.0,153.02,Northern Africa,North Africa,0.0,912.77,0.0,0.009958432433611905
Morocco,2022,35783.2,311.3,114959.0,5553.0,Northern Africa,North Africa,3820.286600129277,12536.246666666668,185.43790618882733,0.3112692351186075
Morocco,2022,35783.2,311.3,114959.0,5553.0,Northern Africa,North Africa,0.0,24159.72333333334,48.11096760627911,0.3112692351186075
Morocco,2022,35783.2,311.3,114959.0,546.5,Northern Africa,North Africa,0.0,35783.2,0.0,0.3112692351186075
Morocco,2022,35783.2,311.3,114959.0,223.61,Northern Africa,North Africa,0.0,35783.2,0.0,0.3112692351186075
Morocco,2022,879.43,311.3,114959.0,5553.0,Northern Africa,North Africa,-97.54233830400858,24148.61,-96.35825830140948,0.0076499447629154735
Morocco,2022,879.43,311.3,114959.0,5553.0,Northern Africa,North Africa,0.0,12514.020000000002,-92.97244210893062,0.0076499447629154735
Morocco,2022,879.43,311.3,114959.0,546.5,Northern Africa,North Africa,0.0,879.43,0.0,0.0076499447629154735
Morocco,2022,879.43,311.3,114959.0,223.61,Northern Africa,North Africa,0.0,879.43,0.0,0.0076499447629154735
Morocco,2023,10834.4,129.5,83685.0,5251.0,Northern Africa,North Africa,1131.9798051010314,4197.753333333336,158.09996776053205,0.1294664515743562
Morocco,2023,10834.4,129.5,83685.0,5251.0,Northern Africa,North Africa,0.0,7516.076666666669,44.149673832491466,0.1294664515743562
Morocco,2023,10834.4,129.5,83685.0,518.3,Northern Africa,North Africa,0.0,10834.4,0.0,0.1294664515743562
Morocco,2023,10834.4,129.5,83685.0,211.45,Northern Africa,North Africa,0.0,10834.4,0.0,0.1294664515743562
Morocco,2023,914.24,129.5,83685.0,5251.0,Northern Africa,North Africa,-91.5616923872111,7527.680000000003,-87.85495664002721,0.010924777439206548
Morocco,2023,914.24,129.5,83685.0,5251.0,Northern Africa,North Africa,0.0,4220.960000000002,-78.34047230961679,0.010924777439206548
Morocco,2023,914.24,129.5,83685.0,518.3,Northern Africa,North Africa,0.0,914.24,0.0,0.010924777439206548
Morocco,2023,914.24,129.5,83685.0,211.45,Northern Africa,North Africa,0.0,914.24,0.0,0.010924777439206548
Morocco,2024,73227.36,722.4,101364.0,6740.0,Northern Africa,North Africa,7909.642982149107,25018.61333333334,192.69152140592917,0.7224197940097076
Morocco,2024,73227.36,722.4,101364.0,6740.0,Northern Africa,North Africa,0.0,49122.98666666667,49.06943768891358,0.7224197940097076
Morocco,2024,73227.36,722.4,101364.0,677.9,Northern Africa,North Africa,0.0,73227.36,0.0,0.7224197940097076
Morocco,2024,73227.36,722.4,101364.0,271.41,Northern Africa,North Africa,0.0,73227.36,0.0,0.7224197940097076
Mozambique,2000,1180432.0,939.9,1255866.0,800000.0,Eastern Africa,East Africa,,1180432.0,0.0,0.9399346745592284
Mozambique,2000,1180432.0,939.9,1255866.0,800.0,Eastern Africa,East Africa,0.0,1180432.0,0.0,0.9399346745592284
Mozambique,2000,1180432.0,939.9,1255866.0,52.5,Eastern Africa,East Africa,0.0,1180432.0,0.0,0.9399346745592284
Mozambique,2000,1180432.0,939.9,1255866.0,4.89,Eastern Africa,East Africa,0.0,1180432.0,0.0,0.9399346745592284
Mozambique,2000,20745.77,939.9,1255866.0,800000.0,Eastern Africa,East Africa,-98.24252731203491,793869.9233333333,-97.38675450596594,0.016519095190091936
Mozambique,2000,20745.77,939.9,1255866.0,800.0,Eastern Africa,East Africa,0.0,407307.8466666667,-94.90661175084654,0.016519095190091936
Mozambique,2000,20745.77,939.9,1255866.0,52.5,Eastern Africa,East Africa,0.0,20745.77,0.0,0.016519095190091936
Mozambique,2000,20745.77,939.9,1255866.0,4.89,Eastern Africa,East Africa,0.0,20745.77,0.0,0.016519095190091936
Mozambique,2001,1143263.0,958.0,1193380.0,1900000.0,Eastern Africa,East Africa,5410.824616295274,394918.18,189.49363637804672,0.9580041562620456
Mozambique,2001,1143263.0,958.0,1193380.0,1900.0,Eastern Africa,East Africa,0.0,769090.59,48.651279168556734,0.9580041562620456
Mozambique,2001,1143263.0,958.0,1193380.0,91.8,Eastern Africa,East Africa,0.0,1143263.0,0.0,0.9580041562620456
Mozambique,2001,1143263.0,958.0,1193380.0,11.6,Eastern Africa,East Africa,0.0,1143263.0,0.0,0.9580041562620456
Mozambique,2001,20511.83,958.0,1193380.0,1900000.0,Eastern Africa,East Africa,-98.20585202180075,769012.61,-97.3327056366475,0.0171880122006402
Mozambique,2001,20511.83,958.0,1193380.0,1900.0,Eastern Africa,East Africa,0.0,394762.22,-94.80400378739382,0.0171880122006402
Mozambique,2001,20511.83,958.0,1193380.0,91.8,Eastern Africa,East Africa,0.0,20511.83,0.0,0.0171880122006402
Mozambique,2001,20511.83,958.0,1193380.0,11.6,Eastern Africa,East Africa,0.0,20511.83,0.0,0.0171880122006402
Mozambique,2002,1114774.0,706.5,1577800.0,3000000.0,Eastern Africa,East Africa,5334.785682213629,385265.88666666666,189.35185765992983,0.7065369501838002
Mozambique,2002,1114774.0,706.5,1577800.0,3000.0,Eastern Africa,East Africa,0.0,750019.9433333334,48.63258102785649,0.7065369501838002
Mozambique,2002,1114774.0,706.5,1577800.0,126.7,Eastern Africa,East Africa,0.0,1114774.0,0.0,0.7065369501838002
Mozambique,2002,1114774.0,706.5,1577800.0,18.32,Eastern Africa,East Africa,0.0,1114774.0,0.0,0.7065369501838002
Mozambique,2002,20988.68,706.5,1577800.0,3000000.0,Eastern Africa,East Africa,-98.11722555423789,750178.8933333332,-97.20217668258576,0.013302497147927495
Mozambique,2002,20988.68,706.5,1577800.0,3000.0,Eastern Africa,East Africa,0.0,385583.7866666667,-94.55664871662654,0.013302497147927495
Mozambique,2002,20988.68,706.5,1577800.0,126.7,Eastern Africa,East Africa,0.0,20988.68,0.0,0.013302497147927495
Mozambique,2002,20988.68,706.5,1577800.0,18.32,Eastern Africa,East Africa,0.0,20988.68,0.0,0.013302497147927495
Mozambique,2003,1181279.0,871.1,1356000.0,2500000.0,Eastern Africa,East Africa,5528.171947926215,407752.12000000005,189.70517676278416,0.8711497050147493
Mozambique,2003,1181279.0,871.1,1356000.0,2500.0,Eastern Africa,East Africa,0.0,794515.56,48.67915236298203,0.8711497050147493
Mozambique,2003,1181279.0,871.1,1356000.0,105.1,Eastern Africa,East Africa,0.0,1181279.0,0.0,0.8711497050147493
Mozambique,2003,1181279.0,871.1,1356000.0,15.27,Eastern Africa,East Africa,0.0,1181279.0,0.0,0.8711497050147493
Mozambique,2003,20442.33,871.1,1356000.0,2500000.0,Eastern Africa,East Africa,-98.26947486580224,794333.4433333334,-97.42648000388654,0.015075464601769914
Mozambique,2003,20442.33,871.1,1356000.0,2500.0,Eastern Africa,East Africa,0.0,407387.88666666666,-94.98209675126488,0.015075464601769914
Mozambique,2003,20442.33,871.1,1356000.0,105.1,Eastern Africa,East Africa,0.0,20442.33,0.0,0.015075464601769914
Mozambique,2003,20442.33,871.1,1356000.0,15.27,Eastern Africa,East Africa,0.0,20442.33,0.0,0.015075464601769914
Mozambique,2004,1060396.0,808.5,1311600.0,2750000.0,Eastern Africa,East Africa,5087.256051536199,367093.5533333333,188.86260474237335,0.8084751448612382
Mozambique,2004,1060396.0,808.5,1311600.0,2750.0,Eastern Africa,East Africa,0.0,713744.7766666667,48.56795239220734,0.8084751448612382
Mozambique,2004,1060396.0,808.5,1311600.0,121.8,Eastern Africa,East Africa,0.0,1060396.0,0.0,0.8084751448612382
Mozambique,2004,1060396.0,808.5,1311600.0,16.8,Eastern Africa,East Africa,0.0,1060396.0,0.0,0.8084751448612382
Mozambique,2004,19636.64,808.5,1311600.0,2750000.0,Eastern Africa,East Africa,-98.14817860497399,713476.2133333333,-97.24775127284785,0.014971515706007929
Mozambique,2004,19636.64,808.5,1311600.0,2750.0,Eastern Africa,East Africa,0.0,366556.4266666667,-94.64294210346587,0.014971515706007929
Mozambique,2004,19636.64,808.5,1311600.0,121.8,Eastern Africa,East Africa,0.0,19636.64,0.0,0.014971515706007929
Mozambique,2004,19636.64,808.5,1311600.0,16.8,Eastern Africa,East Africa,0.0,19636.64,0.0,0.014971515706007929
Mozambique,2005,941517.0,495.0,1902200.0,3500000.0,Eastern Africa,East Africa,4694.695019107139,326930.0933333333,187.98725452295471,0.49496214909052677
Mozambique,2005,941517.0,495.0,1902200.0,3500.0,Eastern Africa,East Africa,0.0,634223.5466666667,48.451914935734735,0.49496214909052677
Mozambique,2005,941517.0,495.0,1902200.0,151.8,Eastern Africa,East Africa,0.0,941517.0,0.0,0.49496214909052677
Mozambique,2005,941517.0,495.0,1902200.0,21.38,Eastern Africa,East Africa,0.0,941517.0,0.0,0.49496214909052677
Mozambique,2005,20011.34,495.0,1902200.0,3500000.0,Eastern Africa,East Africa,-97.87456413426418,634348.4466666667,-96.84537100939488,0.010520103038586899
Mozambique,2005,20011.34,495.0,1902200.0,3500.0,Eastern Africa,East Africa,0.0,327179.89333333337,-93.88368894062438,0.010520103038586899
Mozambique,2005,20011.34,495.0,1902200.0,151.8,Eastern Africa,East Africa,0.0,20011.34,0.0,0.010520103038586899
Mozambique,2005,20011.34,495.0,1902200.0,21.38,Eastern Africa,East Africa,0.0,20011.34,0.0,0.010520103038586899
Mozambique,2006,1395476.0,838.7,1663900.0,3550.0,Eastern Africa,East Africa,6873.426067419773,478499.56,191.63579586154685,0.8386778051565599
Mozambique,2006,1395476.0,838.7,1663900.0,3550.0,Eastern Africa,East Africa,0.0,936987.7799999999,48.93214509158275,0.8386778051565599
Mozambique,2006,1395476.0,838.7,1663900.0,139.8,Eastern Africa,East Africa,0.0,1395476.0,0.0,0.8386778051565599
Mozambique,2006,1395476.0,838.7,1663900.0,21.68,Eastern Africa,East Africa,0.0,1395476.0,0.0,0.8386778051565599
Mozambique,2006,21554.35,838.7,1663900.0,3550.0,Eastern Africa,East Africa,-98.4554123467548,937502.1166666667,-97.70087452424774,0.012954113828956067
Mozambique,2006,21554.35,838.7,1663900.0,3550.0,Eastern Africa,East Africa,0.0,479528.23333333334,-95.5050926094237,0.012954113828956067
Mozambique,2006,21554.35,838.7,1663900.0,139.8,Eastern Africa,East Africa,0.0,21554.35,0.0,0.012954113828956067
Mozambique,2006,21554.35,838.7,1663900.0,21.68,Eastern Africa,East Africa,0.0,21554.35,0.0,0.012954113828956067
Mozambique,2007,1133910.0,681.3,1664300.0,3750.0,Eastern Africa,East Africa,5160.701436137021,392339.56666666665,189.01240056763754,0.6813134651204711
Mozambique,2007,1133910.0,681.3,1664300.0,3750.0,Eastern Africa,East Africa,0.0,763124.7833333332,48.58775717479322,0.6813134651204711
Mozambique,2007,1133910.0,681.3,1664300.0,145.1,Eastern Africa,East Africa,0.0,1133910.0,0.0,0.6813134651204711
Mozambique,2007,1133910.0,681.3,1664300.0,22.9,Eastern Africa,East Africa,0.0,1133910.0,0.0,0.6813134651204711
Mozambique,2007,21532.78,681.3,1664300.0,3750.0,Eastern Africa,East Africa,-98.1010150717429,763117.5933333333,-97.17831430069069,0.012938040016823889
Mozambique,2007,21532.78,681.3,1664300.0,3750.0,Eastern Africa,East Africa,0.0,392325.1866666667,-94.51149690822808,0.012938040016823889
Mozambique,2007,21532.78,681.3,1664300.0,145.1,Eastern Africa,East Africa,0.0,21532.78,0.0,0.012938040016823889
Mozambique,2007,21532.78,681.3,1664300.0,22.9,Eastern Africa,East Africa,0.0,21532.78,0.0,0.012938040016823889
Mozambique,2008,1213569.0,617.7,1964522.0,6790.0,Eastern Africa,East Africa,5535.914173645949,418878.1866666667,189.71883440799203,0.6177426366312009
Mozambique,2008,1213569.0,617.7,1964522.0,6790.0,Eastern Africa,East Africa,0.0,816223.5933333334,48.68095089532615,0.6177426366312009
Mozambique,2008,1213569.0,617.7,1964522.0,279.4,Eastern Africa,East Africa,0.0,1213569.0,0.0,0.6177426366312009
Mozambique,2008,1213569.0,617.7,1964522.0,41.47,Eastern Africa,East Africa,0.0,1213569.0,0.0,0.6177426366312009
Mozambique,2008,22079.74,617.7,1964522.0,6790.0,Eastern Africa,East Africa,-98.1805945933029,816405.9133333334,-97.2954948464484,0.011239242930341325
Mozambique,2008,22079.74,617.7,1964522.0,6790.0,Eastern Africa,East Africa,0.0,419242.82666666666,-94.73342449874396,0.011239242930341325
Mozambique,2008,22079.74,617.7,1964522.0,279.4,Eastern Africa,East Africa,0.0,22079.74,0.0,0.011239242930341325
Mozambique,2008,22079.74,617.7,1964522.0,41.47,Eastern Africa,East Africa,0.0,22079.74,0.0,0.011239242930341325
Mozambique,2009,1612000.0,1000.0,1612000.0,48.52,Eastern Africa,East Africa,7200.8106073712825,552053.16,192.0008645544208,1.0
Mozambique,2009,22439.76,1000.0,1612000.0,48.52,Eastern Africa,East Africa,-98.6079553349876,552173.1666666666,-95.93610096349605,0.013920446650124069
Mozambique,2010,2089890.0,1202.4,1738042.0,54.96,Eastern Africa,East Africa,9213.334901977561,1241443.2533333332,68.34357868461144,1.2024392966337982
Mozambique,2010,32414.53,1202.4,1738042.0,54.96,Eastern Africa,East Africa,-98.44898391781386,714914.7633333333,-95.46595878802876,0.01865002686931616
Mozambique,2011,2178842.0,1202.0,1812717.0,58.53,Eastern Africa,East Africa,6621.806547866035,1433715.51,51.971711598488604,1.2019758186192329
Mozambique,2011,33459.44,1202.0,1812717.0,58.53,Eastern Africa,East Africa,-98.46434757545521,748238.6566666667,-95.52823959282475,0.018458170801068232
Mozambique,2012,2354778.0,1498.0,1572000.0,65.62,Eastern Africa,East Africa,6937.7089395399325,1522359.8133333332,54.67946403840088,1.4979503816793893
Mozambique,2012,34533.0,1498.0,1572000.0,65.62,Eastern Africa,East Africa,-98.5334923292132,807590.1466666666,-95.7239448571116,0.021967557251908396
Mozambique,2013,1173709.0,681.4,1722500.0,64.63,Eastern Africa,East Africa,3298.804042510063,1187673.3333333333,-1.1757722381575115,0.6813985486211901
Mozambique,2013,24049.8,681.4,1722500.0,64.63,Eastern Africa,East Africa,-97.9509571793349,410763.93333333335,-94.14510426832346,0.013962148040638606
Mozambique,2014,1357220.0,796.7,1703500.0,79.32,Eastern Africa,East Africa,5543.373333665976,851659.6,59.3617919647709,0.7967243909597886
Mozambique,2014,21759.14,796.7,1703500.0,79.32,Eastern Africa,East Africa,-98.39678607742297,467676.3133333333,-95.34739319062085,0.0127731963604344
Mozambique,2015,1262038.0,803.6,1570526.0,11976.4,Eastern Africa,East Africa,5700.036214666572,880339.0466666665,43.358176009414336,0.8035766361079028
Mozambique,2015,1262038.0,803.6,1570526.0,11976.4,Eastern Africa,East Africa,0.0,848611.7133333333,48.717956654491005,0.8035766361079028
Mozambique,2015,1262038.0,803.6,1570526.0,299.5,Eastern Africa,East Africa,0.0,1262038.0,0.0,0.8035766361079028
Mozambique,2015,1262038.0,803.6,1570526.0,73.14,Eastern Africa,East Africa,0.0,1262038.0,0.0,0.8035766361079028
Mozambique,2015,22589.59,803.6,1570526.0,11976.4,Eastern Africa,East Africa,-98.21007053670333,848888.5299999999,-97.33892151894196,0.0143834549698636
Mozambique,2015,22589.59,803.6,1570526.0,11976.4,Eastern Africa,East Africa,0.0,435739.06,-94.81579870301276,0.0143834549698636
Mozambique,2015,22589.59,803.6,1570526.0,299.5,Eastern Africa,East Africa,0.0,22589.59,0.0,0.0143834549698636
Mozambique,2015,22589.59,803.6,1570526.0,73.14,Eastern Africa,East Africa,0.0,22589.59,0.0,0.0143834549698636
Mozambique,2016,1217000.0,732.3,1662000.0,24156.8,Eastern Africa,East Africa,5287.43731072587,420726.3933333333,189.26162448662797,0.7322503008423586
Mozambique,2016,1217000.0,732.3,1662000.0,24156.8,Eastern Africa,East Africa,0.0,818863.1966666667,48.62067375283472,0.7322503008423586
Mozambique,2016,1217000.0,732.3,1662000.0,383.1,Eastern Africa,East Africa,0.0,1217000.0,0.0,0.7322503008423586
Mozambique,2016,1217000.0,732.3,1662000.0,147.53,Eastern Africa,East Africa,0.0,1217000.0,0.0,0.7322503008423586
Mozambique,2016,19317.6,732.3,1662000.0,24156.8,Eastern Africa,East Africa,-98.41268693508628,817772.5333333333,-97.6377783292306,0.011623104693140793
Mozambique,2016,19317.6,732.3,1662000.0,24156.8,Eastern Africa,East Africa,0.0,418545.06666666665,-95.38458303813083,0.011623104693140793
Mozambique,2016,19317.6,732.3,1662000.0,383.1,Eastern Africa,East Africa,0.0,19317.6,0.0,0.011623104693140793
Mozambique,2016,19317.6,732.3,1662000.0,147.53,Eastern Africa,East Africa,0.0,19317.6,0.0,0.011623104693140793
Mozambique,2017,1224000.0,740.0,1654000.0,16632.0,Eastern Africa,East Africa,6236.190831159151,420878.39999999997,190.8203414572951,0.7400241837968561
Mozambique,2017,1224000.0,740.0,1654000.0,30133.0,Eastern Africa,East Africa,0.0,822439.1999999998,48.825590998094476,0.7400241837968561
Mozambique,2017,1224000.0,740.0,1654000.0,28719.0,Eastern Africa,East Africa,0.0,1224000.0,0.0,0.7400241837968561
Mozambique,2017,1224000.0,740.0,1654000.0,24369.0,Eastern Africa,East Africa,0.0,1224000.0,0.0,0.7400241837968561
Mozambique,2017,1224000.0,740.0,1654000.0,18559.0,Eastern Africa,East Africa,0.0,1224000.0,0.0,0.7400241837968561
Mozambique,2017,1224000.0,740.0,1654000.0,14246.0,Eastern Africa,East Africa,0.0,1224000.0,0.0,0.7400241837968561
Mozambique,2017,1224000.0,740.0,1654000.0,12634.0,Eastern Africa,East Africa,0.0,1224000.0,0.0,0.7400241837968561
Mozambique,2017,1224000.0,740.0,1654000.0,11510.0,Eastern Africa,East Africa,0.0,1224000.0,0.0,0.7400241837968561
Mozambique,2017,1224000.0,740.0,1654000.0,11099.0,Eastern Africa,East Africa,0.0,1224000.0,0.0,0.7400241837968561
Mozambique,2017,1224000.0,740.0,1654000.0,11591.0,Eastern Africa,East Africa,0.0,1224000.0,0.0,0.7400241837968561
Mozambique,2017,1224000.0,740.0,1654000.0,11109.0,Eastern Africa,East Africa,0.0,1224000.0,0.0,0.7400241837968561
Mozambique,2017,1224000.0,740.0,1654000.0,10388.0,Eastern Africa,East Africa,0.0,1224000.0,0.0,0.7400241837968561
Mozambique,2017,1224000.0,740.0,1654000.0,13225.0,Eastern Africa,East Africa,0.0,1224000.0,0.0,0.7400241837968561
Mozambique,2017,1224000.0,740.0,1654000.0,16632.0,Eastern Africa,East Africa,0.0,1224000.0,0.0,0.7400241837968561
Mozambique,2017,1224000.0,740.0,1654000.0,261.6,Eastern Africa,East Africa,0.0,1224000.0,0.0,0.7400241837968561
Mozambique,2017,1224000.0,740.0,1654000.0,101.58,Eastern Africa,East Africa,0.0,1224000.0,0.0,0.7400241837968561
Mozambique,2017,19161.01,740.0,1654000.0,16632.0,Eastern Africa,East Africa,-98.43455800653594,822387.0033333333,-97.67007383113597,0.011584649334945586
Mozambique,2017,19161.01,740.0,1654000.0,30133.0,Eastern Africa,East Africa,0.0,420774.00666666665,-95.44624675088849,0.011584649334945586
Mozambique,2017,19161.01,740.0,1654000.0,28719.0,Eastern Africa,East Africa,0.0,19161.01,0.0,0.011584649334945586
Mozambique,2017,19161.01,740.0,1654000.0,24369.0,Eastern Africa,East Africa,0.0,19161.01,0.0,0.011584649334945586
Mozambique,2017,19161.01,740.0,1654000.0,18559.0,Eastern Africa,East Africa,0.0,19161.01,0.0,0.011584649334945586
Mozambique,2017,19161.01,740.0,1654000.0,14246.0,Eastern Africa,East Africa,0.0,19161.01,0.0,0.011584649334945586
Mozambique,2017,19161.01,740.0,1654000.0,12634.0,Eastern Africa,East Africa,0.0,19161.01,0.0,0.011584649334945586
Mozambique,2017,19161.01,740.0,1654000.0,11510.0,Eastern Africa,East Africa,0.0,19161.01,0.0,0.011584649334945586
Mozambique,2017,19161.01,740.0,1654000.0,11099.0,Eastern Africa,East Africa,0.0,19161.01,0.0,0.011584649334945586
Mozambique,2017,19161.01,740.0,1654000.0,11591.0,Eastern Africa,East Africa,0.0,19161.01,0.0,0.011584649334945586
Mozambique,2017,19161.01,740.0,1654000.0,11109.0,Eastern Africa,East Africa,0.0,19161.01,0.0,0.011584649334945586
Mozambique,2017,19161.01,740.0,1654000.0,10388.0,Eastern Africa,East Africa,0.0,19161.01,0.0,0.011584649334945586
Mozambique,2017,19161.01,740.0,1654000.0,13225.0,Eastern Africa,East Africa,0.0,19161.01,0.0,0.011584649334945586
Mozambique,2017,19161.01,740.0,1654000.0,16632.0,Eastern Africa,East Africa,0.0,19161.01,0.0,0.011584649334945586
Mozambique,2017,19161.01,740.0,1654000.0,261.6,Eastern Africa,East Africa,0.0,19161.01,0.0,0.011584649334945586
Mozambique,2017,19161.01,740.0,1654000.0,101.58,Eastern Africa,East Africa,0.0,19161.01,0.0,0.011584649334945586
Mozambique,2018,1406794.0,871.9,1613535.0,11858.0,Eastern Africa,East Africa,7241.961618933449,481705.34,192.0445100317966,0.8718707682200882
Mozambique,2018,1406794.0,871.9,1613535.0,117.07,Eastern Africa,East Africa,0.0,944249.6699999999,48.98538434225771,0.8718707682200882
Mozambique,2018,20255.41,871.9,1613535.0,11858.0,Eastern Africa,East Africa,-98.56017227824401,944614.4700000001,-97.85569556223291,0.012553437018719768
Mozambique,2018,20255.41,871.9,1613535.0,117.07,Eastern Africa,East Africa,0.0,482434.94,-95.80142143104312,0.012553437018719768
Mozambique,2019,1451686.0,883.1,1643827.0,125.71,Eastern Africa,East Africa,7066.905039196935,497398.94,191.85546716283716,0.8831136123205179
Mozambique,2019,23859.0,883.1,1643827.0,125.71,Eastern Africa,East Africa,-98.35646276123073,498600.1366666667,-95.2148027556698,0.014514301079128156
Mozambique,2020,1632321.0,713.9,2286362.0,23350.0,Eastern Africa,East Africa,6741.531497548095,1035955.3333333334,57.56673550275333,0.7139381252837477
Mozambique,2020,1632321.0,713.9,2286362.0,23350.0,Eastern Africa,East Africa,0.0,1096167.0,48.911707796348544,0.7139381252837477
Mozambique,2020,1632321.0,713.9,2286362.0,336.1,Eastern Africa,East Africa,0.0,1632321.0,0.0,0.7139381252837477
Mozambique,2020,1632321.0,713.9,2286362.0,142.61,Eastern Africa,East Africa,0.0,1632321.0,0.0,0.7139381252837477
Mozambique,2020,27741.6,713.9,2286362.0,23350.0,Eastern Africa,East Africa,-98.30048133914838,1097461.2,-97.47220220632856,0.01213351166613161
Mozambique,2020,27741.6,713.9,2286362.0,23350.0,Eastern Africa,East Africa,0.0,562601.4,-95.0690488861208,0.01213351166613161
Mozambique,2020,27741.6,713.9,2286362.0,336.1,Eastern Africa,East Africa,0.0,27741.6,0.0,0.01213351166613161
Mozambique,2020,27741.6,713.9,2286362.0,142.61,Eastern Africa,East Africa,0.0,27741.6,0.0,0.01213351166613161
Mozambique,2021,1824281.0,1100.0,1658437.0,22270.0,Eastern Africa,East Africa,6475.976151339505,626588.0666666667,191.1451872527416,1.1000001808932145
Mozambique,2021,1824281.0,1100.0,1658437.0,22270.0,Eastern Africa,East Africa,0.0,1225434.5333333332,48.868091307801684,1.1000001808932145
Mozambique,2021,1824281.0,1100.0,1658437.0,340.2,Eastern Africa,East Africa,0.0,1824281.0,0.0,1.1000001808932145
Mozambique,2021,1824281.0,1100.0,1658437.0,136.01,Eastern Africa,East Africa,0.0,1824281.0,0.0,1.1000001808932145
Mozambique,2021,31021.2,1100.0,1658437.0,22270.0,Eastern Africa,East Africa,-98.29953828384991,1226527.7333333332,-97.4708113679832,0.018705081953670835
Mozambique,2021,31021.2,1100.0,1658437.0,22270.0,Eastern Africa,East Africa,0.0,628774.4666666667,-95.0664027175828,0.018705081953670835
Mozambique,2021,31021.2,1100.0,1658437.0,340.2,Eastern Africa,East Africa,0.0,31021.2,0.0,0.018705081953670835
Mozambique,2021,31021.2,1100.0,1658437.0,136.01,Eastern Africa,East Africa,0.0,31021.2,0.0,0.018705081953670835
Mozambique,2022,2382511.0,1310.9,1817487.0,21150.0,Eastern Africa,East Africa,7580.267043183372,814851.1333333333,192.38604482929276,1.3108820035576596
Mozambique,2022,2382511.0,1310.9,1817487.0,21150.0,Eastern Africa,East Africa,0.0,1598681.0666666664,49.029787721678595,1.3108820035576596
Mozambique,2022,2382511.0,1310.9,1817487.0,331.2,Eastern Africa,East Africa,0.0,2382511.0,0.0,1.3108820035576596
Mozambique,2022,2382511.0,1310.9,1817487.0,129.17,Eastern Africa,East Africa,0.0,2382511.0,0.0,1.3108820035576596
Mozambique,2022,37375.2,1310.9,1817487.0,21150.0,Eastern Africa,East Africa,-98.43126852299947,1600799.0666666664,-97.66521603002766,0.02056421861614416
Mozambique,2022,37375.2,1310.9,1817487.0,21150.0,Eastern Africa,East Africa,0.0,819087.1333333333,-95.43696897692692,0.02056421861614416
Mozambique,2022,37375.2,1310.9,1817487.0,331.2,Eastern Africa,East Africa,0.0,37375.2,0.0,0.02056421861614416
Mozambique,2022,37375.2,1310.9,1817487.0,129.17,Eastern Africa,East Africa,0.0,37375.2,0.0,0.02056421861614416
Mozambique,2023,2124749.0,790.4,2688164.0,26000.0,Eastern Africa,East Africa,5584.916736231512,733166.4666666667,189.80444368386733,0.7904089929037068
Mozambique,2023,2124749.0,790.4,2688164.0,26000.0,Eastern Africa,East Africa,0.0,1428957.7333333332,48.69222164070541,0.7904089929037068
Mozambique,2023,2124749.0,790.4,2688164.0,407.0,Eastern Africa,East Africa,0.0,2124749.0,0.0,0.7904089929037068
Mozambique,2023,2124749.0,790.4,2688164.0,158.79,Eastern Africa,East Africa,0.0,2124749.0,0.0,0.7904089929037068
Mozambique,2023,34336.8,790.4,2688164.0,26000.0,Eastern Africa,East Africa,-98.38395970535814,1427944.9333333333,-97.59536945729093,0.012773327817796831
Mozambique,2023,34336.8,790.4,2688164.0,26000.0,Eastern Africa,East Africa,0.0,731140.8666666667,-95.3036683400636,0.012773327817796831
Mozambique,2023,34336.8,790.4,2688164.0,407.0,Eastern Africa,East Africa,0.0,34336.8,0.0,0.012773327817796831
Mozambique,2023,34336.8,790.4,2688164.0,158.79,Eastern Africa,East Africa,0.0,34336.8,0.0,0.012773327817796831
Mozambique,2024,2318945.0,810.0,2862895.0,31000.0,Eastern Africa,East Africa,6653.5268283590785,795872.8666666667,191.37128517929955,0.810000017464839
Mozambique,2024,2318945.0,810.0,2862895.0,31000.0,Eastern Africa,East Africa,0.0,1557408.9333333336,48.89763056879,0.810000017464839
Mozambique,2024,2318945.0,810.0,2862895.0,27000.0,Eastern Africa,East Africa,0.0,2318945.0,0.0,0.810000017464839
Mozambique,2024,2318945.0,810.0,2862895.0,160.52,Eastern Africa,East Africa,0.0,2318945.0,0.0,0.810000017464839
Namibia,2000,31550.0,717.0,44000.0,1007.0,Southern Africa,Southern Africa,,31550.0,0.0,0.7170454545454545
Namibia,2000,31550.0,717.0,44000.0,1007.0,Southern Africa,Southern Africa,0.0,31550.0,0.0,0.7170454545454545
Namibia,2000,31550.0,717.0,44000.0,145.1,Southern Africa,Southern Africa,0.0,31550.0,0.0,0.7170454545454545
Namibia,2000,31550.0,717.0,44000.0,20.9,Southern Africa,Southern Africa,0.0,31550.0,0.0,0.7170454545454545
Namibia,2001,27700.0,1325.4,20900.0,846.0,Southern Africa,Southern Africa,-12.202852614896987,30266.666666666668,-8.480176211453747,1.325358851674641
Namibia,2001,27700.0,1325.4,20900.0,846.0,Southern Africa,Southern Africa,0.0,28983.333333333332,-4.427832087406552,1.325358851674641
Namibia,2001,27700.0,1325.4,20900.0,98.3,Southern Africa,Southern Africa,0.0,27700.0,0.0,1.325358851674641
Namibia,2001,27700.0,1325.4,20900.0,17.56,Southern Africa,Southern Africa,0.0,27700.0,0.0,1.325358851674641
Namibia,2002,27800.0,1323.8,21000.0,1118.0,Southern Africa,Southern Africa,0.3610108303249149,27733.333333333332,0.24038461538461978,1.3238095238095238
Namibia,2002,27800.0,1323.8,21000.0,1118.0,Southern Africa,Southern Africa,0.0,27766.666666666668,0.12004801920767871,1.3238095238095238
Namibia,2002,27800.0,1323.8,21000.0,106.1,Southern Africa,Southern Africa,0.0,27800.0,0.0,1.3238095238095238
Namibia,2002,27800.0,1323.8,21000.0,23.21,Southern Africa,Southern Africa,0.0,27800.0,0.0,1.3238095238095238
Namibia,2003,28891.0,1234.7,23400.0,1729.0,Southern Africa,Southern Africa,3.924460431654686,28163.666666666668,2.582523582393387,1.2346581196581197
Namibia,2003,28891.0,1234.7,23400.0,1729.0,Southern Africa,Southern Africa,0.0,28527.333333333332,1.2748007758640878,1.2346581196581197
Namibia,2003,28891.0,1234.7,23400.0,228.6,Southern Africa,Southern Africa,0.0,28891.0,0.0,1.2346581196581197
Namibia,2003,28891.0,1234.7,23400.0,35.89,Southern Africa,Southern Africa,0.0,28891.0,0.0,1.2346581196581197
Namibia,2004,28244.0,1130.1,24992.0,2432.0,Southern Africa,Southern Africa,-2.2394517323733987,28675.333333333332,-1.504196405737796,1.1301216389244557
Namibia,2004,28244.0,1130.1,24992.0,2432.0,Southern Africa,Southern Africa,0.0,28459.666666666668,-0.7577975848862175,1.1301216389244557
Namibia,2004,28244.0,1130.1,24992.0,376.5,Southern Africa,Southern Africa,0.0,28244.0,0.0,1.1301216389244557
Namibia,2004,28244.0,1130.1,24992.0,50.48,Southern Africa,Southern Africa,0.0,28244.0,0.0,1.1301216389244557
Namibia,2005,40723.0,2260.6,18014.0,1755.0,Southern Africa,Southern Africa,44.182835292451486,32403.666666666668,25.674049233111475,2.2606306206284
Namibia,2005,40723.0,2260.6,18014.0,1755.0,Southern Africa,Southern Africa,0.0,36563.333333333336,11.376606800984586,2.2606306206284
Namibia,2005,40723.0,2260.6,18014.0,276.0,Southern Africa,Southern Africa,0.0,40723.0,0.0,2.2606306206284
Namibia,2005,40723.0,2260.6,18014.0,36.43,Southern Africa,Southern Africa,0.0,40723.0,0.0,2.2606306206284
Namibia,2006,60853.0,2105.3,28904.0,43.89,Southern Africa,Southern Africa,49.43152518232941,47433.0,28.292538949676388,2.1053487406587323
Namibia,2007,55523.0,2029.6,27356.0,48.49,Southern Africa,Southern Africa,-8.75881221961119,52366.333333333336,6.028046009204382,2.029646147097529
Namibia,2008,58101.0,2098.0,27694.0,53.92,Southern Africa,Southern Africa,4.6431208688291425,58159.0,-0.09972661153045961,2.0979634577886905
Namibia,2009,57320.0,2113.0,27127.0,58.18,Southern Africa,Southern Africa,-1.3442109430130245,56981.333333333336,0.5943466866342151,2.1130239245032625
Namibia,2010,53070.76,1979.2,26814.0,66.16,Southern Africa,Southern Africa,-7.413189113747376,56163.920000000006,-5.507379114563235,1.9792183187886925
Namibia,2011,53800.0,1918.8,28038.0,73.14,Southern Africa,Southern Africa,1.3740899885360536,54730.253333333334,-1.6997058786986565,1.918824452528711
Namibia,2012,87600.0,1885.0,46471.0,80.33,Southern Africa,Southern Africa,62.82527881040891,64823.58666666667,35.135996794582375,1.8850465881947882
Namibia,2013,40000.0,1849.1,21632.0,86.29,Southern Africa,Southern Africa,-54.337899543378995,60466.666666666664,-33.84785005512679,1.849112426035503
Namibia,2014,55985.0,1600.0,34991.0,92.77,Southern Africa,Southern Africa,39.96249999999999,61195.0,-8.513767464662147,1.59998285273356
Namibia,2015,55870.88,1851.0,30184.0,97.14,Southern Africa,Southern Africa,-0.20384031436992966,50618.62666666667,10.376127681061794,1.8510098065200105
Namibia,2016,43611.0,1951.3,22350.0,5304.0,Southern Africa,Southern Africa,-21.943237693768204,51822.293333333335,-15.845098325765594,1.951275167785235
Namibia,2016,43611.0,1951.3,22350.0,5304.0,Southern Africa,Southern Africa,0.0,47697.62666666667,-8.567777795792503,1.951275167785235
Namibia,2016,43611.0,1951.3,22350.0,360.6,Southern Africa,Southern Africa,0.0,43611.0,0.0,1.951275167785235
Namibia,2016,43611.0,1951.3,22350.0,110.09,Southern Africa,Southern Africa,0.0,43611.0,0.0,1.951275167785235
Namibia,2017,71037.0,2354.2,30174.0,4860.0,Southern Africa,Southern Africa,62.88780353580519,52753.0,34.65964021003545,2.354245376814476
Namibia,2017,71037.0,2354.2,30174.0,4860.0,Southern Africa,Southern Africa,0.0,61895.0,14.770175296873738,2.354245376814476
Namibia,2017,71037.0,2354.2,30174.0,365.1,Southern Africa,Southern Africa,0.0,71037.0,0.0,2.354245376814476
Namibia,2017,71037.0,2354.2,30174.0,100.88,Southern Africa,Southern Africa,0.0,71037.0,0.0,2.354245376814476
Namibia,2018,59253.0,2353.9,25172.0,4828.0,Southern Africa,Southern Africa,-16.588538367329697,67109.0,-11.706328510333934,2.353924996027332
Namibia,2018,59253.0,2353.9,25172.0,4670.0,Southern Africa,Southern Africa,0.0,63181.0,-6.2170589259429265,2.353924996027332
Namibia,2018,59253.0,2353.9,25172.0,4717.0,Southern Africa,Southern Africa,0.0,59253.0,0.0,2.353924996027332
Namibia,2018,59253.0,2353.9,25172.0,4788.0,Southern Africa,Southern Africa,0.0,59253.0,0.0,2.353924996027332
Namibia,2018,59253.0,2353.9,25172.0,4835.0,Southern Africa,Southern Africa,0.0,59253.0,0.0,2.353924996027332
Namibia,2018,59253.0,2353.9,25172.0,4882.0,Southern Africa,Southern Africa,0.0,59253.0,0.0,2.353924996027332
Namibia,2018,59253.0,2353.9,25172.0,4929.0,Southern Africa,Southern Africa,0.0,59253.0,0.0,2.353924996027332
Namibia,2018,59253.0,2353.9,25172.0,4976.0,Southern Africa,Southern Africa,0.0,59253.0,0.0,2.353924996027332
Namibia,2018,59253.0,2353.9,25172.0,4828.0,Southern Africa,Southern Africa,0.0,59253.0,0.0,2.353924996027332
Namibia,2018,59253.0,2353.9,25172.0,364.8,Southern Africa,Southern Africa,0.0,59253.0,0.0,2.353924996027332
Namibia,2018,59253.0,2353.9,25172.0,100.21,Southern Africa,Southern Africa,0.0,59253.0,0.0,2.353924996027332
Namibia,2019,45000.0,2162.4,20811.0,134.53,Southern Africa,Southern Africa,-24.05447825426561,54502.0,-17.43422259733588,2.162318004901254
Namibia,2020,60142.0,2160.4,27838.0,5009.0,Southern Africa,Southern Africa,33.648888888888884,54798.333333333336,9.751513123878459,2.160428191680437
Namibia,2020,60142.0,2160.4,27838.0,5009.0,Southern Africa,Southern Africa,0.0,55094.666666666664,9.161201326202178,2.160428191680437
Namibia,2020,60142.0,2160.4,27838.0,304.3,Southern Africa,Southern Africa,0.0,60142.0,0.0,2.160428191680437
Namibia,2020,60142.0,2160.4,27838.0,103.97,Southern Africa,Southern Africa,0.0,60142.0,0.0,2.160428191680437
Namibia,2021,78127.0,2229.3,35046.0,4712.0,Southern Africa,Southern Africa,29.904226663562895,66137.0,18.129035184541177,2.229270102151458
Namibia,2021,78127.0,2229.3,35046.0,4712.0,Southern Africa,Southern Africa,0.0,72132.0,8.311151777297178,2.229270102151458
Namibia,2021,78127.0,2229.3,35046.0,318.8,Southern Africa,Southern Africa,0.0,78127.0,0.0,2.229270102151458
Namibia,2021,78127.0,2229.3,35046.0,97.8,Southern Africa,Southern Africa,0.0,78127.0,0.0,2.229270102151458
Namibia,2022,98856.0,1930.0,51221.0,6639.0,Southern Africa,Southern Africa,26.532440769516306,85036.66666666667,16.251028967896193,1.9299896526815175
Namibia,2022,98856.0,1930.0,51221.0,6333.5,Southern Africa,Southern Africa,0.0,91946.33333333333,7.514890932754257,1.9299896526815175
Namibia,2022,98856.0,1930.0,51221.0,6437.3,Southern Africa,Southern Africa,0.0,98856.0,0.0,1.9299896526815175
Namibia,2022,98856.0,1930.0,51221.0,6358.3,Southern Africa,Southern Africa,0.0,98856.0,0.0,1.9299896526815175
Namibia,2022,98856.0,1930.0,51221.0,6266.9,Southern Africa,Southern Africa,0.0,98856.0,0.0,1.9299896526815175
Namibia,2022,98856.0,1930.0,51221.0,6455.1,Southern Africa,Southern Africa,0.0,98856.0,0.0,1.9299896526815175
Namibia,2022,98856.0,1930.0,51221.0,6842.7,Southern Africa,Southern Africa,0.0,98856.0,0.0,1.9299896526815175
Namibia,2022,98856.0,1930.0,51221.0,7431.1,Southern Africa,Southern Africa,0.0,98856.0,0.0,1.9299896526815175
Namibia,2022,98856.0,1930.0,51221.0,7419.7,Southern Africa,Southern Africa,0.0,98856.0,0.0,1.9299896526815175
Namibia,2022,98856.0,1930.0,51221.0,6639.0,Southern Africa,Southern Africa,0.0,98856.0,0.0,1.9299896526815175
Namibia,2022,98856.0,1930.0,51221.0,405.9,Southern Africa,Southern Africa,0.0,98856.0,0.0,1.9299896526815175
Namibia,2022,98856.0,1930.0,51221.0,137.8,Southern Africa,Southern Africa,0.0,98856.0,0.0,1.9299896526815175
Namibia,2023,73902.0,1184.1,62414.0,154.81,Southern Africa,Southern Africa,-25.24277737314883,90538.0,-18.374605138174026,1.1840612683051879
Namibia,2024,30056.0,933.0,32215.0,160.61,Southern Africa,Southern Africa,-59.32992341208627,67604.66666666667,-55.54153066356366,0.9329815303430079
Niger,2000,3784.0,615.4,6149.0,84000.0,Western Africa,West Africa,,3784.0,0.0,0.6153846153846154
Niger,2000,3784.0,615.4,6149.0,84000.0,Western Africa,West Africa,0.0,3784.0,0.0,0.6153846153846154
Niger,2000,3784.0,615.4,6149.0,118.0,Western Africa,West Africa,0.0,3784.0,0.0,0.6153846153846154
Niger,2000,3784.0,615.4,6149.0,34.12,Western Africa,West Africa,0.0,3784.0,0.0,0.6153846153846154
Niger,2001,2325.0,261.2,8901.0,86000.0,Western Africa,West Africa,-38.55708245243129,3297.6666666666665,-29.495602951581922,0.26120660599932594
Niger,2001,2325.0,261.2,8901.0,86000.0,Western Africa,West Africa,0.0,2811.3333333333335,-17.29902774484231,0.26120660599932594
Niger,2001,2325.0,261.2,8901.0,117.3,Western Africa,West Africa,0.0,2325.0,0.0,0.26120660599932594
Niger,2001,2325.0,261.2,8901.0,34.93,Western Africa,West Africa,0.0,2325.0,0.0,0.26120660599932594
Niger,2002,2907.0,585.3,4967.0,90000.0,Western Africa,West Africa,25.03225806451612,2519.0,15.40293767368003,0.585262734044695
Niger,2002,2907.0,585.3,4967.0,90000.0,Western Africa,West Africa,0.0,2713.0,7.150755621083671,0.585262734044695
Niger,2002,2907.0,585.3,4967.0,129.1,Western Africa,West Africa,0.0,2907.0,0.0,0.585262734044695
Niger,2002,2907.0,585.3,4967.0,36.56,Western Africa,West Africa,0.0,2907.0,0.0,0.585262734044695
Niger,2003,2216.0,508.5,4358.0,87000.0,Western Africa,West Africa,-23.7702098383213,2676.6666666666665,-17.210460772104604,0.5084901330885727
Niger,2003,2216.0,508.5,4358.0,87000.0,Western Africa,West Africa,0.0,2446.3333333333335,-9.415451696416412,0.5084901330885727
Niger,2003,2216.0,508.5,4358.0,149.7,Western Africa,West Africa,0.0,2216.0,0.0,0.5084901330885727
Niger,2003,2216.0,508.5,4358.0,35.34,Western Africa,West Africa,0.0,2216.0,0.0,0.5084901330885727
Niger,2004,3970.0,750.9,5287.0,41.84,Western Africa,West Africa,79.15162454873645,2800.6666666666665,41.75196381813855,0.7508984301115945
Niger,2005,979.0,825.5,1186.0,48.34,Western Africa,West Africa,-75.34005037783376,2388.3333333333335,-59.009071877180745,0.8254637436762225
Niger,2006,19085.0,1122.7,16999.0,54.84,Western Africa,West Africa,1849.438202247191,8011.333333333333,138.22501456270285,1.1227131007706335
Niger,2007,19324.0,1087.4,17771.0,151000.0,Western Africa,West Africa,1.2522923762116944,13129.333333333334,47.18188280694628,1.0873895672725227
Niger,2007,19324.0,1087.4,17771.0,151000.0,Western Africa,West Africa,0.0,19244.333333333332,0.41397467652816183,1.0873895672725227
Niger,2007,19324.0,1087.4,17771.0,315.1,Western Africa,West Africa,0.0,19324.0,0.0,1.0873895672725227
Niger,2007,19324.0,1087.4,17771.0,61.34,Western Africa,West Africa,0.0,19324.0,0.0,1.0873895672725227
Niger,2008,6409.0,958.9,6684.0,229000.0,Western Africa,West Africa,-66.83398882219002,15019.0,-57.327385311938215,0.9588569718731299
Niger,2008,6409.0,958.9,6684.0,229000.0,Western Africa,West Africa,0.0,10714.0,-40.18107149523987,0.9588569718731299
Niger,2008,6409.0,958.9,6684.0,511.4,Western Africa,West Africa,0.0,6409.0,0.0,0.9588569718731299
Niger,2008,6409.0,958.9,6684.0,93.02,Western Africa,West Africa,0.0,6409.0,0.0,0.9588569718731299
Niger,2009,1389.0,901.4,1541.0,227000.0,Western Africa,West Africa,-78.32735216102355,4735.666666666667,-70.66938832969663,0.9013627514600908
Niger,2009,1389.0,901.4,1541.0,227000.0,Western Africa,West Africa,0.0,3062.3333333333335,-54.64242951997388,0.9013627514600908
Niger,2009,1389.0,901.4,1541.0,480.7,Western Africa,West Africa,0.0,1389.0,0.0,0.9013627514600908
Niger,2009,1389.0,901.4,1541.0,92.21,Western Africa,West Africa,0.0,1389.0,0.0,0.9013627514600908
Niger,2010,9756.0,786.9,12398.0,209000.0,Western Africa,West Africa,602.3758099352052,4178.0,133.5088559119196,0.7869011130827552
Niger,2010,9756.0,786.9,12398.0,214000.0,Western Africa,West Africa,0.0,6967.0,40.031577436486295,0.7869011130827552
Niger,2010,9756.0,786.9,12398.0,212000.0,Western Africa,West Africa,0.0,9756.0,0.0,0.7869011130827552
Niger,2010,9756.0,786.9,12398.0,208000.0,Western Africa,West Africa,0.0,9756.0,0.0,0.7869011130827552
Niger,2010,9756.0,786.9,12398.0,214000.0,Western Africa,West Africa,0.0,9756.0,0.0,0.7869011130827552
Niger,2010,9756.0,786.9,12398.0,218000.0,Western Africa,West Africa,0.0,9756.0,0.0,0.7869011130827552
Niger,2010,9756.0,786.9,12398.0,224000.0,Western Africa,West Africa,0.0,9756.0,0.0,0.7869011130827552
Niger,2010,9756.0,786.9,12398.0,226000.0,Western Africa,West Africa,0.0,9756.0,0.0,0.7869011130827552
Niger,2010,9756.0,786.9,12398.0,222000.0,Western Africa,West Africa,0.0,9756.0,0.0,0.7869011130827552
Niger,2010,9756.0,786.9,12398.0,209000.0,Western Africa,West Africa,0.0,9756.0,0.0,0.7869011130827552
Niger,2010,9756.0,786.9,12398.0,193000.0,Western Africa,West Africa,0.0,9756.0,0.0,0.7869011130827552
Niger,2010,9756.0,786.9,12398.0,182000.0,Western Africa,West Africa,0.0,9756.0,0.0,0.7869011130827552
Niger,2010,9756.0,786.9,12398.0,191000.0,Western Africa,West Africa,0.0,9756.0,0.0,0.7869011130827552
Niger,2010,9756.0,786.9,12398.0,209000.0,Western Africa,West Africa,0.0,9756.0,0.0,0.7869011130827552
Niger,2010,9756.0,786.9,12398.0,422.0,Western Africa,West Africa,0.0,9756.0,0.0,0.7869011130827552
Niger,2010,9756.0,786.9,12398.0,84.9,Western Africa,West Africa,0.0,9756.0,0.0,0.7869011130827552
Niger,2011,6983.0,840.5,8308.0,216000.0,Western Africa,West Africa,-28.423534235342352,8831.666666666666,-20.93225136818267,0.840515166104959
Niger,2011,6983.0,840.5,8308.0,198000.0,Western Africa,West Africa,0.0,7907.333333333333,-11.68957086249051,0.840515166104959
Niger,2011,6983.0,840.5,8308.0,202000.0,Western Africa,West Africa,0.0,6983.0,0.0,0.840515166104959
Niger,2011,6983.0,840.5,8308.0,203000.0,Western Africa,West Africa,0.0,6983.0,0.0,0.840515166104959
Niger,2011,6983.0,840.5,8308.0,210000.0,Western Africa,West Africa,0.0,6983.0,0.0,0.840515166104959
Niger,2011,6983.0,840.5,8308.0,223000.0,Western Africa,West Africa,0.0,6983.0,0.0,0.840515166104959
Niger,2011,6983.0,840.5,8308.0,218000.0,Western Africa,West Africa,0.0,6983.0,0.0,0.840515166104959
Niger,2011,6983.0,840.5,8308.0,216000.0,Western Africa,West Africa,0.0,6983.0,0.0,0.840515166104959
Niger,2011,6983.0,840.5,8308.0,223000.0,Western Africa,West Africa,0.0,6983.0,0.0,0.840515166104959
Niger,2011,6983.0,840.5,8308.0,222000.0,Western Africa,West Africa,0.0,6983.0,0.0,0.840515166104959
Niger,2011,6983.0,840.5,8308.0,221000.0,Western Africa,West Africa,0.0,6983.0,0.0,0.840515166104959
Niger,2011,6983.0,840.5,8308.0,221000.0,Western Africa,West Africa,0.0,6983.0,0.0,0.840515166104959
Niger,2011,6983.0,840.5,8308.0,227000.0,Western Africa,West Africa,0.0,6983.0,0.0,0.840515166104959
Niger,2011,6983.0,840.5,8308.0,216000.0,Western Africa,West Africa,0.0,6983.0,0.0,0.840515166104959
Niger,2011,6983.0,840.5,8308.0,457.8,Western Africa,West Africa,0.0,6983.0,0.0,0.840515166104959
Niger,2011,6983.0,840.5,8308.0,87.74,Western Africa,West Africa,0.0,6983.0,0.0,0.840515166104959
Niger,2012,15844.0,1043.7,15180.0,244000.0,Western Africa,West Africa,126.89388514964915,9936.666666666666,59.449849043944994,1.0437417654808958
Niger,2012,15844.0,1043.7,15180.0,244000.0,Western Africa,West Africa,0.0,12890.333333333334,22.913811383207047,1.0437417654808958
Niger,2012,15844.0,1043.7,15180.0,477.9,Western Africa,West Africa,0.0,15844.0,0.0,1.0437417654808958
Niger,2012,15844.0,1043.7,15180.0,99.11,Western Africa,West Africa,0.0,15844.0,0.0,1.0437417654808958
Niger,2013,17813.0,1232.6,14452.0,101.12,Western Africa,West Africa,12.427417318858879,16500.333333333332,7.95539484050828,1.2325629670633822
Niger,2014,56596.83,1760.2,32154.0,102.85,Western Africa,West Africa,217.72767080222312,30084.61,88.12552331574184,1.7601800709087516
Niger,2015,35387.0,1222.9,28936.0,105.17,Western Africa,West Africa,-37.47529676132038,36598.943333333336,-3.311416185694987,1.2229402820016588
Niger,2016,38022.36,1217.7,31224.0,91.98,Western Africa,West Africa,7.447254641535039,43335.39666666667,-12.260270068679038,1.217728670253651
Niger,2017,38344.55,1425.7,26895.0,84.87,Western Africa,West Africa,0.8473698108165895,37251.30333333334,2.9347876955714547,1.4257129577988474
Niger,2018,29535.77,1463.2,20185.0,82.59,Western Africa,West Africa,-22.97270407398183,35300.89333333333,-16.331380848907695,1.4632534059945503
Niger,2019,37900.27,1559.9,24297.0,80.83,Western Africa,West Africa,28.31989821155838,35260.19666666666,7.487403880050207,1.5598744700991891
Niger,2020,6419.0,756.9,8481.0,195000.0,Western Africa,West Africa,-83.06344519445375,24618.346666666665,-73.9259500773407,0.7568682938332744
Niger,2020,6419.0,756.9,8481.0,195000.0,Western Africa,West Africa,0.0,16912.756666666664,-62.0464000841968,0.7568682938332744
Niger,2020,6419.0,756.9,8481.0,338.8,Western Africa,West Africa,0.0,6419.0,0.0,0.7568682938332744
Niger,2020,6419.0,756.9,8481.0,79.21,Western Africa,West Africa,0.0,6419.0,0.0,0.7568682938332744
Niger,2021,5681.0,542.8,10467.0,201000.0,Western Africa,West Africa,-11.49711793114192,6173.0,-7.97019277498785,0.5427534154963217
Niger,2021,5681.0,542.8,10467.0,201000.0,Western Africa,West Africa,0.0,5927.0,-4.150497722287835,0.5427534154963217
Niger,2021,5681.0,542.8,10467.0,362.5,Western Africa,West Africa,0.0,5681.0,0.0,0.5427534154963217
Niger,2021,5681.0,542.8,10467.0,81.65,Western Africa,West Africa,0.0,5681.0,0.0,0.5427534154963217
Niger,2022,46109.82,1484.2,31066.0,207000.0,Western Africa,West Africa,711.6497095581764,19157.273333333334,140.69093340005588,1.48425352475375
Niger,2022,46109.82,1484.2,31066.0,207000.0,Western Africa,West Africa,0.0,32633.546666666665,41.29576681010462,1.48425352475375
Niger,2022,46109.82,1484.2,31066.0,331.9,Western Africa,West Africa,0.0,46109.82,0.0,1.48425352475375
Niger,2022,46109.82,1484.2,31066.0,84.08,Western Africa,West Africa,0.0,46109.82,0.0,1.48425352475375
Niger,2023,43379.94,1414.7,30664.0,86.13,Western Africa,West Africa,-5.920387457595799,45199.86000000001,-4.0263841525172985,1.4146862770675712
Niger,2024,44297.95,1215.1,36455.0,85.05,Western Africa,West Africa,2.1162085516946094,44595.90333333333,-0.6681181701966447,1.2151405842819913
Nigeria,2000,563666.67,3466.2,162619.0,47.19,Western Africa,West Africa,,563666.67,0.0,3.4661796592034144
Nigeria,2000,563666.67,3466.2,162619.0,34.14,Western Africa,West Africa,0.0,563666.67,0.0,3.4661796592034144
Nigeria,2000,563666.67,3466.2,3159000.0,47.19,Western Africa,West Africa,0.0,563666.67,0.0,0.17843199430199433
Nigeria,2000,563666.67,3466.2,3159000.0,34.14,Western Africa,West Africa,0.0,563666.67,0.0,0.17843199430199433
Nigeria,2000,563666.67,1300.1,162619.0,47.19,Western Africa,West Africa,0.0,563666.67,0.0,3.4661796592034144
Nigeria,2000,563666.67,1300.1,162619.0,34.14,Western Africa,West Africa,0.0,563666.67,0.0,3.4661796592034144
Nigeria,2000,563666.67,1300.1,3159000.0,47.19,Western Africa,West Africa,0.0,563666.67,0.0,0.17843199430199433
Nigeria,2000,563666.67,1300.1,3159000.0,34.14,Western Africa,West Africa,0.0,563666.67,0.0,0.17843199430199433
Nigeria,2000,4107000.0,3466.2,162619.0,47.19,Western Africa,West Africa,628.6221127816551,1744777.78,135.38814209337303,25.25535146569589
Nigeria,2000,4107000.0,3466.2,162619.0,34.14,Western Africa,West Africa,0.0,2925888.89,40.36759953656339,25.25535146569589
Nigeria,2000,4107000.0,3466.2,3159000.0,47.19,Western Africa,West Africa,0.0,4107000.0,0.0,1.3000949667616335
Nigeria,2000,4107000.0,3466.2,3159000.0,34.14,Western Africa,West Africa,0.0,4107000.0,0.0,1.3000949667616335
Nigeria,2000,4107000.0,1300.1,162619.0,47.19,Western Africa,West Africa,0.0,4107000.0,0.0,25.25535146569589
Nigeria,2000,4107000.0,1300.1,162619.0,34.14,Western Africa,West Africa,0.0,4107000.0,0.0,25.25535146569589
Nigeria,2000,4107000.0,1300.1,3159000.0,47.19,Western Africa,West Africa,0.0,4107000.0,0.0,1.3000949667616335
Nigeria,2000,4107000.0,1300.1,3159000.0,34.14,Western Africa,West Africa,0.0,4107000.0,0.0,1.3000949667616335
Nigeria,2001,566025.02,3488.2,162268.0,92.22,Western Africa,West Africa,-86.21804187971756,2926675.0066666664,-80.65979247061416,3.4882109842975817
Nigeria,2001,566025.02,3488.2,162268.0,37970.0,Western Africa,West Africa,0.0,1746350.0133333334,-67.58811145083088,3.4882109842975817
Nigeria,2001,566025.02,3488.2,162268.0,37970.0,Western Africa,West Africa,0.0,566025.02,0.0,3.4882109842975817
Nigeria,2001,566025.02,3488.2,162268.0,341.4,Western Africa,West Africa,0.0,566025.02,0.0,3.4882109842975817
Nigeria,2001,566025.02,3488.2,162268.0,55.64,Western Africa,West Africa,0.0,566025.02,0.0,3.4882109842975817
Nigeria,2001,566025.02,3488.2,3283000.0,92.22,Western Africa,West Africa,0.0,566025.02,0.0,0.17241091075236065
Nigeria,2001,566025.02,3488.2,3283000.0,37970.0,Western Africa,West Africa,0.0,566025.02,0.0,0.17241091075236065
Nigeria,2001,566025.02,3488.2,3283000.0,37970.0,Western Africa,West Africa,0.0,566025.02,0.0,0.17241091075236065
Nigeria,2001,566025.02,3488.2,3283000.0,341.4,Western Africa,West Africa,0.0,566025.02,0.0,0.17241091075236065
Nigeria,2001,566025.02,3488.2,3283000.0,55.64,Western Africa,West Africa,0.0,566025.02,0.0,0.17241091075236065
Nigeria,2001,566025.02,1399.9,162268.0,92.22,Western Africa,West Africa,0.0,566025.02,0.0,3.4882109842975817
Nigeria,2001,566025.02,1399.9,162268.0,37970.0,Western Africa,West Africa,0.0,566025.02,0.0,3.4882109842975817
Nigeria,2001,566025.02,1399.9,162268.0,37970.0,Western Africa,West Africa,0.0,566025.02,0.0,3.4882109842975817
Nigeria,2001,566025.02,1399.9,162268.0,341.4,Western Africa,West Africa,0.0,566025.02,0.0,3.4882109842975817
Nigeria,2001,566025.02,1399.9,162268.0,55.64,Western Africa,West Africa,0.0,566025.02,0.0,3.4882109842975817
Nigeria,2001,566025.02,1399.9,3283000.0,92.22,Western Africa,West Africa,0.0,566025.02,0.0,0.17241091075236065
Nigeria,2001,566025.02,1399.9,3283000.0,37970.0,Western Africa,West Africa,0.0,566025.02,0.0,0.17241091075236065
Nigeria,2001,566025.02,1399.9,3283000.0,37970.0,Western Africa,West Africa,0.0,566025.02,0.0,0.17241091075236065
Nigeria,2001,566025.02,1399.9,3283000.0,341.4,Western Africa,West Africa,0.0,566025.02,0.0,0.17241091075236065
Nigeria,2001,566025.02,1399.9,3283000.0,55.64,Western Africa,West Africa,0.0,566025.02,0.0,0.17241091075236065
Nigeria,2001,4596000.0,3488.2,162268.0,92.22,Western Africa,West Africa,711.9782408205206,1909350.0133333334,140.71018765052546,28.32351418640767
Nigeria,2001,4596000.0,3488.2,162268.0,37970.0,Western Africa,West Africa,0.0,3252675.0066666664,41.29908430999289,28.32351418640767
Nigeria,2001,4596000.0,3488.2,162268.0,37970.0,Western Africa,West Africa,0.0,4596000.0,0.0,28.32351418640767
Nigeria,2001,4596000.0,3488.2,162268.0,341.4,Western Africa,West Africa,0.0,4596000.0,0.0,28.32351418640767
Nigeria,2001,4596000.0,3488.2,162268.0,55.64,Western Africa,West Africa,0.0,4596000.0,0.0,28.32351418640767
Nigeria,2001,4596000.0,3488.2,3283000.0,92.22,Western Africa,West Africa,0.0,4596000.0,0.0,1.3999390801096558
Nigeria,2001,4596000.0,3488.2,3283000.0,37970.0,Western Africa,West Africa,0.0,4596000.0,0.0,1.3999390801096558
Nigeria,2001,4596000.0,3488.2,3283000.0,37970.0,Western Africa,West Africa,0.0,4596000.0,0.0,1.3999390801096558
Nigeria,2001,4596000.0,3488.2,3283000.0,341.4,Western Africa,West Africa,0.0,4596000.0,0.0,1.3999390801096558
Nigeria,2001,4596000.0,3488.2,3283000.0,55.64,Western Africa,West Africa,0.0,4596000.0,0.0,1.3999390801096558
Nigeria,2001,4596000.0,1399.9,162268.0,92.22,Western Africa,West Africa,0.0,4596000.0,0.0,28.32351418640767
Nigeria,2001,4596000.0,1399.9,162268.0,37970.0,Western Africa,West Africa,0.0,4596000.0,0.0,28.32351418640767
Nigeria,2001,4596000.0,1399.9,162268.0,37970.0,Western Africa,West Africa,0.0,4596000.0,0.0,28.32351418640767
Nigeria,2001,4596000.0,1399.9,162268.0,341.4,Western Africa,West Africa,0.0,4596000.0,0.0,28.32351418640767
Nigeria,2001,4596000.0,1399.9,162268.0,55.64,Western Africa,West Africa,0.0,4596000.0,0.0,28.32351418640767
Nigeria,2001,4596000.0,1399.9,3283000.0,92.22,Western Africa,West Africa,0.0,4596000.0,0.0,1.3999390801096558
Nigeria,2001,4596000.0,1399.9,3283000.0,37970.0,Western Africa,West Africa,0.0,4596000.0,0.0,1.3999390801096558
Nigeria,2001,4596000.0,1399.9,3283000.0,37970.0,Western Africa,West Africa,0.0,4596000.0,0.0,1.3999390801096558
Nigeria,2001,4596000.0,1399.9,3283000.0,341.4,Western Africa,West Africa,0.0,4596000.0,0.0,1.3999390801096558
Nigeria,2001,4596000.0,1399.9,3283000.0,55.64,Western Africa,West Africa,0.0,4596000.0,0.0,1.3999390801096558
Nigeria,2002,576000.0,3577.6,161000.0,96.22,Western Africa,West Africa,-87.46736292428199,3256000.0,-82.30958230958231,3.577639751552795
Nigeria,2002,576000.0,3577.6,161000.0,46180.0,Western Africa,West Africa,0.0,1916000.0,-69.93736951983298,3.577639751552795
Nigeria,2002,576000.0,3577.6,161000.0,46180.0,Western Africa,West Africa,0.0,576000.0,0.0,3.577639751552795
Nigeria,2002,576000.0,3577.6,161000.0,383.0,Western Africa,West Africa,0.0,576000.0,0.0,3.577639751552795
Nigeria,2002,576000.0,3577.6,161000.0,67.67,Western Africa,West Africa,0.0,576000.0,0.0,3.577639751552795
Nigeria,2002,576000.0,3577.6,3282000.0,96.22,Western Africa,West Africa,0.0,576000.0,0.0,0.17550274223034734
Nigeria,2002,576000.0,3577.6,3282000.0,46180.0,Western Africa,West Africa,0.0,576000.0,0.0,0.17550274223034734
Nigeria,2002,576000.0,3577.6,3282000.0,46180.0,Western Africa,West Africa,0.0,576000.0,0.0,0.17550274223034734
Nigeria,2002,576000.0,3577.6,3282000.0,383.0,Western Africa,West Africa,0.0,576000.0,0.0,0.17550274223034734
Nigeria,2002,576000.0,3577.6,3282000.0,67.67,Western Africa,West Africa,0.0,576000.0,0.0,0.17550274223034734
Nigeria,2002,576000.0,1489.9,161000.0,96.22,Western Africa,West Africa,0.0,576000.0,0.0,3.577639751552795
Nigeria,2002,576000.0,1489.9,161000.0,46180.0,Western Africa,West Africa,0.0,576000.0,0.0,3.577639751552795
Nigeria,2002,576000.0,1489.9,161000.0,46180.0,Western Africa,West Africa,0.0,576000.0,0.0,3.577639751552795
Nigeria,2002,576000.0,1489.9,161000.0,383.0,Western Africa,West Africa,0.0,576000.0,0.0,3.577639751552795
Nigeria,2002,576000.0,1489.9,161000.0,67.67,Western Africa,West Africa,0.0,576000.0,0.0,3.577639751552795
Nigeria,2002,576000.0,1489.9,3282000.0,96.22,Western Africa,West Africa,0.0,576000.0,0.0,0.17550274223034734
Nigeria,2002,576000.0,1489.9,3282000.0,46180.0,Western Africa,West Africa,0.0,576000.0,0.0,0.17550274223034734
Nigeria,2002,576000.0,1489.9,3282000.0,46180.0,Western Africa,West Africa,0.0,576000.0,0.0,0.17550274223034734
Nigeria,2002,576000.0,1489.9,3282000.0,383.0,Western Africa,West Africa,0.0,576000.0,0.0,0.17550274223034734
Nigeria,2002,576000.0,1489.9,3282000.0,67.67,Western Africa,West Africa,0.0,576000.0,0.0,0.17550274223034734
Nigeria,2002,4890000.0,3577.6,161000.0,96.22,Western Africa,West Africa,748.9583333333334,2014000.0,142.80039721946375,30.372670807453417
Nigeria,2002,4890000.0,3577.6,161000.0,46180.0,Western Africa,West Africa,0.0,3452000.0,41.65701042873696,30.372670807453417
Nigeria,2002,4890000.0,3577.6,161000.0,46180.0,Western Africa,West Africa,0.0,4890000.0,0.0,30.372670807453417
Nigeria,2002,4890000.0,3577.6,161000.0,383.0,Western Africa,West Africa,0.0,4890000.0,0.0,30.372670807453417
Nigeria,2002,4890000.0,3577.6,161000.0,67.67,Western Africa,West Africa,0.0,4890000.0,0.0,30.372670807453417
Nigeria,2002,4890000.0,3577.6,3282000.0,96.22,Western Africa,West Africa,0.0,4890000.0,0.0,1.489945155393053
Nigeria,2002,4890000.0,3577.6,3282000.0,46180.0,Western Africa,West Africa,0.0,4890000.0,0.0,1.489945155393053
Nigeria,2002,4890000.0,3577.6,3282000.0,46180.0,Western Africa,West Africa,0.0,4890000.0,0.0,1.489945155393053
Nigeria,2002,4890000.0,3577.6,3282000.0,383.0,Western Africa,West Africa,0.0,4890000.0,0.0,1.489945155393053
Nigeria,2002,4890000.0,3577.6,3282000.0,67.67,Western Africa,West Africa,0.0,4890000.0,0.0,1.489945155393053
Nigeria,2002,4890000.0,1489.9,161000.0,96.22,Western Africa,West Africa,0.0,4890000.0,0.0,30.372670807453417
Nigeria,2002,4890000.0,1489.9,161000.0,46180.0,Western Africa,West Africa,0.0,4890000.0,0.0,30.372670807453417
Nigeria,2002,4890000.0,1489.9,161000.0,46180.0,Western Africa,West Africa,0.0,4890000.0,0.0,30.372670807453417
Nigeria,2002,4890000.0,1489.9,161000.0,383.0,Western Africa,West Africa,0.0,4890000.0,0.0,30.372670807453417
Nigeria,2002,4890000.0,1489.9,161000.0,67.67,Western Africa,West Africa,0.0,4890000.0,0.0,30.372670807453417
Nigeria,2002,4890000.0,1489.9,3282000.0,96.22,Western Africa,West Africa,0.0,4890000.0,0.0,1.489945155393053
Nigeria,2002,4890000.0,1489.9,3282000.0,46180.0,Western Africa,West Africa,0.0,4890000.0,0.0,1.489945155393053
Nigeria,2002,4890000.0,1489.9,3282000.0,46180.0,Western Africa,West Africa,0.0,4890000.0,0.0,1.489945155393053
Nigeria,2002,4890000.0,1489.9,3282000.0,383.0,Western Africa,West Africa,0.0,4890000.0,0.0,1.489945155393053
Nigeria,2002,4890000.0,1489.9,3282000.0,67.67,Western Africa,West Africa,0.0,4890000.0,0.0,1.489945155393053
Nigeria,2003,575635.42,3537.0,162748.0,79.22,Western Africa,West Africa,-88.2283145194274,3451878.473333333,-83.3239951971967,3.5369738491410034
Nigeria,2003,575635.42,3537.0,162748.0,38020.0,Western Africa,West Africa,0.0,2013756.9466666665,-71.41485118386116,3.5369738491410034
Nigeria,2003,575635.42,3537.0,162748.0,38020.0,Western Africa,West Africa,0.0,575635.42,0.0,3.5369738491410034
Nigeria,2003,575635.42,3537.0,162748.0,294.2,Western Africa,West Africa,0.0,575635.42,0.0,3.5369738491410034
Nigeria,2003,575635.42,3537.0,162748.0,55.71,Western Africa,West Africa,0.0,575635.42,0.0,3.5369738491410034
Nigeria,2003,575635.42,3537.0,3469000.0,79.22,Western Africa,West Africa,0.0,575635.42,0.0,0.16593699048717211
Nigeria,2003,575635.42,3537.0,3469000.0,38020.0,Western Africa,West Africa,0.0,575635.42,0.0,0.16593699048717211
Nigeria,2003,575635.42,3537.0,3469000.0,38020.0,Western Africa,West Africa,0.0,575635.42,0.0,0.16593699048717211
Nigeria,2003,575635.42,3537.0,3469000.0,294.2,Western Africa,West Africa,0.0,575635.42,0.0,0.16593699048717211
Nigeria,2003,575635.42,3537.0,3469000.0,55.71,Western Africa,West Africa,0.0,575635.42,0.0,0.16593699048717211
Nigeria,2003,575635.42,1499.9,162748.0,79.22,Western Africa,West Africa,0.0,575635.42,0.0,3.5369738491410034
Nigeria,2003,575635.42,1499.9,162748.0,38020.0,Western Africa,West Africa,0.0,575635.42,0.0,3.5369738491410034
Nigeria,2003,575635.42,1499.9,162748.0,38020.0,Western Africa,West Africa,0.0,575635.42,0.0,3.5369738491410034
Nigeria,2003,575635.42,1499.9,162748.0,294.2,Western Africa,West Africa,0.0,575635.42,0.0,3.5369738491410034
Nigeria,2003,575635.42,1499.9,162748.0,55.71,Western Africa,West Africa,0.0,575635.42,0.0,3.5369738491410034
Nigeria,2003,575635.42,1499.9,3469000.0,79.22,Western Africa,West Africa,0.0,575635.42,0.0,0.16593699048717211
Nigeria,2003,575635.42,1499.9,3469000.0,38020.0,Western Africa,West Africa,0.0,575635.42,0.0,0.16593699048717211
Nigeria,2003,575635.42,1499.9,3469000.0,38020.0,Western Africa,West Africa,0.0,575635.42,0.0,0.16593699048717211
Nigeria,2003,575635.42,1499.9,3469000.0,294.2,Western Africa,West Africa,0.0,575635.42,0.0,0.16593699048717211
Nigeria,2003,575635.42,1499.9,3469000.0,55.71,Western Africa,West Africa,0.0,575635.42,0.0,0.16593699048717211
Nigeria,2003,5203000.0,3537.0,162748.0,79.22,Western Africa,West Africa,803.8707173370256,2118090.28,145.64580882737445,31.969670902253792
Nigeria,2003,5203000.0,3537.0,162748.0,38020.0,Western Africa,West Africa,0.0,3660545.14,42.13729925483175,31.969670902253792
Nigeria,2003,5203000.0,3537.0,162748.0,38020.0,Western Africa,West Africa,0.0,5203000.0,0.0,31.969670902253792
Nigeria,2003,5203000.0,3537.0,162748.0,294.2,Western Africa,West Africa,0.0,5203000.0,0.0,31.969670902253792
Nigeria,2003,5203000.0,3537.0,162748.0,55.71,Western Africa,West Africa,0.0,5203000.0,0.0,31.969670902253792
Nigeria,2003,5203000.0,3537.0,3469000.0,79.22,Western Africa,West Africa,0.0,5203000.0,0.0,1.4998558662438743
Nigeria,2003,5203000.0,3537.0,3469000.0,38020.0,Western Africa,West Africa,0.0,5203000.0,0.0,1.4998558662438743
Nigeria,2003,5203000.0,3537.0,3469000.0,38020.0,Western Africa,West Africa,0.0,5203000.0,0.0,1.4998558662438743
Nigeria,2003,5203000.0,3537.0,3469000.0,294.2,Western Africa,West Africa,0.0,5203000.0,0.0,1.4998558662438743
Nigeria,2003,5203000.0,3537.0,3469000.0,55.71,Western Africa,West Africa,0.0,5203000.0,0.0,1.4998558662438743
Nigeria,2003,5203000.0,1499.9,162748.0,79.22,Western Africa,West Africa,0.0,5203000.0,0.0,31.969670902253792
Nigeria,2003,5203000.0,1499.9,162748.0,38020.0,Western Africa,West Africa,0.0,5203000.0,0.0,31.969670902253792
Nigeria,2003,5203000.0,1499.9,162748.0,38020.0,Western Africa,West Africa,0.0,5203000.0,0.0,31.969670902253792
Nigeria,2003,5203000.0,1499.9,162748.0,294.2,Western Africa,West Africa,0.0,5203000.0,0.0,31.969670902253792
Nigeria,2003,5203000.0,1499.9,162748.0,55.71,Western Africa,West Africa,0.0,5203000.0,0.0,31.969670902253792
Nigeria,2003,5203000.0,1499.9,3469000.0,79.22,Western Africa,West Africa,0.0,5203000.0,0.0,1.4998558662438743
Nigeria,2003,5203000.0,1499.9,3469000.0,38020.0,Western Africa,West Africa,0.0,5203000.0,0.0,1.4998558662438743
Nigeria,2003,5203000.0,1499.9,3469000.0,38020.0,Western Africa,West Africa,0.0,5203000.0,0.0,1.4998558662438743
Nigeria,2003,5203000.0,1499.9,3469000.0,294.2,Western Africa,West Africa,0.0,5203000.0,0.0,1.4998558662438743
Nigeria,2003,5203000.0,1499.9,3469000.0,55.71,Western Africa,West Africa,0.0,5203000.0,0.0,1.4998558662438743
Nigeria,2004,582162.08,3554.9,163763.0,92.89,Western Africa,West Africa,-88.81103055929272,3662720.6933333334,-84.10574737354074,3.5549060532598937
Nigeria,2004,582162.08,3554.9,163763.0,44580.0,Western Africa,West Africa,0.0,2122441.3866666667,-72.57111156721759,3.5549060532598937
Nigeria,2004,582162.08,3554.9,163763.0,44580.0,Western Africa,West Africa,0.0,582162.08,0.0,3.5549060532598937
Nigeria,2004,582162.08,3554.9,163763.0,335.5,Western Africa,West Africa,0.0,582162.08,0.0,3.5549060532598937
Nigeria,2004,582162.08,3554.9,163763.0,65.33,Western Africa,West Africa,0.0,582162.08,0.0,3.5549060532598937
Nigeria,2004,582162.08,3554.9,3479000.0,92.89,Western Africa,West Africa,0.0,582162.08,0.0,0.167336039091693
Nigeria,2004,582162.08,3554.9,3479000.0,44580.0,Western Africa,West Africa,0.0,582162.08,0.0,0.167336039091693
Nigeria,2004,582162.08,3554.9,3479000.0,44580.0,Western Africa,West Africa,0.0,582162.08,0.0,0.167336039091693
Nigeria,2004,582162.08,3554.9,3479000.0,335.5,Western Africa,West Africa,0.0,582162.08,0.0,0.167336039091693
Nigeria,2004,582162.08,3554.9,3479000.0,65.33,Western Africa,West Africa,0.0,582162.08,0.0,0.167336039091693
Nigeria,2004,582162.08,1600.2,163763.0,92.89,Western Africa,West Africa,0.0,582162.08,0.0,3.5549060532598937
Nigeria,2004,582162.08,1600.2,163763.0,44580.0,Western Africa,West Africa,0.0,582162.08,0.0,3.5549060532598937
Nigeria,2004,582162.08,1600.2,163763.0,44580.0,Western Africa,West Africa,0.0,582162.08,0.0,3.5549060532598937
Nigeria,2004,582162.08,1600.2,163763.0,335.5,Western Africa,West Africa,0.0,582162.08,0.0,3.5549060532598937
Nigeria,2004,582162.08,1600.2,163763.0,65.33,Western Africa,West Africa,0.0,582162.08,0.0,3.5549060532598937
Nigeria,2004,582162.08,1600.2,3479000.0,92.89,Western Africa,West Africa,0.0,582162.08,0.0,0.167336039091693
Nigeria,2004,582162.08,1600.2,3479000.0,44580.0,Western Africa,West Africa,0.0,582162.08,0.0,0.167336039091693
Nigeria,2004,582162.08,1600.2,3479000.0,44580.0,Western Africa,West Africa,0.0,582162.08,0.0,0.167336039091693
Nigeria,2004,582162.08,1600.2,3479000.0,335.5,Western Africa,West Africa,0.0,582162.08,0.0,0.167336039091693
Nigeria,2004,582162.08,1600.2,3479000.0,65.33,Western Africa,West Africa,0.0,582162.08,0.0,0.167336039091693
Nigeria,2004,5567000.0,3554.9,163763.0,92.89,Western Africa,West Africa,856.2629019052563,2243774.72,148.10868713236948,33.99424778490868
Nigeria,2004,5567000.0,3554.9,163763.0,44580.0,Western Africa,West Africa,0.0,3905387.36,42.546679415687976,33.99424778490868
Nigeria,2004,5567000.0,3554.9,163763.0,44580.0,Western Africa,West Africa,0.0,5567000.0,0.0,33.99424778490868
Nigeria,2004,5567000.0,3554.9,163763.0,335.5,Western Africa,West Africa,0.0,5567000.0,0.0,33.99424778490868
Nigeria,2004,5567000.0,3554.9,163763.0,65.33,Western Africa,West Africa,0.0,5567000.0,0.0,33.99424778490868
Nigeria,2004,5567000.0,3554.9,3479000.0,92.89,Western Africa,West Africa,0.0,5567000.0,0.0,1.6001724633515377
Nigeria,2004,5567000.0,3554.9,3479000.0,44580.0,Western Africa,West Africa,0.0,5567000.0,0.0,1.6001724633515377
Nigeria,2004,5567000.0,3554.9,3479000.0,44580.0,Western Africa,West Africa,0.0,5567000.0,0.0,1.6001724633515377
Nigeria,2004,5567000.0,3554.9,3479000.0,335.5,Western Africa,West Africa,0.0,5567000.0,0.0,1.6001724633515377
Nigeria,2004,5567000.0,3554.9,3479000.0,65.33,Western Africa,West Africa,0.0,5567000.0,0.0,1.6001724633515377
Nigeria,2004,5567000.0,1600.2,163763.0,92.89,Western Africa,West Africa,0.0,5567000.0,0.0,33.99424778490868
Nigeria,2004,5567000.0,1600.2,163763.0,44580.0,Western Africa,West Africa,0.0,5567000.0,0.0,33.99424778490868
Nigeria,2004,5567000.0,1600.2,163763.0,44580.0,Western Africa,West Africa,0.0,5567000.0,0.0,33.99424778490868
Nigeria,2004,5567000.0,1600.2,163763.0,335.5,Western Africa,West Africa,0.0,5567000.0,0.0,33.99424778490868
Nigeria,2004,5567000.0,1600.2,163763.0,65.33,Western Africa,West Africa,0.0,5567000.0,0.0,33.99424778490868
Nigeria,2004,5567000.0,1600.2,3479000.0,92.89,Western Africa,West Africa,0.0,5567000.0,0.0,1.6001724633515377
Nigeria,2004,5567000.0,1600.2,3479000.0,44580.0,Western Africa,West Africa,0.0,5567000.0,0.0,1.6001724633515377
Nigeria,2004,5567000.0,1600.2,3479000.0,44580.0,Western Africa,West Africa,0.0,5567000.0,0.0,1.6001724633515377
Nigeria,2004,5567000.0,1600.2,3479000.0,335.5,Western Africa,West Africa,0.0,5567000.0,0.0,1.6001724633515377
Nigeria,2004,5567000.0,1600.2,3479000.0,65.33,Western Africa,West Africa,0.0,5567000.0,0.0,1.6001724633515377
Nigeria,2005,576500.0,3569.7,161500.0,130.58,Western Africa,West Africa,-89.64433267469015,3903500.0,-85.2312027667478,3.569659442724458
Nigeria,2005,576500.0,3569.7,161500.0,62670.0,Western Africa,West Africa,0.0,2240000.0,-74.26339285714286,3.569659442724458
Nigeria,2005,576500.0,3569.7,161500.0,62670.0,Western Africa,West Africa,0.0,576500.0,0.0,3.569659442724458
Nigeria,2005,576500.0,3569.7,161500.0,477.4,Western Africa,West Africa,0.0,576500.0,0.0,3.569659442724458
Nigeria,2005,576500.0,3569.7,161500.0,91.84,Western Africa,West Africa,0.0,576500.0,0.0,3.569659442724458
Nigeria,2005,576500.0,3569.7,3589000.0,130.58,Western Africa,West Africa,0.0,576500.0,0.0,0.16062970186681527
Nigeria,2005,576500.0,3569.7,3589000.0,62670.0,Western Africa,West Africa,0.0,576500.0,0.0,0.16062970186681527
Nigeria,2005,576500.0,3569.7,3589000.0,62670.0,Western Africa,West Africa,0.0,576500.0,0.0,0.16062970186681527
Nigeria,2005,576500.0,3569.7,3589000.0,477.4,Western Africa,West Africa,0.0,576500.0,0.0,0.16062970186681527
Nigeria,2005,576500.0,3569.7,3589000.0,91.84,Western Africa,West Africa,0.0,576500.0,0.0,0.16062970186681527
Nigeria,2005,576500.0,1659.8,161500.0,130.58,Western Africa,West Africa,0.0,576500.0,0.0,3.569659442724458
Nigeria,2005,576500.0,1659.8,161500.0,62670.0,Western Africa,West Africa,0.0,576500.0,0.0,3.569659442724458
Nigeria,2005,576500.0,1659.8,161500.0,62670.0,Western Africa,West Africa,0.0,576500.0,0.0,3.569659442724458
Nigeria,2005,576500.0,1659.8,161500.0,477.4,Western Africa,West Africa,0.0,576500.0,0.0,3.569659442724458
Nigeria,2005,576500.0,1659.8,161500.0,91.84,Western Africa,West Africa,0.0,576500.0,0.0,3.569659442724458
Nigeria,2005,576500.0,1659.8,3589000.0,130.58,Western Africa,West Africa,0.0,576500.0,0.0,0.16062970186681527
Nigeria,2005,576500.0,1659.8,3589000.0,62670.0,Western Africa,West Africa,0.0,576500.0,0.0,0.16062970186681527
Nigeria,2005,576500.0,1659.8,3589000.0,62670.0,Western Africa,West Africa,0.0,576500.0,0.0,0.16062970186681527
Nigeria,2005,576500.0,1659.8,3589000.0,477.4,Western Africa,West Africa,0.0,576500.0,0.0,0.16062970186681527
Nigeria,2005,576500.0,1659.8,3589000.0,91.84,Western Africa,West Africa,0.0,576500.0,0.0,0.16062970186681527
Nigeria,2005,5957000.0,3569.7,161500.0,130.58,Western Africa,West Africa,933.3044232437121,2370000.0,151.35021097046413,36.88544891640867
Nigeria,2005,5957000.0,3569.7,161500.0,62670.0,Western Africa,West Africa,0.0,4163500.0,43.076738321124054,36.88544891640867
Nigeria,2005,5957000.0,3569.7,161500.0,62670.0,Western Africa,West Africa,0.0,5957000.0,0.0,36.88544891640867
Nigeria,2005,5957000.0,3569.7,161500.0,477.4,Western Africa,West Africa,0.0,5957000.0,0.0,36.88544891640867
Nigeria,2005,5957000.0,3569.7,161500.0,91.84,Western Africa,West Africa,0.0,5957000.0,0.0,36.88544891640867
Nigeria,2005,5957000.0,3569.7,3589000.0,130.58,Western Africa,West Africa,0.0,5957000.0,0.0,1.6597938144329898
Nigeria,2005,5957000.0,3569.7,3589000.0,62670.0,Western Africa,West Africa,0.0,5957000.0,0.0,1.6597938144329898
Nigeria,2005,5957000.0,3569.7,3589000.0,62670.0,Western Africa,West Africa,0.0,5957000.0,0.0,1.6597938144329898
Nigeria,2005,5957000.0,3569.7,3589000.0,477.4,Western Africa,West Africa,0.0,5957000.0,0.0,1.6597938144329898
Nigeria,2005,5957000.0,3569.7,3589000.0,91.84,Western Africa,West Africa,0.0,5957000.0,0.0,1.6597938144329898
Nigeria,2005,5957000.0,1659.8,161500.0,130.58,Western Africa,West Africa,0.0,5957000.0,0.0,36.88544891640867
Nigeria,2005,5957000.0,1659.8,161500.0,62670.0,Western Africa,West Africa,0.0,5957000.0,0.0,36.88544891640867
Nigeria,2005,5957000.0,1659.8,161500.0,62670.0,Western Africa,West Africa,0.0,5957000.0,0.0,36.88544891640867
Nigeria,2005,5957000.0,1659.8,161500.0,477.4,Western Africa,West Africa,0.0,5957000.0,0.0,36.88544891640867
Nigeria,2005,5957000.0,1659.8,161500.0,91.84,Western Africa,West Africa,0.0,5957000.0,0.0,36.88544891640867
Nigeria,2005,5957000.0,1659.8,3589000.0,130.58,Western Africa,West Africa,0.0,5957000.0,0.0,1.6597938144329898
Nigeria,2005,5957000.0,1659.8,3589000.0,62670.0,Western Africa,West Africa,0.0,5957000.0,0.0,1.6597938144329898
Nigeria,2005,5957000.0,1659.8,3589000.0,62670.0,Western Africa,West Africa,0.0,5957000.0,0.0,1.6597938144329898
Nigeria,2005,5957000.0,1659.8,3589000.0,477.4,Western Africa,West Africa,0.0,5957000.0,0.0,1.6597938144329898
Nigeria,2005,5957000.0,1659.8,3589000.0,91.84,Western Africa,West Africa,0.0,5957000.0,0.0,1.6597938144329898
Nigeria,2006,577000.0,3561.7,162000.0,117.5,Western Africa,West Africa,-90.31391640087291,4163666.6666666665,-86.14202225602435,3.5617283950617282
Nigeria,2006,577000.0,3561.7,162000.0,56394.0,Western Africa,West Africa,0.0,2370333.3333333335,-75.6574321473773,3.5617283950617282
Nigeria,2006,577000.0,3561.7,162000.0,56394.0,Western Africa,West Africa,0.0,577000.0,0.0,3.5617283950617282
Nigeria,2006,577000.0,3561.7,162000.0,438.3,Western Africa,West Africa,0.0,577000.0,0.0,3.5617283950617282
Nigeria,2006,577000.0,3561.7,162000.0,82.64,Western Africa,West Africa,0.0,577000.0,0.0,3.5617283950617282
Nigeria,2006,577000.0,3561.7,3905000.0,117.5,Western Africa,West Africa,0.0,577000.0,0.0,0.14775928297055058
Nigeria,2006,577000.0,3561.7,3905000.0,56394.0,Western Africa,West Africa,0.0,577000.0,0.0,0.14775928297055058
Nigeria,2006,577000.0,3561.7,3905000.0,56394.0,Western Africa,West Africa,0.0,577000.0,0.0,0.14775928297055058
Nigeria,2006,577000.0,3561.7,3905000.0,438.3,Western Africa,West Africa,0.0,577000.0,0.0,0.14775928297055058
Nigeria,2006,577000.0,3561.7,3905000.0,82.64,Western Africa,West Africa,0.0,577000.0,0.0,0.14775928297055058
Nigeria,2006,577000.0,1818.2,162000.0,117.5,Western Africa,West Africa,0.0,577000.0,0.0,3.5617283950617282
Nigeria,2006,577000.0,1818.2,162000.0,56394.0,Western Africa,West Africa,0.0,577000.0,0.0,3.5617283950617282
Nigeria,2006,577000.0,1818.2,162000.0,56394.0,Western Africa,West Africa,0.0,577000.0,0.0,3.5617283950617282
Nigeria,2006,577000.0,1818.2,162000.0,438.3,Western Africa,West Africa,0.0,577000.0,0.0,3.5617283950617282
Nigeria,2006,577000.0,1818.2,162000.0,82.64,Western Africa,West Africa,0.0,577000.0,0.0,3.5617283950617282
Nigeria,2006,577000.0,1818.2,3905000.0,117.5,Western Africa,West Africa,0.0,577000.0,0.0,0.14775928297055058
Nigeria,2006,577000.0,1818.2,3905000.0,56394.0,Western Africa,West Africa,0.0,577000.0,0.0,0.14775928297055058
Nigeria,2006,577000.0,1818.2,3905000.0,56394.0,Western Africa,West Africa,0.0,577000.0,0.0,0.14775928297055058
Nigeria,2006,577000.0,1818.2,3905000.0,438.3,Western Africa,West Africa,0.0,577000.0,0.0,0.14775928297055058
Nigeria,2006,577000.0,1818.2,3905000.0,82.64,Western Africa,West Africa,0.0,577000.0,0.0,0.14775928297055058
Nigeria,2006,7100000.0,3561.7,162000.0,117.5,Western Africa,West Africa,1130.5025996533795,2751333.3333333335,158.0566997819239,43.82716049382716
Nigeria,2006,7100000.0,3561.7,162000.0,56394.0,Western Africa,West Africa,0.0,4925666.666666667,44.14292481559179,43.82716049382716
Nigeria,2006,7100000.0,3561.7,162000.0,56394.0,Western Africa,West Africa,0.0,7100000.0,0.0,43.82716049382716
Nigeria,2006,7100000.0,3561.7,162000.0,438.3,Western Africa,West Africa,0.0,7100000.0,0.0,43.82716049382716
Nigeria,2006,7100000.0,3561.7,162000.0,82.64,Western Africa,West Africa,0.0,7100000.0,0.0,43.82716049382716
Nigeria,2006,7100000.0,3561.7,3905000.0,117.5,Western Africa,West Africa,0.0,7100000.0,0.0,1.8181818181818181
Nigeria,2006,7100000.0,3561.7,3905000.0,56394.0,Western Africa,West Africa,0.0,7100000.0,0.0,1.8181818181818181
Nigeria,2006,7100000.0,3561.7,3905000.0,56394.0,Western Africa,West Africa,0.0,7100000.0,0.0,1.8181818181818181
Nigeria,2006,7100000.0,3561.7,3905000.0,438.3,Western Africa,West Africa,0.0,7100000.0,0.0,1.8181818181818181
Nigeria,2006,7100000.0,3561.7,3905000.0,82.64,Western Africa,West Africa,0.0,7100000.0,0.0,1.8181818181818181
Nigeria,2006,7100000.0,1818.2,162000.0,117.5,Western Africa,West Africa,0.0,7100000.0,0.0,43.82716049382716
Nigeria,2006,7100000.0,1818.2,162000.0,56394.0,Western Africa,West Africa,0.0,7100000.0,0.0,43.82716049382716
Nigeria,2006,7100000.0,1818.2,162000.0,56394.0,Western Africa,West Africa,0.0,7100000.0,0.0,43.82716049382716
Nigeria,2006,7100000.0,1818.2,162000.0,438.3,Western Africa,West Africa,0.0,7100000.0,0.0,43.82716049382716
Nigeria,2006,7100000.0,1818.2,162000.0,82.64,Western Africa,West Africa,0.0,7100000.0,0.0,43.82716049382716
Nigeria,2006,7100000.0,1818.2,3905000.0,117.5,Western Africa,West Africa,0.0,7100000.0,0.0,1.8181818181818181
Nigeria,2006,7100000.0,1818.2,3905000.0,56394.0,Western Africa,West Africa,0.0,7100000.0,0.0,1.8181818181818181
Nigeria,2006,7100000.0,1818.2,3905000.0,56394.0,Western Africa,West Africa,0.0,7100000.0,0.0,1.8181818181818181
Nigeria,2006,7100000.0,1818.2,3905000.0,438.3,Western Africa,West Africa,0.0,7100000.0,0.0,1.8181818181818181
Nigeria,2006,7100000.0,1818.2,3905000.0,82.64,Western Africa,West Africa,0.0,7100000.0,0.0,1.8181818181818181
Nigeria,2007,579000.0,3563.1,162500.0,110.01,Western Africa,West Africa,-91.84507042253522,4926333.333333333,-88.24683672778943,3.563076923076923
Nigeria,2007,579000.0,3563.1,162500.0,52796.0,Western Africa,West Africa,0.0,2752666.6666666665,-78.96585129571325,3.563076923076923
Nigeria,2007,579000.0,3563.1,162500.0,52796.0,Western Africa,West Africa,0.0,579000.0,0.0,3.563076923076923
Nigeria,2007,579000.0,3563.1,162500.0,419.7,Western Africa,West Africa,0.0,579000.0,0.0,3.563076923076923
Nigeria,2007,579000.0,3563.1,162500.0,77.37,Western Africa,West Africa,0.0,579000.0,0.0,3.563076923076923
Nigeria,2007,579000.0,3563.1,3944000.0,110.01,Western Africa,West Africa,0.0,579000.0,0.0,0.1468052738336714
Nigeria,2007,579000.0,3563.1,3944000.0,52796.0,Western Africa,West Africa,0.0,579000.0,0.0,0.1468052738336714
Nigeria,2007,579000.0,3563.1,3944000.0,52796.0,Western Africa,West Africa,0.0,579000.0,0.0,0.1468052738336714
Nigeria,2007,579000.0,3563.1,3944000.0,419.7,Western Africa,West Africa,0.0,579000.0,0.0,0.1468052738336714
Nigeria,2007,579000.0,3563.1,3944000.0,77.37,Western Africa,West Africa,0.0,579000.0,0.0,0.1468052738336714
Nigeria,2007,579000.0,1704.9,162500.0,110.01,Western Africa,West Africa,0.0,579000.0,0.0,3.563076923076923
Nigeria,2007,579000.0,1704.9,162500.0,52796.0,Western Africa,West Africa,0.0,579000.0,0.0,3.563076923076923
Nigeria,2007,579000.0,1704.9,162500.0,52796.0,Western Africa,West Africa,0.0,579000.0,0.0,3.563076923076923
Nigeria,2007,579000.0,1704.9,162500.0,419.7,Western Africa,West Africa,0.0,579000.0,0.0,3.563076923076923
Nigeria,2007,579000.0,1704.9,162500.0,77.37,Western Africa,West Africa,0.0,579000.0,0.0,3.563076923076923
Nigeria,2007,579000.0,1704.9,3944000.0,110.01,Western Africa,West Africa,0.0,579000.0,0.0,0.1468052738336714
Nigeria,2007,579000.0,1704.9,3944000.0,52796.0,Western Africa,West Africa,0.0,579000.0,0.0,0.1468052738336714
Nigeria,2007,579000.0,1704.9,3944000.0,52796.0,Western Africa,West Africa,0.0,579000.0,0.0,0.1468052738336714
Nigeria,2007,579000.0,1704.9,3944000.0,419.7,Western Africa,West Africa,0.0,579000.0,0.0,0.1468052738336714
Nigeria,2007,579000.0,1704.9,3944000.0,77.37,Western Africa,West Africa,0.0,579000.0,0.0,0.1468052738336714
Nigeria,2007,6724000.0,3563.1,162500.0,110.01,Western Africa,West Africa,1061.3126079447322,2627333.3333333335,155.9248921593504,41.378461538461536
Nigeria,2007,6724000.0,3563.1,162500.0,52796.0,Western Africa,West Africa,0.0,4675666.666666667,43.80836957296641,41.378461538461536
Nigeria,2007,6724000.0,3563.1,162500.0,52796.0,Western Africa,West Africa,0.0,6724000.0,0.0,41.378461538461536
Nigeria,2007,6724000.0,3563.1,162500.0,419.7,Western Africa,West Africa,0.0,6724000.0,0.0,41.378461538461536
Nigeria,2007,6724000.0,3563.1,162500.0,77.37,Western Africa,West Africa,0.0,6724000.0,0.0,41.378461538461536
Nigeria,2007,6724000.0,3563.1,3944000.0,110.01,Western Africa,West Africa,0.0,6724000.0,0.0,1.704868154158215
Nigeria,2007,6724000.0,3563.1,3944000.0,52796.0,Western Africa,West Africa,0.0,6724000.0,0.0,1.704868154158215
Nigeria,2007,6724000.0,3563.1,3944000.0,52796.0,Western Africa,West Africa,0.0,6724000.0,0.0,1.704868154158215
Nigeria,2007,6724000.0,3563.1,3944000.0,419.7,Western Africa,West Africa,0.0,6724000.0,0.0,1.704868154158215
Nigeria,2007,6724000.0,3563.1,3944000.0,77.37,Western Africa,West Africa,0.0,6724000.0,0.0,1.704868154158215
Nigeria,2007,6724000.0,1704.9,162500.0,110.01,Western Africa,West Africa,0.0,6724000.0,0.0,41.378461538461536
Nigeria,2007,6724000.0,1704.9,162500.0,52796.0,Western Africa,West Africa,0.0,6724000.0,0.0,41.378461538461536
Nigeria,2007,6724000.0,1704.9,162500.0,52796.0,Western Africa,West Africa,0.0,6724000.0,0.0,41.378461538461536
Nigeria,2007,6724000.0,1704.9,162500.0,419.7,Western Africa,West Africa,0.0,6724000.0,0.0,41.378461538461536
Nigeria,2007,6724000.0,1704.9,162500.0,77.37,Western Africa,West Africa,0.0,6724000.0,0.0,41.378461538461536
Nigeria,2007,6724000.0,1704.9,3944000.0,110.01,Western Africa,West Africa,0.0,6724000.0,0.0,1.704868154158215
Nigeria,2007,6724000.0,1704.9,3944000.0,52796.0,Western Africa,West Africa,0.0,6724000.0,0.0,1.704868154158215
Nigeria,2007,6724000.0,1704.9,3944000.0,52796.0,Western Africa,West Africa,0.0,6724000.0,0.0,1.704868154158215
Nigeria,2007,6724000.0,1704.9,3944000.0,419.7,Western Africa,West Africa,0.0,6724000.0,0.0,1.704868154158215
Nigeria,2007,6724000.0,1704.9,3944000.0,77.37,Western Africa,West Africa,0.0,6724000.0,0.0,1.704868154158215
Nigeria,2008,618077.9,3631.2,170214.0,171.8,Western Africa,West Africa,-90.80788370017846,4688692.633333334,-86.81769208742972,3.631181336435311
Nigeria,2008,618077.9,3631.2,170214.0,82452.0,Western Africa,West Africa,0.0,2653385.2666666666,-76.70606271299364,3.631181336435311
Nigeria,2008,618077.9,3631.2,170214.0,82452.0,Western Africa,West Africa,0.0,618077.9,0.0,3.631181336435311
Nigeria,2008,618077.9,3631.2,170214.0,695.5,Western Africa,West Africa,0.0,618077.9,0.0,3.631181336435311
Nigeria,2008,618077.9,3631.2,170214.0,120.83,Western Africa,West Africa,0.0,618077.9,0.0,3.631181336435311
Nigeria,2008,618077.9,3631.2,3845000.0,171.8,Western Africa,West Africa,0.0,618077.9,0.0,0.16074847854356308
Nigeria,2008,618077.9,3631.2,3845000.0,82452.0,Western Africa,West Africa,0.0,618077.9,0.0,0.16074847854356308
Nigeria,2008,618077.9,3631.2,3845000.0,82452.0,Western Africa,West Africa,0.0,618077.9,0.0,0.16074847854356308
Nigeria,2008,618077.9,3631.2,3845000.0,695.5,Western Africa,West Africa,0.0,618077.9,0.0,0.16074847854356308
Nigeria,2008,618077.9,3631.2,3845000.0,120.83,Western Africa,West Africa,0.0,618077.9,0.0,0.16074847854356308
Nigeria,2008,618077.9,1957.1,170214.0,171.8,Western Africa,West Africa,0.0,618077.9,0.0,3.631181336435311
Nigeria,2008,618077.9,1957.1,170214.0,82452.0,Western Africa,West Africa,0.0,618077.9,0.0,3.631181336435311
Nigeria,2008,618077.9,1957.1,170214.0,82452.0,Western Africa,West Africa,0.0,618077.9,0.0,3.631181336435311
Nigeria,2008,618077.9,1957.1,170214.0,695.5,Western Africa,West Africa,0.0,618077.9,0.0,3.631181336435311
Nigeria,2008,618077.9,1957.1,170214.0,120.83,Western Africa,West Africa,0.0,618077.9,0.0,3.631181336435311
Nigeria,2008,618077.9,1957.1,3845000.0,171.8,Western Africa,West Africa,0.0,618077.9,0.0,0.16074847854356308
Nigeria,2008,618077.9,1957.1,3845000.0,82452.0,Western Africa,West Africa,0.0,618077.9,0.0,0.16074847854356308
Nigeria,2008,618077.9,1957.1,3845000.0,82452.0,Western Africa,West Africa,0.0,618077.9,0.0,0.16074847854356308
Nigeria,2008,618077.9,1957.1,3845000.0,695.5,Western Africa,West Africa,0.0,618077.9,0.0,0.16074847854356308
Nigeria,2008,618077.9,1957.1,3845000.0,120.83,Western Africa,West Africa,0.0,618077.9,0.0,0.16074847854356308
Nigeria,2008,7525000.0,3631.2,170214.0,171.8,Western Africa,West Africa,1117.4840744184512,2920385.266666667,157.67148211198338,44.209054484354986
Nigeria,2008,7525000.0,3631.2,170214.0,82452.0,Western Africa,West Africa,0.0,5222692.633333333,44.08276588923522,44.209054484354986
Nigeria,2008,7525000.0,3631.2,170214.0,82452.0,Western Africa,West Africa,0.0,7525000.0,0.0,44.209054484354986
Nigeria,2008,7525000.0,3631.2,170214.0,695.5,Western Africa,West Africa,0.0,7525000.0,0.0,44.209054484354986
Nigeria,2008,7525000.0,3631.2,170214.0,120.83,Western Africa,West Africa,0.0,7525000.0,0.0,44.209054484354986
Nigeria,2008,7525000.0,3631.2,3845000.0,171.8,Western Africa,West Africa,0.0,7525000.0,0.0,1.9570871261378413
Nigeria,2008,7525000.0,3631.2,3845000.0,82452.0,Western Africa,West Africa,0.0,7525000.0,0.0,1.9570871261378413
Nigeria,2008,7525000.0,3631.2,3845000.0,82452.0,Western Africa,West Africa,0.0,7525000.0,0.0,1.9570871261378413
Nigeria,2008,7525000.0,3631.2,3845000.0,695.5,Western Africa,West Africa,0.0,7525000.0,0.0,1.9570871261378413
Nigeria,2008,7525000.0,3631.2,3845000.0,120.83,Western Africa,West Africa,0.0,7525000.0,0.0,1.9570871261378413
Nigeria,2008,7525000.0,1957.1,170214.0,171.8,Western Africa,West Africa,0.0,7525000.0,0.0,44.209054484354986
Nigeria,2008,7525000.0,1957.1,170214.0,82452.0,Western Africa,West Africa,0.0,7525000.0,0.0,44.209054484354986
Nigeria,2008,7525000.0,1957.1,170214.0,82452.0,Western Africa,West Africa,0.0,7525000.0,0.0,44.209054484354986
Nigeria,2008,7525000.0,1957.1,170214.0,695.5,Western Africa,West Africa,0.0,7525000.0,0.0,44.209054484354986
Nigeria,2008,7525000.0,1957.1,170214.0,120.83,Western Africa,West Africa,0.0,7525000.0,0.0,44.209054484354986
Nigeria,2008,7525000.0,1957.1,3845000.0,171.8,Western Africa,West Africa,0.0,7525000.0,0.0,1.9570871261378413
Nigeria,2008,7525000.0,1957.1,3845000.0,82452.0,Western Africa,West Africa,0.0,7525000.0,0.0,1.9570871261378413
Nigeria,2008,7525000.0,1957.1,3845000.0,82452.0,Western Africa,West Africa,0.0,7525000.0,0.0,1.9570871261378413
Nigeria,2008,7525000.0,1957.1,3845000.0,695.5,Western Africa,West Africa,0.0,7525000.0,0.0,1.9570871261378413
Nigeria,2008,7525000.0,1957.1,3845000.0,120.83,Western Africa,West Africa,0.0,7525000.0,0.0,1.9570871261378413
Nigeria,2009,649225.22,3654.4,177653.0,52.72,Western Africa,West Africa,-91.3724223255814,5233075.073333333,-87.59381031416275,3.6544568343906376
Nigeria,2009,649225.22,3654.4,177653.0,25300.0,Western Africa,West Africa,0.0,2941150.1466666665,-77.92614495605419,3.6544568343906376
Nigeria,2009,649225.22,3654.4,177653.0,25300.0,Western Africa,West Africa,0.0,649225.22,0.0,3.6544568343906376
Nigeria,2009,649225.22,3654.4,177653.0,169.9,Western Africa,West Africa,0.0,649225.22,0.0,3.6544568343906376
Nigeria,2009,649225.22,3654.4,177653.0,37.07,Western Africa,West Africa,0.0,649225.22,0.0,3.6544568343906376
Nigeria,2009,649225.22,3654.4,3350560.0,52.72,Western Africa,West Africa,0.0,649225.22,0.0,0.19376618236951434
Nigeria,2009,649225.22,3654.4,3350560.0,25300.0,Western Africa,West Africa,0.0,649225.22,0.0,0.19376618236951434
Nigeria,2009,649225.22,3654.4,3350560.0,25300.0,Western Africa,West Africa,0.0,649225.22,0.0,0.19376618236951434
Nigeria,2009,649225.22,3654.4,3350560.0,169.9,Western Africa,West Africa,0.0,649225.22,0.0,0.19376618236951434
Nigeria,2009,649225.22,3654.4,3350560.0,37.07,Western Africa,West Africa,0.0,649225.22,0.0,0.19376618236951434
Nigeria,2009,649225.22,2196.1,177653.0,52.72,Western Africa,West Africa,0.0,649225.22,0.0,3.6544568343906376
Nigeria,2009,649225.22,2196.1,177653.0,25300.0,Western Africa,West Africa,0.0,649225.22,0.0,3.6544568343906376
Nigeria,2009,649225.22,2196.1,177653.0,25300.0,Western Africa,West Africa,0.0,649225.22,0.0,3.6544568343906376
Nigeria,2009,649225.22,2196.1,177653.0,169.9,Western Africa,West Africa,0.0,649225.22,0.0,3.6544568343906376
Nigeria,2009,649225.22,2196.1,177653.0,37.07,Western Africa,West Africa,0.0,649225.22,0.0,3.6544568343906376
Nigeria,2009,649225.22,2196.1,3350560.0,52.72,Western Africa,West Africa,0.0,649225.22,0.0,0.19376618236951434
Nigeria,2009,649225.22,2196.1,3350560.0,25300.0,Western Africa,West Africa,0.0,649225.22,0.0,0.19376618236951434
Nigeria,2009,649225.22,2196.1,3350560.0,25300.0,Western Africa,West Africa,0.0,649225.22,0.0,0.19376618236951434
Nigeria,2009,649225.22,2196.1,3350560.0,169.9,Western Africa,West Africa,0.0,649225.22,0.0,0.19376618236951434
Nigeria,2009,649225.22,2196.1,3350560.0,37.07,Western Africa,West Africa,0.0,649225.22,0.0,0.19376618236951434
Nigeria,2009,7358260.0,3654.4,177653.0,52.72,Western Africa,West Africa,1033.3909671592855,2885570.1466666665,155.00194505755007,41.419283659718666
Nigeria,2009,7358260.0,3654.4,177653.0,25300.0,Western Africa,West Africa,0.0,5121915.073333333,43.66228050734268,41.419283659718666
Nigeria,2009,7358260.0,3654.4,177653.0,25300.0,Western Africa,West Africa,0.0,7358260.0,0.0,41.419283659718666
Nigeria,2009,7358260.0,3654.4,177653.0,169.9,Western Africa,West Africa,0.0,7358260.0,0.0,41.419283659718666
Nigeria,2009,7358260.0,3654.4,177653.0,37.07,Western Africa,West Africa,0.0,7358260.0,0.0,41.419283659718666
Nigeria,2009,7358260.0,3654.4,3350560.0,52.72,Western Africa,West Africa,0.0,7358260.0,0.0,2.196128408385464
Nigeria,2009,7358260.0,3654.4,3350560.0,25300.0,Western Africa,West Africa,0.0,7358260.0,0.0,2.196128408385464
Nigeria,2009,7358260.0,3654.4,3350560.0,25300.0,Western Africa,West Africa,0.0,7358260.0,0.0,2.196128408385464
Nigeria,2009,7358260.0,3654.4,3350560.0,169.9,Western Africa,West Africa,0.0,7358260.0,0.0,2.196128408385464
Nigeria,2009,7358260.0,3654.4,3350560.0,37.07,Western Africa,West Africa,0.0,7358260.0,0.0,2.196128408385464
Nigeria,2009,7358260.0,2196.1,177653.0,52.72,Western Africa,West Africa,0.0,7358260.0,0.0,41.419283659718666
Nigeria,2009,7358260.0,2196.1,177653.0,25300.0,Western Africa,West Africa,0.0,7358260.0,0.0,41.419283659718666
Nigeria,2009,7358260.0,2196.1,177653.0,25300.0,Western Africa,West Africa,0.0,7358260.0,0.0,41.419283659718666
Nigeria,2009,7358260.0,2196.1,177653.0,169.9,Western Africa,West Africa,0.0,7358260.0,0.0,41.419283659718666
Nigeria,2009,7358260.0,2196.1,177653.0,37.07,Western Africa,West Africa,0.0,7358260.0,0.0,41.419283659718666
Nigeria,2009,7358260.0,2196.1,3350560.0,52.72,Western Africa,West Africa,0.0,7358260.0,0.0,2.196128408385464
Nigeria,2009,7358260.0,2196.1,3350560.0,25300.0,Western Africa,West Africa,0.0,7358260.0,0.0,2.196128408385464
Nigeria,2009,7358260.0,2196.1,3350560.0,25300.0,Western Africa,West Africa,0.0,7358260.0,0.0,2.196128408385464
Nigeria,2009,7358260.0,2196.1,3350560.0,169.9,Western Africa,West Africa,0.0,7358260.0,0.0,2.196128408385464
Nigeria,2009,7358260.0,2196.1,3350560.0,37.07,Western Africa,West Africa,0.0,7358260.0,0.0,2.196128408385464
Nigeria,2010,676338.14,3677.4,183916.0,104.28,Western Africa,West Africa,-90.8084500955389,5130952.713333333,-86.8184686589985,3.677429587420344
Nigeria,2010,676338.14,3677.4,183916.0,50050.0,Western Africa,West Africa,0.0,2903645.4266666663,-76.70727514493998,3.677429587420344
Nigeria,2010,676338.14,3677.4,183916.0,50050.0,Western Africa,West Africa,0.0,676338.14,0.0,3.677429587420344
Nigeria,2010,676338.14,3677.4,183916.0,333.0,Western Africa,West Africa,0.0,676338.14,0.0,3.677429587420344
Nigeria,2010,676338.14,3677.4,183916.0,73.34,Western Africa,West Africa,0.0,676338.14,0.0,3.677429587420344
Nigeria,2010,676338.14,3677.4,4149310.0,104.28,Western Africa,West Africa,0.0,676338.14,0.0,0.16300014701239485
Nigeria,2010,676338.14,3677.4,4149310.0,50050.0,Western Africa,West Africa,0.0,676338.14,0.0,0.16300014701239485
Nigeria,2010,676338.14,3677.4,4149310.0,50050.0,Western Africa,West Africa,0.0,676338.14,0.0,0.16300014701239485
Nigeria,2010,676338.14,3677.4,4149310.0,333.0,Western Africa,West Africa,0.0,676338.14,0.0,0.16300014701239485
Nigeria,2010,676338.14,3677.4,4149310.0,73.34,Western Africa,West Africa,0.0,676338.14,0.0,0.16300014701239485
Nigeria,2010,676338.14,1850.2,183916.0,104.28,Western Africa,West Africa,0.0,676338.14,0.0,3.677429587420344
Nigeria,2010,676338.14,1850.2,183916.0,50050.0,Western Africa,West Africa,0.0,676338.14,0.0,3.677429587420344
Nigeria,2010,676338.14,1850.2,183916.0,50050.0,Western Africa,West Africa,0.0,676338.14,0.0,3.677429587420344
Nigeria,2010,676338.14,1850.2,183916.0,333.0,Western Africa,West Africa,0.0,676338.14,0.0,3.677429587420344
Nigeria,2010,676338.14,1850.2,183916.0,73.34,Western Africa,West Africa,0.0,676338.14,0.0,3.677429587420344
Nigeria,2010,676338.14,1850.2,4149310.0,104.28,Western Africa,West Africa,0.0,676338.14,0.0,0.16300014701239485
Nigeria,2010,676338.14,1850.2,4149310.0,50050.0,Western Africa,West Africa,0.0,676338.14,0.0,0.16300014701239485
Nigeria,2010,676338.14,1850.2,4149310.0,50050.0,Western Africa,West Africa,0.0,676338.14,0.0,0.16300014701239485
Nigeria,2010,676338.14,1850.2,4149310.0,333.0,Western Africa,West Africa,0.0,676338.14,0.0,0.16300014701239485
Nigeria,2010,676338.14,1850.2,4149310.0,73.34,Western Africa,West Africa,0.0,676338.14,0.0,0.16300014701239485
Nigeria,2010,7676850.0,3677.4,183916.0,104.28,Western Africa,West Africa,1035.060932686718,3009842.0933333333,155.05823102826164,41.74106657387068
Nigeria,2010,7676850.0,3677.4,183916.0,50050.0,Western Africa,West Africa,0.0,5343346.046666667,43.671211502182985,41.74106657387068
Nigeria,2010,7676850.0,3677.4,183916.0,50050.0,Western Africa,West Africa,0.0,7676850.0,0.0,41.74106657387068
Nigeria,2010,7676850.0,3677.4,183916.0,333.0,Western Africa,West Africa,0.0,7676850.0,0.0,41.74106657387068
Nigeria,2010,7676850.0,3677.4,183916.0,73.34,Western Africa,West Africa,0.0,7676850.0,0.0,41.74106657387068
Nigeria,2010,7676850.0,3677.4,4149310.0,104.28,Western Africa,West Africa,0.0,7676850.0,0.0,1.8501509889596102
Nigeria,2010,7676850.0,3677.4,4149310.0,50050.0,Western Africa,West Africa,0.0,7676850.0,0.0,1.8501509889596102
Nigeria,2010,7676850.0,3677.4,4149310.0,50050.0,Western Africa,West Africa,0.0,7676850.0,0.0,1.8501509889596102
Nigeria,2010,7676850.0,3677.4,4149310.0,333.0,Western Africa,West Africa,0.0,7676850.0,0.0,1.8501509889596102
Nigeria,2010,7676850.0,3677.4,4149310.0,73.34,Western Africa,West Africa,0.0,7676850.0,0.0,1.8501509889596102
Nigeria,2010,7676850.0,1850.2,183916.0,104.28,Western Africa,West Africa,0.0,7676850.0,0.0,41.74106657387068
Nigeria,2010,7676850.0,1850.2,183916.0,50050.0,Western Africa,West Africa,0.0,7676850.0,0.0,41.74106657387068
Nigeria,2010,7676850.0,1850.2,183916.0,50050.0,Western Africa,West Africa,0.0,7676850.0,0.0,41.74106657387068
Nigeria,2010,7676850.0,1850.2,183916.0,333.0,Western Africa,West Africa,0.0,7676850.0,0.0,41.74106657387068
Nigeria,2010,7676850.0,1850.2,183916.0,73.34,Western Africa,West Africa,0.0,7676850.0,0.0,41.74106657387068
Nigeria,2010,7676850.0,1850.2,4149310.0,104.28,Western Africa,West Africa,0.0,7676850.0,0.0,1.8501509889596102
Nigeria,2010,7676850.0,1850.2,4149310.0,50050.0,Western Africa,West Africa,0.0,7676850.0,0.0,1.8501509889596102
Nigeria,2010,7676850.0,1850.2,4149310.0,50050.0,Western Africa,West Africa,0.0,7676850.0,0.0,1.8501509889596102
Nigeria,2010,7676850.0,1850.2,4149310.0,333.0,Western Africa,West Africa,0.0,7676850.0,0.0,1.8501509889596102
Nigeria,2010,7676850.0,1850.2,4149310.0,73.34,Western Africa,West Africa,0.0,7676850.0,0.0,1.8501509889596102
Nigeria,2011,740000.0,3700.0,200000.0,109.87,Western Africa,West Africa,-90.36062968535272,5364566.666666667,-86.20578238689673,3.7
Nigeria,2011,740000.0,3700.0,200000.0,52730.0,Western Africa,West Africa,0.0,3052283.3333333335,-75.75585490643617,3.7
Nigeria,2011,740000.0,3700.0,200000.0,52730.0,Western Africa,West Africa,0.0,740000.0,0.0,3.7
Nigeria,2011,740000.0,3700.0,200000.0,342.7,Western Africa,West Africa,0.0,740000.0,0.0,3.7
Nigeria,2011,740000.0,3700.0,200000.0,77.27,Western Africa,West Africa,0.0,740000.0,0.0,3.7
Nigeria,2011,740000.0,3700.0,5456540.0,109.87,Western Africa,West Africa,0.0,740000.0,0.0,0.13561707602253442
Nigeria,2011,740000.0,3700.0,5456540.0,52730.0,Western Africa,West Africa,0.0,740000.0,0.0,0.13561707602253442
Nigeria,2011,740000.0,3700.0,5456540.0,52730.0,Western Africa,West Africa,0.0,740000.0,0.0,0.13561707602253442
Nigeria,2011,740000.0,3700.0,5456540.0,342.7,Western Africa,West Africa,0.0,740000.0,0.0,0.13561707602253442
Nigeria,2011,740000.0,3700.0,5456540.0,77.27,Western Africa,West Africa,0.0,740000.0,0.0,0.13561707602253442
Nigeria,2011,740000.0,1627.1,200000.0,109.87,Western Africa,West Africa,0.0,740000.0,0.0,3.7
Nigeria,2011,740000.0,1627.1,200000.0,52730.0,Western Africa,West Africa,0.0,740000.0,0.0,3.7
Nigeria,2011,740000.0,1627.1,200000.0,52730.0,Western Africa,West Africa,0.0,740000.0,0.0,3.7
Nigeria,2011,740000.0,1627.1,200000.0,342.7,Western Africa,West Africa,0.0,740000.0,0.0,3.7
Nigeria,2011,740000.0,1627.1,200000.0,77.27,Western Africa,West Africa,0.0,740000.0,0.0,3.7
Nigeria,2011,740000.0,1627.1,5456540.0,109.87,Western Africa,West Africa,0.0,740000.0,0.0,0.13561707602253442
Nigeria,2011,740000.0,1627.1,5456540.0,52730.0,Western Africa,West Africa,0.0,740000.0,0.0,0.13561707602253442
Nigeria,2011,740000.0,1627.1,5456540.0,52730.0,Western Africa,West Africa,0.0,740000.0,0.0,0.13561707602253442
Nigeria,2011,740000.0,1627.1,5456540.0,342.7,Western Africa,West Africa,0.0,740000.0,0.0,0.13561707602253442
Nigeria,2011,740000.0,1627.1,5456540.0,77.27,Western Africa,West Africa,0.0,740000.0,0.0,0.13561707602253442
Nigeria,2011,8878456.0,3700.0,200000.0,109.87,Western Africa,West Africa,1099.7913513513513,3452818.6666666665,157.13646898726995,44.39228
Nigeria,2011,8878456.0,3700.0,200000.0,52730.0,Western Africa,West Africa,0.0,6165637.333333333,43.99899831928703,44.39228
Nigeria,2011,8878456.0,3700.0,200000.0,52730.0,Western Africa,West Africa,0.0,8878456.0,0.0,44.39228
Nigeria,2011,8878456.0,3700.0,200000.0,342.7,Western Africa,West Africa,0.0,8878456.0,0.0,44.39228
Nigeria,2011,8878456.0,3700.0,200000.0,77.27,Western Africa,West Africa,0.0,8878456.0,0.0,44.39228
Nigeria,2011,8878456.0,3700.0,5456540.0,109.87,Western Africa,West Africa,0.0,8878456.0,0.0,1.6271219490739552
Nigeria,2011,8878456.0,3700.0,5456540.0,52730.0,Western Africa,West Africa,0.0,8878456.0,0.0,1.6271219490739552
Nigeria,2011,8878456.0,3700.0,5456540.0,52730.0,Western Africa,West Africa,0.0,8878456.0,0.0,1.6271219490739552
Nigeria,2011,8878456.0,3700.0,5456540.0,342.7,Western Africa,West Africa,0.0,8878456.0,0.0,1.6271219490739552
Nigeria,2011,8878456.0,3700.0,5456540.0,77.27,Western Africa,West Africa,0.0,8878456.0,0.0,1.6271219490739552
Nigeria,2011,8878456.0,1627.1,200000.0,109.87,Western Africa,West Africa,0.0,8878456.0,0.0,44.39228
Nigeria,2011,8878456.0,1627.1,200000.0,52730.0,Western Africa,West Africa,0.0,8878456.0,0.0,44.39228
Nigeria,2011,8878456.0,1627.1,200000.0,52730.0,Western Africa,West Africa,0.0,8878456.0,0.0,44.39228
Nigeria,2011,8878456.0,1627.1,200000.0,342.7,Western Africa,West Africa,0.0,8878456.0,0.0,44.39228
Nigeria,2011,8878456.0,1627.1,200000.0,77.27,Western Africa,West Africa,0.0,8878456.0,0.0,44.39228
Nigeria,2011,8878456.0,1627.1,5456540.0,109.87,Western Africa,West Africa,0.0,8878456.0,0.0,1.6271219490739552
Nigeria,2011,8878456.0,1627.1,5456540.0,52730.0,Western Africa,West Africa,0.0,8878456.0,0.0,1.6271219490739552
Nigeria,2011,8878456.0,1627.1,5456540.0,52730.0,Western Africa,West Africa,0.0,8878456.0,0.0,1.6271219490739552
Nigeria,2011,8878456.0,1627.1,5456540.0,342.7,Western Africa,West Africa,0.0,8878456.0,0.0,1.6271219490739552
Nigeria,2011,8878456.0,1627.1,5456540.0,77.27,Western Africa,West Africa,0.0,8878456.0,0.0,1.6271219490739552
Nigeria,2012,765000.0,3825.0,200000.0,114.54,Western Africa,West Africa,-91.38363697471723,6173970.666666667,-87.60927057638543,3.825
Nigeria,2012,765000.0,3825.0,200000.0,54970.0,Western Africa,West Africa,0.0,3469485.3333333335,-77.95062014961681,3.825
Nigeria,2012,765000.0,3825.0,200000.0,54970.0,Western Africa,West Africa,0.0,765000.0,0.0,3.825
Nigeria,2012,765000.0,3825.0,200000.0,349.0,Western Africa,West Africa,0.0,765000.0,0.0,3.825
Nigeria,2012,765000.0,3825.0,200000.0,80.55,Western Africa,West Africa,0.0,765000.0,0.0,3.825
Nigeria,2012,765000.0,3825.0,5751300.0,114.54,Western Africa,West Africa,0.0,765000.0,0.0,0.1330134056648062
Nigeria,2012,765000.0,3825.0,5751300.0,54970.0,Western Africa,West Africa,0.0,765000.0,0.0,0.1330134056648062
Nigeria,2012,765000.0,3825.0,5751300.0,54970.0,Western Africa,West Africa,0.0,765000.0,0.0,0.1330134056648062
Nigeria,2012,765000.0,3825.0,5751300.0,349.0,Western Africa,West Africa,0.0,765000.0,0.0,0.1330134056648062
Nigeria,2012,765000.0,3825.0,5751300.0,80.55,Western Africa,West Africa,0.0,765000.0,0.0,0.1330134056648062
Nigeria,2012,765000.0,1511.8,200000.0,114.54,Western Africa,West Africa,0.0,765000.0,0.0,3.825
Nigeria,2012,765000.0,1511.8,200000.0,54970.0,Western Africa,West Africa,0.0,765000.0,0.0,3.825
Nigeria,2012,765000.0,1511.8,200000.0,54970.0,Western Africa,West Africa,0.0,765000.0,0.0,3.825
Nigeria,2012,765000.0,1511.8,200000.0,349.0,Western Africa,West Africa,0.0,765000.0,0.0,3.825
Nigeria,2012,765000.0,1511.8,200000.0,80.55,Western Africa,West Africa,0.0,765000.0,0.0,3.825
Nigeria,2012,765000.0,1511.8,5751300.0,114.54,Western Africa,West Africa,0.0,765000.0,0.0,0.1330134056648062
Nigeria,2012,765000.0,1511.8,5751300.0,54970.0,Western Africa,West Africa,0.0,765000.0,0.0,0.1330134056648062
Nigeria,2012,765000.0,1511.8,5751300.0,54970.0,Western Africa,West Africa,0.0,765000.0,0.0,0.1330134056648062
Nigeria,2012,765000.0,1511.8,5751300.0,349.0,Western Africa,West Africa,0.0,765000.0,0.0,0.1330134056648062
Nigeria,2012,765000.0,1511.8,5751300.0,80.55,Western Africa,West Africa,0.0,765000.0,0.0,0.1330134056648062
Nigeria,2012,8694900.0,3825.0,200000.0,114.54,Western Africa,West Africa,1036.5882352941176,3408300.0,155.10958542381832,43.4745
Nigeria,2012,8694900.0,3825.0,200000.0,54970.0,Western Africa,West Africa,0.0,6051600.0,43.67935752528257,43.4745
Nigeria,2012,8694900.0,3825.0,200000.0,54970.0,Western Africa,West Africa,0.0,8694900.0,0.0,43.4745
Nigeria,2012,8694900.0,3825.0,200000.0,349.0,Western Africa,West Africa,0.0,8694900.0,0.0,43.4745
Nigeria,2012,8694900.0,3825.0,200000.0,80.55,Western Africa,West Africa,0.0,8694900.0,0.0,43.4745
Nigeria,2012,8694900.0,3825.0,5751300.0,114.54,Western Africa,West Africa,0.0,8694900.0,0.0,1.511814720150227
Nigeria,2012,8694900.0,3825.0,5751300.0,54970.0,Western Africa,West Africa,0.0,8694900.0,0.0,1.511814720150227
Nigeria,2012,8694900.0,3825.0,5751300.0,54970.0,Western Africa,West Africa,0.0,8694900.0,0.0,1.511814720150227
Nigeria,2012,8694900.0,3825.0,5751300.0,349.0,Western Africa,West Africa,0.0,8694900.0,0.0,1.511814720150227
Nigeria,2012,8694900.0,3825.0,5751300.0,80.55,Western Africa,West Africa,0.0,8694900.0,0.0,1.511814720150227
Nigeria,2012,8694900.0,1511.8,200000.0,114.54,Western Africa,West Africa,0.0,8694900.0,0.0,43.4745
Nigeria,2012,8694900.0,1511.8,200000.0,54970.0,Western Africa,West Africa,0.0,8694900.0,0.0,43.4745
Nigeria,2012,8694900.0,1511.8,200000.0,54970.0,Western Africa,West Africa,0.0,8694900.0,0.0,43.4745
Nigeria,2012,8694900.0,1511.8,200000.0,349.0,Western Africa,West Africa,0.0,8694900.0,0.0,43.4745
Nigeria,2012,8694900.0,1511.8,200000.0,80.55,Western Africa,West Africa,0.0,8694900.0,0.0,43.4745
Nigeria,2012,8694900.0,1511.8,5751300.0,114.54,Western Africa,West Africa,0.0,8694900.0,0.0,1.511814720150227
Nigeria,2012,8694900.0,1511.8,5751300.0,54970.0,Western Africa,West Africa,0.0,8694900.0,0.0,1.511814720150227
Nigeria,2012,8694900.0,1511.8,5751300.0,54970.0,Western Africa,West Africa,0.0,8694900.0,0.0,1.511814720150227
Nigeria,2012,8694900.0,1511.8,5751300.0,349.0,Western Africa,West Africa,0.0,8694900.0,0.0,1.511814720150227
Nigeria,2012,8694900.0,1511.8,5751300.0,80.55,Western Africa,West Africa,0.0,8694900.0,0.0,1.511814720150227
Nigeria,2013,740569.11,3761.6,196876.0,116.12,Western Africa,West Africa,-91.4827184901494,6043456.37,-87.74593436834888,3.7616017696418047
Nigeria,2013,740569.11,3761.6,196876.0,55730.0,Western Africa,West Africa,0.0,3392012.74,-78.16726625855775,3.7616017696418047
Nigeria,2013,740569.11,3761.6,196876.0,55730.0,Western Africa,West Africa,0.0,740569.11,0.0,3.7616017696418047
Nigeria,2013,740569.11,3761.6,196876.0,354.3,Western Africa,West Africa,0.0,740569.11,0.0,3.7616017696418047
Nigeria,2013,740569.11,3761.6,196876.0,81.67,Western Africa,West Africa,0.0,740569.11,0.0,3.7616017696418047
Nigeria,2013,740569.11,3761.6,5762700.0,116.12,Western Africa,West Africa,0.0,740569.11,0.0,0.12851078661044302
Nigeria,2013,740569.11,3761.6,5762700.0,55730.0,Western Africa,West Africa,0.0,740569.11,0.0,0.12851078661044302
Nigeria,2013,740569.11,3761.6,5762700.0,55730.0,Western Africa,West Africa,0.0,740569.11,0.0,0.12851078661044302
Nigeria,2013,740569.11,3761.6,5762700.0,354.3,Western Africa,West Africa,0.0,740569.11,0.0,0.12851078661044302
Nigeria,2013,740569.11,3761.6,5762700.0,81.67,Western Africa,West Africa,0.0,740569.11,0.0,0.12851078661044302
Nigeria,2013,740569.11,1461.6,196876.0,116.12,Western Africa,West Africa,0.0,740569.11,0.0,3.7616017696418047
Nigeria,2013,740569.11,1461.6,196876.0,55730.0,Western Africa,West Africa,0.0,740569.11,0.0,3.7616017696418047
Nigeria,2013,740569.11,1461.6,196876.0,55730.0,Western Africa,West Africa,0.0,740569.11,0.0,3.7616017696418047
Nigeria,2013,740569.11,1461.6,196876.0,354.3,Western Africa,West Africa,0.0,740569.11,0.0,3.7616017696418047
Nigeria,2013,740569.11,1461.6,196876.0,81.67,Western Africa,West Africa,0.0,740569.11,0.0,3.7616017696418047
Nigeria,2013,740569.11,1461.6,5762700.0,116.12,Western Africa,West Africa,0.0,740569.11,0.0,0.12851078661044302
Nigeria,2013,740569.11,1461.6,5762700.0,55730.0,Western Africa,West Africa,0.0,740569.11,0.0,0.12851078661044302
Nigeria,2013,740569.11,1461.6,5762700.0,55730.0,Western Africa,West Africa,0.0,740569.11,0.0,0.12851078661044302
Nigeria,2013,740569.11,1461.6,5762700.0,354.3,Western Africa,West Africa,0.0,740569.11,0.0,0.12851078661044302
Nigeria,2013,740569.11,1461.6,5762700.0,81.67,Western Africa,West Africa,0.0,740569.11,0.0,0.12851078661044302
Nigeria,2013,8422670.0,3761.6,196876.0,116.12,Western Africa,West Africa,1037.3239696697585,3301269.4066666667,155.13428207316397,42.78159856965806
Nigeria,2013,8422670.0,3761.6,196876.0,55730.0,Western Africa,West Africa,0.0,5861969.703333333,43.6832741597173,42.78159856965806
Nigeria,2013,8422670.0,3761.6,196876.0,55730.0,Western Africa,West Africa,0.0,8422670.0,0.0,42.78159856965806
Nigeria,2013,8422670.0,3761.6,196876.0,354.3,Western Africa,West Africa,0.0,8422670.0,0.0,42.78159856965806
Nigeria,2013,8422670.0,3761.6,196876.0,81.67,Western Africa,West Africa,0.0,8422670.0,0.0,42.78159856965806
Nigeria,2013,8422670.0,3761.6,5762700.0,116.12,Western Africa,West Africa,0.0,8422670.0,0.0,1.461583979731723
Nigeria,2013,8422670.0,3761.6,5762700.0,55730.0,Western Africa,West Africa,0.0,8422670.0,0.0,1.461583979731723
Nigeria,2013,8422670.0,3761.6,5762700.0,55730.0,Western Africa,West Africa,0.0,8422670.0,0.0,1.461583979731723
Nigeria,2013,8422670.0,3761.6,5762700.0,354.3,Western Africa,West Africa,0.0,8422670.0,0.0,1.461583979731723
Nigeria,2013,8422670.0,3761.6,5762700.0,81.67,Western Africa,West Africa,0.0,8422670.0,0.0,1.461583979731723
Nigeria,2013,8422670.0,1461.6,196876.0,116.12,Western Africa,West Africa,0.0,8422670.0,0.0,42.78159856965806
Nigeria,2013,8422670.0,1461.6,196876.0,55730.0,Western Africa,West Africa,0.0,8422670.0,0.0,42.78159856965806
Nigeria,2013,8422670.0,1461.6,196876.0,55730.0,Western Africa,West Africa,0.0,8422670.0,0.0,42.78159856965806
Nigeria,2013,8422670.0,1461.6,196876.0,354.3,Western Africa,West Africa,0.0,8422670.0,0.0,42.78159856965806
Nigeria,2013,8422670.0,1461.6,196876.0,81.67,Western Africa,West Africa,0.0,8422670.0,0.0,42.78159856965806
Nigeria,2013,8422670.0,1461.6,5762700.0,116.12,Western Africa,West Africa,0.0,8422670.0,0.0,1.461583979731723
Nigeria,2013,8422670.0,1461.6,5762700.0,55730.0,Western Africa,West Africa,0.0,8422670.0,0.0,1.461583979731723
Nigeria,2013,8422670.0,1461.6,5762700.0,55730.0,Western Africa,West Africa,0.0,8422670.0,0.0,1.461583979731723
Nigeria,2013,8422670.0,1461.6,5762700.0,354.3,Western Africa,West Africa,0.0,8422670.0,0.0,1.461583979731723
Nigeria,2013,8422670.0,1461.6,5762700.0,81.67,Western Africa,West Africa,0.0,8422670.0,0.0,1.461583979731723
Nigeria,2014,732454.55,3772.6,194151.0,118.39,Western Africa,West Africa,-91.30377243795613,5859264.850000001,-87.49920734509894,3.77260251041715
Nigeria,2014,732454.55,3772.6,194151.0,94.36,Western Africa,West Africa,0.0,3295859.6999999997,-77.77652519614229,3.77260251041715
Nigeria,2014,732454.55,3772.6,6346551.0,118.39,Western Africa,West Africa,0.0,732454.55,0.0,0.11540985804730791
Nigeria,2014,732454.55,3772.6,6346551.0,94.36,Western Africa,West Africa,0.0,732454.55,0.0,0.11540985804730791
Nigeria,2014,732454.55,1700.2,194151.0,118.39,Western Africa,West Africa,0.0,732454.55,0.0,3.77260251041715
Nigeria,2014,732454.55,1700.2,194151.0,94.36,Western Africa,West Africa,0.0,732454.55,0.0,3.77260251041715
Nigeria,2014,732454.55,1700.2,6346551.0,118.39,Western Africa,West Africa,0.0,732454.55,0.0,0.11540985804730791
Nigeria,2014,732454.55,1700.2,6346551.0,94.36,Western Africa,West Africa,0.0,732454.55,0.0,0.11540985804730791
Nigeria,2014,10790600.0,3772.6,194151.0,118.39,Western Africa,West Africa,1373.2108633907728,4085169.6999999997,164.140801788479,55.57839001601846
Nigeria,2014,10790600.0,3772.6,194151.0,94.36,Western Africa,West Africa,0.0,7437884.849999999,45.076190578562155,55.57839001601846
Nigeria,2014,10790600.0,3772.6,6346551.0,118.39,Western Africa,West Africa,0.0,10790600.0,0.0,1.70023056617681
Nigeria,2014,10790600.0,3772.6,6346551.0,94.36,Western Africa,West Africa,0.0,10790600.0,0.0,1.70023056617681
Nigeria,2014,10790600.0,1700.2,194151.0,118.39,Western Africa,West Africa,0.0,10790600.0,0.0,55.57839001601846
Nigeria,2014,10790600.0,1700.2,194151.0,94.36,Western Africa,West Africa,0.0,10790600.0,0.0,55.57839001601846
Nigeria,2014,10790600.0,1700.2,6346551.0,118.39,Western Africa,West Africa,0.0,10790600.0,0.0,1.70023056617681
Nigeria,2014,10790600.0,1700.2,6346551.0,94.36,Western Africa,West Africa,0.0,10790600.0,0.0,1.70023056617681
Nigeria,2015,748287.46,3802.6,196782.0,99.69,Western Africa,West Africa,-93.06537671677201,7443162.486666665,-89.94664618244667,3.8026214796068745
Nigeria,2015,748287.46,3802.6,196782.0,99.42,Western Africa,West Africa,0.0,4095724.973333333,-81.7300364435603,3.8026214796068745
Nigeria,2015,748287.46,3802.6,5550360.0,99.69,Western Africa,West Africa,0.0,748287.46,0.0,0.13481782442940637
Nigeria,2015,748287.46,3802.6,5550360.0,99.42,Western Africa,West Africa,0.0,748287.46,0.0,0.13481782442940637
Nigeria,2015,748287.46,1718.8,196782.0,99.69,Western Africa,West Africa,0.0,748287.46,0.0,3.8026214796068745
Nigeria,2015,748287.46,1718.8,196782.0,99.42,Western Africa,West Africa,0.0,748287.46,0.0,3.8026214796068745
Nigeria,2015,748287.46,1718.8,5550360.0,99.69,Western Africa,West Africa,0.0,748287.46,0.0,0.13481782442940637
Nigeria,2015,748287.46,1718.8,5550360.0,99.42,Western Africa,West Africa,0.0,748287.46,0.0,0.13481782442940637
Nigeria,2015,9540190.0,3802.6,196782.0,99.69,Western Africa,West Africa,1174.936506352786,3678921.64,159.32028277721076,48.4810094419205
Nigeria,2015,9540190.0,3802.6,196782.0,99.42,Western Africa,West Africa,0.0,6609555.82,44.339351384734954,48.4810094419205
Nigeria,2015,9540190.0,3802.6,5550360.0,99.69,Western Africa,West Africa,0.0,9540190.0,0.0,1.7188416607211063
Nigeria,2015,9540190.0,3802.6,5550360.0,99.42,Western Africa,West Africa,0.0,9540190.0,0.0,1.7188416607211063
Nigeria,2015,9540190.0,1718.8,196782.0,99.69,Western Africa,West Africa,0.0,9540190.0,0.0,48.4810094419205
Nigeria,2015,9540190.0,1718.8,196782.0,99.42,Western Africa,West Africa,0.0,9540190.0,0.0,48.4810094419205
Nigeria,2015,9540190.0,1718.8,5550360.0,99.69,Western Africa,West Africa,0.0,9540190.0,0.0,1.7188416607211063
Nigeria,2015,9540190.0,1718.8,5550360.0,99.42,Western Africa,West Africa,0.0,9540190.0,0.0,1.7188416607211063
Nigeria,2016,756633.56,3809.3,198630.0,81.92,Western Africa,West Africa,-92.06898856312085,6612337.853333333,-88.55724591237312,3.8092612394905103
Nigeria,2016,756633.56,3809.3,198630.0,106.22,Western Africa,West Africa,0.0,3684485.706666667,-79.46433721724159,3.8092612394905103
Nigeria,2016,756633.56,3809.3,5904906.0,81.92,Western Africa,West Africa,0.0,756633.56,0.0,0.1281364275739529
Nigeria,2016,756633.56,3809.3,5904906.0,106.22,Western Africa,West Africa,0.0,756633.56,0.0,0.1281364275739529
Nigeria,2016,756633.56,1783.7,198630.0,81.92,Western Africa,West Africa,0.0,756633.56,0.0,3.8092612394905103
Nigeria,2016,756633.56,1783.7,198630.0,106.22,Western Africa,West Africa,0.0,756633.56,0.0,3.8092612394905103
Nigeria,2016,756633.56,1783.7,5904906.0,81.92,Western Africa,West Africa,0.0,756633.56,0.0,0.1281364275739529
Nigeria,2016,756633.56,1783.7,5904906.0,106.22,Western Africa,West Africa,0.0,756633.56,0.0,0.1281364275739529
Nigeria,2016,10532340.0,3809.3,198630.0,81.92,Western Africa,West Africa,1292.0001116524622,4015202.3733333335,162.31156043216527,53.02492070684187
Nigeria,2016,10532340.0,3809.3,198630.0,106.22,Western Africa,West Africa,0.0,7273771.186666667,44.798890832674495,53.02492070684187
Nigeria,2016,10532340.0,3809.3,5904906.0,81.92,Western Africa,West Africa,0.0,10532340.0,0.0,1.783659214896901
Nigeria,2016,10532340.0,3809.3,5904906.0,106.22,Western Africa,West Africa,0.0,10532340.0,0.0,1.783659214896901
Nigeria,2016,10532340.0,1783.7,198630.0,81.92,Western Africa,West Africa,0.0,10532340.0,0.0,53.02492070684187
Nigeria,2016,10532340.0,1783.7,198630.0,106.22,Western Africa,West Africa,0.0,10532340.0,0.0,53.02492070684187
Nigeria,2016,10532340.0,1783.7,5904906.0,81.92,Western Africa,West Africa,0.0,10532340.0,0.0,1.783659214896901
Nigeria,2016,10532340.0,1783.7,5904906.0,106.22,Western Africa,West Africa,0.0,10532340.0,0.0,1.783659214896901
Nigeria,2017,764414.14,3836.6,199241.0,73.06,Western Africa,West Africa,-92.74221929789582,7276364.713333334,-89.49455985075522,3.8366307135579527
Nigeria,2017,764414.14,3836.6,199241.0,111.57,Western Africa,West Africa,0.0,4020389.426666667,-80.9865647608724,3.8366307135579527
Nigeria,2017,764414.14,3836.6,6389296.0,73.06,Western Africa,West Africa,0.0,764414.14,0.0,0.11963980695212743
Nigeria,2017,764414.14,3836.6,6389296.0,111.57,Western Africa,West Africa,0.0,764414.14,0.0,0.11963980695212743
Nigeria,2017,764414.14,1664.1,199241.0,73.06,Western Africa,West Africa,0.0,764414.14,0.0,3.8366307135579527
Nigeria,2017,764414.14,1664.1,199241.0,111.57,Western Africa,West Africa,0.0,764414.14,0.0,3.8366307135579527
Nigeria,2017,764414.14,1664.1,6389296.0,73.06,Western Africa,West Africa,0.0,764414.14,0.0,0.11963980695212743
Nigeria,2017,764414.14,1664.1,6389296.0,111.57,Western Africa,West Africa,0.0,764414.14,0.0,0.11963980695212743
Nigeria,2017,10632299.0,3836.6,199241.0,73.06,Western Africa,West Africa,1290.9082058581491,4053709.0933333337,162.2856933045766,53.36401142335162
Nigeria,2017,10632299.0,3836.6,199241.0,111.57,Western Africa,West Africa,0.0,7343004.046666667,44.79494948428495,53.36401142335162
Nigeria,2017,10632299.0,3836.6,6389296.0,73.06,Western Africa,West Africa,0.0,10632299.0,0.0,1.6640798923699889
Nigeria,2017,10632299.0,3836.6,6389296.0,111.57,Western Africa,West Africa,0.0,10632299.0,0.0,1.6640798923699889
Nigeria,2017,10632299.0,1664.1,199241.0,73.06,Western Africa,West Africa,0.0,10632299.0,0.0,53.36401142335162
Nigeria,2017,10632299.0,1664.1,199241.0,111.57,Western Africa,West Africa,0.0,10632299.0,0.0,53.36401142335162
Nigeria,2017,10632299.0,1664.1,6389296.0,73.06,Western Africa,West Africa,0.0,10632299.0,0.0,1.6640798923699889
Nigeria,2017,10632299.0,1664.1,6389296.0,111.57,Western Africa,West Africa,0.0,10632299.0,0.0,1.6640798923699889
Nigeria,2018,766468.52,3858.4,198650.0,76.92,Western Africa,West Africa,-92.79113087395304,7343688.84,-89.56289493333162,3.858386710294488
Nigeria,2018,766468.52,3858.4,198650.0,118.01,Western Africa,West Africa,0.0,4055078.680000001,-81.09855367837154,3.858386710294488
Nigeria,2018,766468.52,3858.4,6541183.0,76.92,Western Africa,West Africa,0.0,766468.52,0.0,0.11717582584067744
Nigeria,2018,766468.52,3858.4,6541183.0,118.01,Western Africa,West Africa,0.0,766468.52,0.0,0.11717582584067744
Nigeria,2018,766468.52,1671.6,198650.0,76.92,Western Africa,West Africa,0.0,766468.52,0.0,3.858386710294488
Nigeria,2018,766468.52,1671.6,198650.0,118.01,Western Africa,West Africa,0.0,766468.52,0.0,3.858386710294488
Nigeria,2018,766468.52,1671.6,6541183.0,76.92,Western Africa,West Africa,0.0,766468.52,0.0,0.11717582584067744
Nigeria,2018,766468.52,1671.6,6541183.0,118.01,Western Africa,West Africa,0.0,766468.52,0.0,0.11717582584067744
Nigeria,2018,10934149.0,3858.4,198650.0,76.92,Western Africa,West Africa,1326.5620458880685,4155695.3466666676,163.11238163236413,55.04228039265039
Nigeria,2018,10934149.0,3858.4,198650.0,118.01,Western Africa,West Africa,0.0,7544922.173333335,44.92063335849242,55.04228039265039
Nigeria,2018,10934149.0,3858.4,6541183.0,76.92,Western Africa,West Africa,0.0,10934149.0,0.0,1.6715858583990082
Nigeria,2018,10934149.0,3858.4,6541183.0,118.01,Western Africa,West Africa,0.0,10934149.0,0.0,1.6715858583990082
Nigeria,2018,10934149.0,1671.6,198650.0,76.92,Western Africa,West Africa,0.0,10934149.0,0.0,55.04228039265039
Nigeria,2018,10934149.0,1671.6,198650.0,118.01,Western Africa,West Africa,0.0,10934149.0,0.0,55.04228039265039
Nigeria,2018,10934149.0,1671.6,6541183.0,76.92,Western Africa,West Africa,0.0,10934149.0,0.0,1.6715858583990082
Nigeria,2018,10934149.0,1671.6,6541183.0,118.01,Western Africa,West Africa,0.0,10934149.0,0.0,1.6715858583990082
Nigeria,2019,771556.09,3873.9,199167.0,81.11,Western Africa,West Africa,-92.94361097512024,7546618.030000001,-89.77613433020142,3.8739153072547157
Nigeria,2019,771556.09,3873.9,199167.0,158635.0,Western Africa,West Africa,0.0,4159087.060000001,-81.44890744364463,3.8739153072547157
Nigeria,2019,771556.09,3873.9,199167.0,155590.0,Western Africa,West Africa,0.0,771556.09,0.0,3.8739153072547157
Nigeria,2019,771556.09,3873.9,199167.0,147831.0,Western Africa,West Africa,0.0,771556.09,0.0,3.8739153072547157
Nigeria,2019,771556.09,3873.9,199167.0,151695.0,Western Africa,West Africa,0.0,771556.09,0.0,3.8739153072547157
Nigeria,2019,771556.09,3873.9,199167.0,149596.0,Western Africa,West Africa,0.0,771556.09,0.0,3.8739153072547157
Nigeria,2019,771556.09,3873.9,199167.0,140414.0,Western Africa,West Africa,0.0,771556.09,0.0,3.8739153072547157
Nigeria,2019,771556.09,3873.9,199167.0,135763.0,Western Africa,West Africa,0.0,771556.09,0.0,3.8739153072547157
Nigeria,2019,771556.09,3873.9,199167.0,138256.0,Western Africa,West Africa,0.0,771556.09,0.0,3.8739153072547157
Nigeria,2019,771556.09,3873.9,199167.0,141753.0,Western Africa,West Africa,0.0,771556.09,0.0,3.8739153072547157
Nigeria,2019,771556.09,3873.9,199167.0,142248.0,Western Africa,West Africa,0.0,771556.09,0.0,3.8739153072547157
Nigeria,2019,771556.09,3873.9,199167.0,149626.0,Western Africa,West Africa,0.0,771556.09,0.0,3.8739153072547157
Nigeria,2019,771556.09,3873.9,199167.0,151880.0,Western Africa,West Africa,0.0,771556.09,0.0,3.8739153072547157
Nigeria,2019,771556.09,3873.9,199167.0,121.93,Western Africa,West Africa,0.0,771556.09,0.0,3.8739153072547157
Nigeria,2019,771556.09,3873.9,6783924.0,81.11,Western Africa,West Africa,0.0,771556.09,0.0,0.11373300909621038
Nigeria,2019,771556.09,3873.9,6783924.0,158635.0,Western Africa,West Africa,0.0,771556.09,0.0,0.11373300909621038
Nigeria,2019,771556.09,3873.9,6783924.0,155590.0,Western Africa,West Africa,0.0,771556.09,0.0,0.11373300909621038
Nigeria,2019,771556.09,3873.9,6783924.0,147831.0,Western Africa,West Africa,0.0,771556.09,0.0,0.11373300909621038
Nigeria,2019,771556.09,3873.9,6783924.0,151695.0,Western Africa,West Africa,0.0,771556.09,0.0,0.11373300909621038
Nigeria,2019,771556.09,3873.9,6783924.0,149596.0,Western Africa,West Africa,0.0,771556.09,0.0,0.11373300909621038
Nigeria,2019,771556.09,3873.9,6783924.0,140414.0,Western Africa,West Africa,0.0,771556.09,0.0,0.11373300909621038
Nigeria,2019,771556.09,3873.9,6783924.0,135763.0,Western Africa,West Africa,0.0,771556.09,0.0,0.11373300909621038
Nigeria,2019,771556.09,3873.9,6783924.0,138256.0,Western Africa,West Africa,0.0,771556.09,0.0,0.11373300909621038
Nigeria,2019,771556.09,3873.9,6783924.0,141753.0,Western Africa,West Africa,0.0,771556.09,0.0,0.11373300909621038
Nigeria,2019,771556.09,3873.9,6783924.0,142248.0,Western Africa,West Africa,0.0,771556.09,0.0,0.11373300909621038
Nigeria,2019,771556.09,3873.9,6783924.0,149626.0,Western Africa,West Africa,0.0,771556.09,0.0,0.11373300909621038
Nigeria,2019,771556.09,3873.9,6783924.0,151880.0,Western Africa,West Africa,0.0,771556.09,0.0,0.11373300909621038
Nigeria,2019,771556.09,3873.9,6783924.0,121.93,Western Africa,West Africa,0.0,771556.09,0.0,0.11373300909621038
Nigeria,2019,771556.09,1857.2,199167.0,81.11,Western Africa,West Africa,0.0,771556.09,0.0,3.8739153072547157
Nigeria,2019,771556.09,1857.2,199167.0,158635.0,Western Africa,West Africa,0.0,771556.09,0.0,3.8739153072547157
Nigeria,2019,771556.09,1857.2,199167.0,155590.0,Western Africa,West Africa,0.0,771556.09,0.0,3.8739153072547157
Nigeria,2019,771556.09,1857.2,199167.0,147831.0,Western Africa,West Africa,0.0,771556.09,0.0,3.8739153072547157
Nigeria,2019,771556.09,1857.2,199167.0,151695.0,Western Africa,West Africa,0.0,771556.09,0.0,3.8739153072547157
Nigeria,2019,771556.09,1857.2,199167.0,149596.0,Western Africa,West Africa,0.0,771556.09,0.0,3.8739153072547157
Nigeria,2019,771556.09,1857.2,199167.0,140414.0,Western Africa,West Africa,0.0,771556.09,0.0,3.8739153072547157
Nigeria,2019,771556.09,1857.2,199167.0,135763.0,Western Africa,West Africa,0.0,771556.09,0.0,3.8739153072547157
Nigeria,2019,771556.09,1857.2,199167.0,138256.0,Western Africa,West Africa,0.0,771556.09,0.0,3.8739153072547157
Nigeria,2019,771556.09,1857.2,199167.0,141753.0,Western Africa,West Africa,0.0,771556.09,0.0,3.8739153072547157
Nigeria,2019,771556.09,1857.2,199167.0,142248.0,Western Africa,West Africa,0.0,771556.09,0.0,3.8739153072547157
Nigeria,2019,771556.09,1857.2,199167.0,149626.0,Western Africa,West Africa,0.0,771556.09,0.0,3.8739153072547157
Nigeria,2019,771556.09,1857.2,199167.0,151880.0,Western Africa,West Africa,0.0,771556.09,0.0,3.8739153072547157
Nigeria,2019,771556.09,1857.2,199167.0,121.93,Western Africa,West Africa,0.0,771556.09,0.0,3.8739153072547157
Nigeria,2019,771556.09,1857.2,6783924.0,81.11,Western Africa,West Africa,0.0,771556.09,0.0,0.11373300909621038
Nigeria,2019,771556.09,1857.2,6783924.0,158635.0,Western Africa,West Africa,0.0,771556.09,0.0,0.11373300909621038
Nigeria,2019,771556.09,1857.2,6783924.0,155590.0,Western Africa,West Africa,0.0,771556.09,0.0,0.11373300909621038
Nigeria,2019,771556.09,1857.2,6783924.0,147831.0,Western Africa,West Africa,0.0,771556.09,0.0,0.11373300909621038
Nigeria,2019,771556.09,1857.2,6783924.0,151695.0,Western Africa,West Africa,0.0,771556.09,0.0,0.11373300909621038
Nigeria,2019,771556.09,1857.2,6783924.0,149596.0,Western Africa,West Africa,0.0,771556.09,0.0,0.11373300909621038
Nigeria,2019,771556.09,1857.2,6783924.0,140414.0,Western Africa,West Africa,0.0,771556.09,0.0,0.11373300909621038
Nigeria,2019,771556.09,1857.2,6783924.0,135763.0,Western Africa,West Africa,0.0,771556.09,0.0,0.11373300909621038
Nigeria,2019,771556.09,1857.2,6783924.0,138256.0,Western Africa,West Africa,0.0,771556.09,0.0,0.11373300909621038
Nigeria,2019,771556.09,1857.2,6783924.0,141753.0,Western Africa,West Africa,0.0,771556.09,0.0,0.11373300909621038
Nigeria,2019,771556.09,1857.2,6783924.0,142248.0,Western Africa,West Africa,0.0,771556.09,0.0,0.11373300909621038
Nigeria,2019,771556.09,1857.2,6783924.0,149626.0,Western Africa,West Africa,0.0,771556.09,0.0,0.11373300909621038
Nigeria,2019,771556.09,1857.2,6783924.0,151880.0,Western Africa,West Africa,0.0,771556.09,0.0,0.11373300909621038
Nigeria,2019,771556.09,1857.2,6783924.0,121.93,Western Africa,West Africa,0.0,771556.09,0.0,0.11373300909621038
Nigeria,2019,12598945.0,3873.9,199167.0,81.11,Western Africa,West Africa,1532.926648275176,4714019.060000001,167.26546582949106,63.25819538377342
Nigeria,2019,12598945.0,3873.9,199167.0,158635.0,Western Africa,West Africa,0.0,8656482.030000001,45.54347778158558,63.25819538377342
Nigeria,2019,12598945.0,3873.9,199167.0,155590.0,Western Africa,West Africa,0.0,12598945.0,0.0,63.25819538377342
Nigeria,2019,12598945.0,3873.9,199167.0,147831.0,Western Africa,West Africa,0.0,12598945.0,0.0,63.25819538377342
Nigeria,2019,12598945.0,3873.9,199167.0,151695.0,Western Africa,West Africa,0.0,12598945.0,0.0,63.25819538377342
Nigeria,2019,12598945.0,3873.9,199167.0,149596.0,Western Africa,West Africa,0.0,12598945.0,0.0,63.25819538377342
Nigeria,2019,12598945.0,3873.9,199167.0,140414.0,Western Africa,West Africa,0.0,12598945.0,0.0,63.25819538377342
Nigeria,2019,12598945.0,3873.9,199167.0,135763.0,Western Africa,West Africa,0.0,12598945.0,0.0,63.25819538377342
Nigeria,2019,12598945.0,3873.9,199167.0,138256.0,Western Africa,West Africa,0.0,12598945.0,0.0,63.25819538377342
Nigeria,2019,12598945.0,3873.9,199167.0,141753.0,Western Africa,West Africa,0.0,12598945.0,0.0,63.25819538377342
Nigeria,2019,12598945.0,3873.9,199167.0,142248.0,Western Africa,West Africa,0.0,12598945.0,0.0,63.25819538377342
Nigeria,2019,12598945.0,3873.9,199167.0,149626.0,Western Africa,West Africa,0.0,12598945.0,0.0,63.25819538377342
Nigeria,2019,12598945.0,3873.9,199167.0,151880.0,Western Africa,West Africa,0.0,12598945.0,0.0,63.25819538377342
Nigeria,2019,12598945.0,3873.9,199167.0,121.93,Western Africa,West Africa,0.0,12598945.0,0.0,63.25819538377342
Nigeria,2019,12598945.0,3873.9,6783924.0,81.11,Western Africa,West Africa,0.0,12598945.0,0.0,1.8571766134172494
Nigeria,2019,12598945.0,3873.9,6783924.0,158635.0,Western Africa,West Africa,0.0,12598945.0,0.0,1.8571766134172494
Nigeria,2019,12598945.0,3873.9,6783924.0,155590.0,Western Africa,West Africa,0.0,12598945.0,0.0,1.8571766134172494
Nigeria,2019,12598945.0,3873.9,6783924.0,147831.0,Western Africa,West Africa,0.0,12598945.0,0.0,1.8571766134172494
Nigeria,2019,12598945.0,3873.9,6783924.0,151695.0,Western Africa,West Africa,0.0,12598945.0,0.0,1.8571766134172494
Nigeria,2019,12598945.0,3873.9,6783924.0,149596.0,Western Africa,West Africa,0.0,12598945.0,0.0,1.8571766134172494
Nigeria,2019,12598945.0,3873.9,6783924.0,140414.0,Western Africa,West Africa,0.0,12598945.0,0.0,1.8571766134172494
Nigeria,2019,12598945.0,3873.9,6783924.0,135763.0,Western Africa,West Africa,0.0,12598945.0,0.0,1.8571766134172494
Nigeria,2019,12598945.0,3873.9,6783924.0,138256.0,Western Africa,West Africa,0.0,12598945.0,0.0,1.8571766134172494
Nigeria,2019,12598945.0,3873.9,6783924.0,141753.0,Western Africa,West Africa,0.0,12598945.0,0.0,1.8571766134172494
Nigeria,2019,12598945.0,3873.9,6783924.0,142248.0,Western Africa,West Africa,0.0,12598945.0,0.0,1.8571766134172494
Nigeria,2019,12598945.0,3873.9,6783924.0,149626.0,Western Africa,West Africa,0.0,12598945.0,0.0,1.8571766134172494
Nigeria,2019,12598945.0,3873.9,6783924.0,151880.0,Western Africa,West Africa,0.0,12598945.0,0.0,1.8571766134172494
Nigeria,2019,12598945.0,3873.9,6783924.0,121.93,Western Africa,West Africa,0.0,12598945.0,0.0,1.8571766134172494
Nigeria,2019,12598945.0,1857.2,199167.0,81.11,Western Africa,West Africa,0.0,12598945.0,0.0,63.25819538377342
Nigeria,2019,12598945.0,1857.2,199167.0,158635.0,Western Africa,West Africa,0.0,12598945.0,0.0,63.25819538377342
Nigeria,2019,12598945.0,1857.2,199167.0,155590.0,Western Africa,West Africa,0.0,12598945.0,0.0,63.25819538377342
Nigeria,2019,12598945.0,1857.2,199167.0,147831.0,Western Africa,West Africa,0.0,12598945.0,0.0,63.25819538377342
Nigeria,2019,12598945.0,1857.2,199167.0,151695.0,Western Africa,West Africa,0.0,12598945.0,0.0,63.25819538377342
Nigeria,2019,12598945.0,1857.2,199167.0,149596.0,Western Africa,West Africa,0.0,12598945.0,0.0,63.25819538377342
Nigeria,2019,12598945.0,1857.2,199167.0,140414.0,Western Africa,West Africa,0.0,12598945.0,0.0,63.25819538377342
Nigeria,2019,12598945.0,1857.2,199167.0,135763.0,Western Africa,West Africa,0.0,12598945.0,0.0,63.25819538377342
Nigeria,2019,12598945.0,1857.2,199167.0,138256.0,Western Africa,West Africa,0.0,12598945.0,0.0,63.25819538377342
Nigeria,2019,12598945.0,1857.2,199167.0,141753.0,Western Africa,West Africa,0.0,12598945.0,0.0,63.25819538377342
Nigeria,2019,12598945.0,1857.2,199167.0,142248.0,Western Africa,West Africa,0.0,12598945.0,0.0,63.25819538377342
Nigeria,2019,12598945.0,1857.2,199167.0,149626.0,Western Africa,West Africa,0.0,12598945.0,0.0,63.25819538377342
Nigeria,2019,12598945.0,1857.2,199167.0,151880.0,Western Africa,West Africa,0.0,12598945.0,0.0,63.25819538377342
Nigeria,2019,12598945.0,1857.2,199167.0,121.93,Western Africa,West Africa,0.0,12598945.0,0.0,63.25819538377342
Nigeria,2019,12598945.0,1857.2,6783924.0,81.11,Western Africa,West Africa,0.0,12598945.0,0.0,1.8571766134172494
Nigeria,2019,12598945.0,1857.2,6783924.0,158635.0,Western Africa,West Africa,0.0,12598945.0,0.0,1.8571766134172494
Nigeria,2019,12598945.0,1857.2,6783924.0,155590.0,Western Africa,West Africa,0.0,12598945.0,0.0,1.8571766134172494
Nigeria,2019,12598945.0,1857.2,6783924.0,147831.0,Western Africa,West Africa,0.0,12598945.0,0.0,1.8571766134172494
Nigeria,2019,12598945.0,1857.2,6783924.0,151695.0,Western Africa,West Africa,0.0,12598945.0,0.0,1.8571766134172494
Nigeria,2019,12598945.0,1857.2,6783924.0,149596.0,Western Africa,West Africa,0.0,12598945.0,0.0,1.8571766134172494
Nigeria,2019,12598945.0,1857.2,6783924.0,140414.0,Western Africa,West Africa,0.0,12598945.0,0.0,1.8571766134172494
Nigeria,2019,12598945.0,1857.2,6783924.0,135763.0,Western Africa,West Africa,0.0,12598945.0,0.0,1.8571766134172494
Nigeria,2019,12598945.0,1857.2,6783924.0,138256.0,Western Africa,West Africa,0.0,12598945.0,0.0,1.8571766134172494
Nigeria,2019,12598945.0,1857.2,6783924.0,141753.0,Western Africa,West Africa,0.0,12598945.0,0.0,1.8571766134172494
Nigeria,2019,12598945.0,1857.2,6783924.0,142248.0,Western Africa,West Africa,0.0,12598945.0,0.0,1.8571766134172494
Nigeria,2019,12598945.0,1857.2,6783924.0,149626.0,Western Africa,West Africa,0.0,12598945.0,0.0,1.8571766134172494
Nigeria,2019,12598945.0,1857.2,6783924.0,151880.0,Western Africa,West Africa,0.0,12598945.0,0.0,1.8571766134172494
Nigeria,2019,12598945.0,1857.2,6783924.0,121.93,Western Africa,West Africa,0.0,12598945.0,0.0,1.8571766134172494
Nigeria,2020,776618.74,3902.4,199012.0,127.91,Western Africa,West Africa,-93.8358430805119,8658169.58,-91.03022026972126,3.902371414789058
Nigeria,2020,776618.74,3902.4,199012.0,88210.0,Western Africa,West Africa,0.0,4717394.160000001,-83.53712423301087,3.902371414789058
Nigeria,2020,776618.74,3902.4,199012.0,148863.9,Western Africa,West Africa,0.0,776618.74,0.0,3.902371414789058
Nigeria,2020,776618.74,3902.4,199012.0,88210.0,Western Africa,West Africa,0.0,776618.74,0.0,3.902371414789058
Nigeria,2020,776618.74,3902.4,199012.0,245.8,Western Africa,West Africa,0.0,776618.74,0.0,3.902371414789058
Nigeria,2020,776618.74,3902.4,199012.0,129.26,Western Africa,West Africa,0.0,776618.74,0.0,3.902371414789058
Nigeria,2020,776618.74,3902.4,6048600.0,127.91,Western Africa,West Africa,0.0,776618.74,0.0,0.1283964454584532
Nigeria,2020,776618.74,3902.4,6048600.0,88210.0,Western Africa,West Africa,0.0,776618.74,0.0,0.1283964454584532
Nigeria,2020,776618.74,3902.4,6048600.0,148863.9,Western Africa,West Africa,0.0,776618.74,0.0,0.1283964454584532
Nigeria,2020,776618.74,3902.4,6048600.0,88210.0,Western Africa,West Africa,0.0,776618.74,0.0,0.1283964454584532
Nigeria,2020,776618.74,3902.4,6048600.0,245.8,Western Africa,West Africa,0.0,776618.74,0.0,0.1283964454584532
Nigeria,2020,776618.74,3902.4,6048600.0,129.26,Western Africa,West Africa,0.0,776618.74,0.0,0.1283964454584532
Nigeria,2020,776618.74,2050.6,199012.0,127.91,Western Africa,West Africa,0.0,776618.74,0.0,3.902371414789058
Nigeria,2020,776618.74,2050.6,199012.0,88210.0,Western Africa,West Africa,0.0,776618.74,0.0,3.902371414789058
Nigeria,2020,776618.74,2050.6,199012.0,148863.9,Western Africa,West Africa,0.0,776618.74,0.0,3.902371414789058
Nigeria,2020,776618.74,2050.6,199012.0,88210.0,Western Africa,West Africa,0.0,776618.74,0.0,3.902371414789058
Nigeria,2020,776618.74,2050.6,199012.0,245.8,Western Africa,West Africa,0.0,776618.74,0.0,3.902371414789058
Nigeria,2020,776618.74,2050.6,199012.0,129.26,Western Africa,West Africa,0.0,776618.74,0.0,3.902371414789058
Nigeria,2020,776618.74,2050.6,6048600.0,127.91,Western Africa,West Africa,0.0,776618.74,0.0,0.1283964454584532
Nigeria,2020,776618.74,2050.6,6048600.0,88210.0,Western Africa,West Africa,0.0,776618.74,0.0,0.1283964454584532
Nigeria,2020,776618.74,2050.6,6048600.0,148863.9,Western Africa,West Africa,0.0,776618.74,0.0,0.1283964454584532
Nigeria,2020,776618.74,2050.6,6048600.0,88210.0,Western Africa,West Africa,0.0,776618.74,0.0,0.1283964454584532
Nigeria,2020,776618.74,2050.6,6048600.0,245.8,Western Africa,West Africa,0.0,776618.74,0.0,0.1283964454584532
Nigeria,2020,776618.74,2050.6,6048600.0,129.26,Western Africa,West Africa,0.0,776618.74,0.0,0.1283964454584532
Nigeria,2020,12403300.0,3902.4,199012.0,127.91,Western Africa,West Africa,1497.089969783629,4652179.160000001,166.6126899549586,62.32438244929954
Nigeria,2020,12403300.0,3902.4,199012.0,88210.0,Western Africa,West Africa,0.0,8527739.58,45.446514678864055,62.32438244929954
Nigeria,2020,12403300.0,3902.4,199012.0,148863.9,Western Africa,West Africa,0.0,12403300.0,0.0,62.32438244929954
Nigeria,2020,12403300.0,3902.4,199012.0,88210.0,Western Africa,West Africa,0.0,12403300.0,0.0,62.32438244929954
Nigeria,2020,12403300.0,3902.4,199012.0,245.8,Western Africa,West Africa,0.0,12403300.0,0.0,62.32438244929954
Nigeria,2020,12403300.0,3902.4,199012.0,129.26,Western Africa,West Africa,0.0,12403300.0,0.0,62.32438244929954
Nigeria,2020,12403300.0,3902.4,6048600.0,127.91,Western Africa,West Africa,0.0,12403300.0,0.0,2.0506067519756637
Nigeria,2020,12403300.0,3902.4,6048600.0,88210.0,Western Africa,West Africa,0.0,12403300.0,0.0,2.0506067519756637
Nigeria,2020,12403300.0,3902.4,6048600.0,148863.9,Western Africa,West Africa,0.0,12403300.0,0.0,2.0506067519756637
Nigeria,2020,12403300.0,3902.4,6048600.0,88210.0,Western Africa,West Africa,0.0,12403300.0,0.0,2.0506067519756637
Nigeria,2020,12403300.0,3902.4,6048600.0,245.8,Western Africa,West Africa,0.0,12403300.0,0.0,2.0506067519756637
Nigeria,2020,12403300.0,3902.4,6048600.0,129.26,Western Africa,West Africa,0.0,12403300.0,0.0,2.0506067519756637
Nigeria,2020,12403300.0,2050.6,199012.0,127.91,Western Africa,West Africa,0.0,12403300.0,0.0,62.32438244929954
Nigeria,2020,12403300.0,2050.6,199012.0,88210.0,Western Africa,West Africa,0.0,12403300.0,0.0,62.32438244929954
Nigeria,2020,12403300.0,2050.6,199012.0,148863.9,Western Africa,West Africa,0.0,12403300.0,0.0,62.32438244929954
Nigeria,2020,12403300.0,2050.6,199012.0,88210.0,Western Africa,West Africa,0.0,12403300.0,0.0,62.32438244929954
Nigeria,2020,12403300.0,2050.6,199012.0,245.8,Western Africa,West Africa,0.0,12403300.0,0.0,62.32438244929954
Nigeria,2020,12403300.0,2050.6,199012.0,129.26,Western Africa,West Africa,0.0,12403300.0,0.0,62.32438244929954
Nigeria,2020,12403300.0,2050.6,6048600.0,127.91,Western Africa,West Africa,0.0,12403300.0,0.0,2.0506067519756637
Nigeria,2020,12403300.0,2050.6,6048600.0,88210.0,Western Africa,West Africa,0.0,12403300.0,0.0,2.0506067519756637
Nigeria,2020,12403300.0,2050.6,6048600.0,148863.9,Western Africa,West Africa,0.0,12403300.0,0.0,2.0506067519756637
Nigeria,2020,12403300.0,2050.6,6048600.0,88210.0,Western Africa,West Africa,0.0,12403300.0,0.0,2.0506067519756637
Nigeria,2020,12403300.0,2050.6,6048600.0,245.8,Western Africa,West Africa,0.0,12403300.0,0.0,2.0506067519756637
Nigeria,2020,12403300.0,2050.6,6048600.0,129.26,Western Africa,West Africa,0.0,12403300.0,0.0,2.0506067519756637
Nigeria,2021,787486.21,3929.5,200404.0,135.51,Western Africa,West Africa,-93.65099441277724,8531362.070000002,-90.76951366571177,3.9294934731841678
Nigeria,2021,787486.21,3929.5,200404.0,127.29,Western Africa,West Africa,0.0,4659424.1400000015,-83.09906575708303,3.9294934731841678
Nigeria,2021,787486.21,3929.5,6205280.0,135.51,Western Africa,West Africa,0.0,787486.21,0.0,0.12690583019621998
Nigeria,2021,787486.21,3929.5,6205280.0,127.29,Western Africa,West Africa,0.0,787486.21,0.0,0.12690583019621998
Nigeria,2021,787486.21,2053.8,200404.0,135.51,Western Africa,West Africa,0.0,787486.21,0.0,3.9294934731841678
Nigeria,2021,787486.21,2053.8,200404.0,127.29,Western Africa,West Africa,0.0,787486.21,0.0,3.9294934731841678
Nigeria,2021,787486.21,2053.8,6205280.0,135.51,Western Africa,West Africa,0.0,787486.21,0.0,0.12690583019621998
Nigeria,2021,787486.21,2053.8,6205280.0,127.29,Western Africa,West Africa,0.0,787486.21,0.0,0.12690583019621998
Nigeria,2021,12744450.0,3929.5,200404.0,135.51,Western Africa,West Africa,1518.3711966207004,4773140.806666668,167.00343686068862,63.593790543102934
Nigeria,2021,12744450.0,3929.5,200404.0,127.29,Western Africa,West Africa,0.0,8758795.403333334,45.50459752890044,63.593790543102934
Nigeria,2021,12744450.0,3929.5,6205280.0,135.51,Western Africa,West Africa,0.0,12744450.0,0.0,2.0538074027279993
Nigeria,2021,12744450.0,3929.5,6205280.0,127.29,Western Africa,West Africa,0.0,12744450.0,0.0,2.0538074027279993
Nigeria,2021,12744450.0,2053.8,200404.0,135.51,Western Africa,West Africa,0.0,12744450.0,0.0,63.593790543102934
Nigeria,2021,12744450.0,2053.8,200404.0,127.29,Western Africa,West Africa,0.0,12744450.0,0.0,63.593790543102934
Nigeria,2021,12744450.0,2053.8,6205280.0,135.51,Western Africa,West Africa,0.0,12744450.0,0.0,2.0538074027279993
Nigeria,2021,12744450.0,2053.8,6205280.0,127.29,Western Africa,West Africa,0.0,12744450.0,0.0,2.0538074027279993
Nigeria,2022,787950.38,3936.1,200186.0,152.74,Western Africa,West Africa,-93.81730572916054,8758950.126666667,-91.00405449734117,3.936091335058396
Nigeria,2022,787950.38,3936.1,200186.0,143.63,Western Africa,West Africa,0.0,4773450.253333335,-83.49306396458687,3.936091335058396
Nigeria,2022,787950.38,3936.1,5800000.0,152.74,Western Africa,West Africa,0.0,787950.38,0.0,0.13585351379310345
Nigeria,2022,787950.38,3936.1,5800000.0,143.63,Western Africa,West Africa,0.0,787950.38,0.0,0.13585351379310345
Nigeria,2022,787950.38,2232.6,200186.0,152.74,Western Africa,West Africa,0.0,787950.38,0.0,3.936091335058396
Nigeria,2022,787950.38,2232.6,200186.0,143.63,Western Africa,West Africa,0.0,787950.38,0.0,3.936091335058396
Nigeria,2022,787950.38,2232.6,5800000.0,152.74,Western Africa,West Africa,0.0,787950.38,0.0,0.13585351379310345
Nigeria,2022,787950.38,2232.6,5800000.0,143.63,Western Africa,West Africa,0.0,787950.38,0.0,0.13585351379310345
Nigeria,2022,12948920.0,3936.1,200186.0,152.74,Western Africa,West Africa,1543.3674414878765,4841606.920000001,167.45087352114075,64.68444346757515
Nigeria,2022,12948920.0,3936.1,200186.0,143.63,Western Africa,West Africa,0.0,8895263.46,45.570955354255446,64.68444346757515
Nigeria,2022,12948920.0,3936.1,5800000.0,152.74,Western Africa,West Africa,0.0,12948920.0,0.0,2.2325724137931036
Nigeria,2022,12948920.0,3936.1,5800000.0,143.63,Western Africa,West Africa,0.0,12948920.0,0.0,2.2325724137931036
Nigeria,2022,12948920.0,2232.6,200186.0,152.74,Western Africa,West Africa,0.0,12948920.0,0.0,64.68444346757515
Nigeria,2022,12948920.0,2232.6,200186.0,143.63,Western Africa,West Africa,0.0,12948920.0,0.0,64.68444346757515
Nigeria,2022,12948920.0,2232.6,5800000.0,152.74,Western Africa,West Africa,0.0,12948920.0,0.0,2.2325724137931036
Nigeria,2022,12948920.0,2232.6,5800000.0,143.63,Western Africa,West Africa,0.0,12948920.0,0.0,2.2325724137931036
Nigeria,2023,793689.44,3955.3,200663.0,160.7,Western Africa,West Africa,-93.87061283875411,8897176.480000002,-91.07931104003458,3.955335263601162
Nigeria,2023,793689.44,3955.3,200663.0,152.12,Western Africa,West Africa,0.0,4845432.960000001,-83.61984477853555,3.955335263601162
Nigeria,2023,793689.44,3955.3,5700000.0,160.7,Western Africa,West Africa,0.0,793689.44,0.0,0.13924376140350878
Nigeria,2023,793689.44,3955.3,5700000.0,152.12,Western Africa,West Africa,0.0,793689.44,0.0,0.13924376140350878
Nigeria,2023,793689.44,1939.1,200663.0,160.7,Western Africa,West Africa,0.0,793689.44,0.0,3.955335263601162
Nigeria,2023,793689.44,1939.1,200663.0,152.12,Western Africa,West Africa,0.0,793689.44,0.0,3.955335263601162
Nigeria,2023,793689.44,1939.1,5700000.0,160.7,Western Africa,West Africa,0.0,793689.44,0.0,0.13924376140350878
Nigeria,2023,793689.44,1939.1,5700000.0,152.12,Western Africa,West Africa,0.0,793689.44,0.0,0.13924376140350878
Nigeria,2023,11053000.0,3955.3,200663.0,160.7,Western Africa,West Africa,1292.610187682477,4213459.626666668,162.32599762072948,55.082401837907334
Nigeria,2023,11053000.0,3955.3,200663.0,152.12,Western Africa,West Africa,0.0,7633229.813333335,44.80109036797484,55.082401837907334
Nigeria,2023,11053000.0,3955.3,5700000.0,160.7,Western Africa,West Africa,0.0,11053000.0,0.0,1.939122807017544
Nigeria,2023,11053000.0,3955.3,5700000.0,152.12,Western Africa,West Africa,0.0,11053000.0,0.0,1.939122807017544
Nigeria,2023,11053000.0,1939.1,200663.0,160.7,Western Africa,West Africa,0.0,11053000.0,0.0,55.082401837907334
Nigeria,2023,11053000.0,1939.1,200663.0,152.12,Western Africa,West Africa,0.0,11053000.0,0.0,55.082401837907334
Nigeria,2023,11053000.0,1939.1,5700000.0,160.7,Western Africa,West Africa,0.0,11053000.0,0.0,1.939122807017544
Nigeria,2023,11053000.0,1939.1,5700000.0,152.12,Western Africa,West Africa,0.0,11053000.0,0.0,1.939122807017544
Nigeria,2024,799511.1,3972.2,201276.0,162.31,Western Africa,West Africa,-92.76656925721524,7635170.366666667,-89.52857550513248,3.972212782447982
Nigeria,2024,799511.1,3972.2,201276.0,158.12,Western Africa,West Africa,0.0,4217340.733333333,-81.04229298617575,3.972212782447982
Nigeria,2024,799511.1,3972.2,5500000.0,162.31,Western Africa,West Africa,0.0,799511.1,0.0,0.14536565454545455
Nigeria,2024,799511.1,3972.2,5500000.0,158.12,Western Africa,West Africa,0.0,799511.1,0.0,0.14536565454545455
Nigeria,2024,799511.1,2029.8,201276.0,162.31,Western Africa,West Africa,0.0,799511.1,0.0,3.972212782447982
Nigeria,2024,799511.1,2029.8,201276.0,158.12,Western Africa,West Africa,0.0,799511.1,0.0,3.972212782447982
Nigeria,2024,799511.1,2029.8,5500000.0,162.31,Western Africa,West Africa,0.0,799511.1,0.0,0.14536565454545455
Nigeria,2024,799511.1,2029.8,5500000.0,158.12,Western Africa,West Africa,0.0,799511.1,0.0,0.14536565454545455
Nigeria,2024,11164000.0,3972.2,201276.0,162.31,Western Africa,West Africa,1296.3533464388424,4254340.733333333,162.41433631604903,55.46612611538385
Nigeria,2024,11164000.0,3972.2,201276.0,158.12,Western Africa,West Africa,0.0,7709170.366666667,44.81454513278776,55.46612611538385
Nigeria,2024,11164000.0,3972.2,5500000.0,162.31,Western Africa,West Africa,0.0,11164000.0,0.0,2.029818181818182
Nigeria,2024,11164000.0,3972.2,5500000.0,158.12,Western Africa,West Africa,0.0,11164000.0,0.0,2.029818181818182
Nigeria,2024,11164000.0,2029.8,201276.0,162.31,Western Africa,West Africa,0.0,11164000.0,0.0,55.46612611538385
Nigeria,2024,11164000.0,2029.8,201276.0,158.12,Western Africa,West Africa,0.0,11164000.0,0.0,55.46612611538385
Nigeria,2024,11164000.0,2029.8,5500000.0,162.31,Western Africa,West Africa,0.0,11164000.0,0.0,2.029818181818182
Nigeria,2024,11164000.0,2029.8,5500000.0,158.12,Western Africa,West Africa,0.0,11164000.0,0.0,2.029818181818182
Rwanda,2000,62501.0,701.8,89053.0,83000.0,Eastern Africa,East Africa,,62501.0,0.0,0.7018404770193031
Rwanda,2000,62501.0,701.8,89053.0,83000.0,Eastern Africa,East Africa,0.0,62501.0,0.0,0.7018404770193031
Rwanda,2000,62501.0,701.8,89053.0,213.0,Eastern Africa,East Africa,0.0,62501.0,0.0,0.7018404770193031
Rwanda,2000,62501.0,701.8,89053.0,32.49,Eastern Africa,East Africa,0.0,62501.0,0.0,0.7018404770193031
Rwanda,2001,80979.0,767.1,105560.0,79000.0,Eastern Africa,East Africa,29.564326970768473,68660.33333333333,17.941460620154295,0.767137173171656
Rwanda,2001,80979.0,767.1,105560.0,79000.0,Eastern Africa,East Africa,0.0,74819.66666666667,8.232238404341098,0.767137173171656
Rwanda,2001,80979.0,767.1,105560.0,178.3,Eastern Africa,East Africa,0.0,80979.0,0.0,0.767137173171656
Rwanda,2001,80979.0,767.1,105560.0,30.93,Eastern Africa,East Africa,0.0,80979.0,0.0,0.767137173171656
Rwanda,2002,91686.0,876.3,104628.0,59000.0,Eastern Africa,East Africa,13.221946430556075,84548.0,8.442541514879123,0.8763046220896892
Rwanda,2002,91686.0,876.3,104628.0,59000.0,Eastern Africa,East Africa,0.0,88117.0,4.050296764528979,0.8763046220896892
Rwanda,2002,91686.0,876.3,104628.0,124.1,Eastern Africa,East Africa,0.0,91686.0,0.0,0.8763046220896892
Rwanda,2002,91686.0,876.3,104628.0,23.1,Eastern Africa,East Africa,0.0,91686.0,0.0,0.8763046220896892
Rwanda,2003,78886.0,767.2,102820.0,98386.3,Eastern Africa,East Africa,-13.960691926793622,87419.33333333333,-9.761380015099629,0.7672242754327951
Rwanda,2003,78886.0,767.2,102820.0,98386.3,Eastern Africa,East Africa,0.0,83152.66666666667,-5.131124277433481,0.7672242754327951
Rwanda,2003,78886.0,767.2,102820.0,183.0,Eastern Africa,East Africa,0.0,78886.0,0.0,0.7672242754327951
Rwanda,2003,78886.0,767.2,102820.0,38.52,Eastern Africa,East Africa,0.0,78886.0,0.0,0.7672242754327951
Rwanda,2004,88209.0,767.0,115000.0,48.82,Eastern Africa,East Africa,11.818320107496906,81993.66666666667,7.580260264004124,0.7670347826086956
Rwanda,2005,97251.0,888.9,109400.0,57.73,Eastern Africa,East Africa,10.250654695099136,88115.33333333333,10.367851225288076,0.8889488117001828
Rwanda,2006,96662.0,853.1,113312.0,154169.0,Eastern Africa,East Africa,-0.6056492992359996,94040.66666666667,2.7874465656701655,0.853060576108444
Rwanda,2006,96662.0,853.1,113312.0,154169.0,Eastern Africa,East Africa,0.0,96858.33333333333,-0.20270154004989605,0.853060576108444
Rwanda,2006,96662.0,853.1,113312.0,279.4,Eastern Africa,East Africa,0.0,96662.0,0.0,0.853060576108444
Rwanda,2006,96662.0,853.1,113312.0,60.35,Eastern Africa,East Africa,0.0,96662.0,0.0,0.853060576108444
Rwanda,2007,101659.0,720.1,141168.0,160067.1,Eastern Africa,East Africa,5.169559909788757,98327.66666666667,3.387991850377813,0.7201277910007934
Rwanda,2007,101659.0,720.1,141168.0,160067.1,Eastern Africa,East Africa,0.0,99993.33333333333,1.6657777185145728,0.7201277910007934
Rwanda,2007,101659.0,720.1,141168.0,292.7,Eastern Africa,East Africa,0.0,101659.0,0.0,0.7201277910007934
Rwanda,2007,101659.0,720.1,141168.0,62.66,Eastern Africa,East Africa,0.0,101659.0,0.0,0.7201277910007934
Rwanda,2008,166853.0,1151.5,144896.0,199231.1,Eastern Africa,East Africa,64.13008194060536,123390.33333333333,35.22372092897607,1.1515362742932862
Rwanda,2008,166853.0,1151.5,144896.0,199231.1,Eastern Africa,East Africa,0.0,145121.66666666666,14.974561574770604,1.1515362742932862
Rwanda,2008,166853.0,1151.5,144896.0,364.3,Eastern Africa,East Africa,0.0,166853.0,0.0,1.1515362742932862
Rwanda,2008,166853.0,1151.5,144896.0,77.99,Eastern Africa,East Africa,0.0,166853.0,0.0,1.1515362742932862
Rwanda,2009,286946.0,1950.3,147129.0,232809.9,Eastern Africa,East Africa,71.97533157929435,206884.0,38.69898107151834,1.9503021158303258
Rwanda,2009,286946.0,1950.3,147129.0,232809.9,Eastern Africa,East Africa,0.0,246915.0,16.212461778344775,1.9503021158303258
Rwanda,2009,286946.0,1950.3,147129.0,409.7,Eastern Africa,East Africa,0.0,286946.0,0.0,1.9503021158303258
Rwanda,2009,286946.0,1950.3,147129.0,91.14,Eastern Africa,East Africa,0.0,286946.0,0.0,1.9503021158303258
Rwanda,2010,432404.0,2341.6,184658.0,182735.9,Eastern Africa,East Africa,50.691767789061345,335432.0,28.90958525125808,2.341647802965482
Rwanda,2010,432404.0,2341.6,184658.0,257984.0,Eastern Africa,East Africa,0.0,383918.0,12.629259373095298,2.341647802965482
Rwanda,2010,432404.0,2341.6,184658.0,202655.0,Eastern Africa,East Africa,0.0,432404.0,0.0,2.341647802965482
Rwanda,2010,432404.0,2341.6,184658.0,182377.0,Eastern Africa,East Africa,0.0,432404.0,0.0,2.341647802965482
Rwanda,2010,432404.0,2341.6,184658.0,167855.0,Eastern Africa,East Africa,0.0,432404.0,0.0,2.341647802965482
Rwanda,2010,432404.0,2341.6,184658.0,160429.0,Eastern Africa,East Africa,0.0,432404.0,0.0,2.341647802965482
Rwanda,2010,432404.0,2341.6,184658.0,146254.0,Eastern Africa,East Africa,0.0,432404.0,0.0,2.341647802965482
Rwanda,2010,432404.0,2341.6,184658.0,155259.0,Eastern Africa,East Africa,0.0,432404.0,0.0,2.341647802965482
Rwanda,2010,432404.0,2341.6,184658.0,151849.0,Eastern Africa,East Africa,0.0,432404.0,0.0,2.341647802965482
Rwanda,2010,432404.0,2341.6,184658.0,155833.0,Eastern Africa,East Africa,0.0,432404.0,0.0,2.341647802965482
Rwanda,2010,432404.0,2341.6,184658.0,196370.0,Eastern Africa,East Africa,0.0,432404.0,0.0,2.341647802965482
Rwanda,2010,432404.0,2341.6,184658.0,228277.0,Eastern Africa,East Africa,0.0,432404.0,0.0,2.341647802965482
Rwanda,2010,432404.0,2341.6,184658.0,187688.0,Eastern Africa,East Africa,0.0,432404.0,0.0,2.341647802965482
Rwanda,2010,432404.0,2341.6,184658.0,182735.9,Eastern Africa,East Africa,0.0,432404.0,0.0,2.341647802965482
Rwanda,2010,432404.0,2341.6,184658.0,313.4,Eastern Africa,East Africa,0.0,432404.0,0.0,2.341647802965482
Rwanda,2010,432404.0,2341.6,184658.0,71.54,Eastern Africa,East Africa,0.0,432404.0,0.0,2.341647802965482
Rwanda,2011,525679.0,2352.9,223414.0,226197.4,Eastern Africa,East Africa,21.57126206048048,463495.6666666667,13.41616282640542,2.3529367004753508
Rwanda,2011,525679.0,2352.9,223414.0,207747.0,Eastern Africa,East Africa,0.0,494587.3333333333,6.286385552399917,2.3529367004753508
Rwanda,2011,525679.0,2352.9,223414.0,193291.0,Eastern Africa,East Africa,0.0,525679.0,0.0,2.3529367004753508
Rwanda,2011,525679.0,2352.9,223414.0,181366.0,Eastern Africa,East Africa,0.0,525679.0,0.0,2.3529367004753508
Rwanda,2011,525679.0,2352.9,223414.0,200388.0,Eastern Africa,East Africa,0.0,525679.0,0.0,2.3529367004753508
Rwanda,2011,525679.0,2352.9,223414.0,218780.0,Eastern Africa,East Africa,0.0,525679.0,0.0,2.3529367004753508
Rwanda,2011,525679.0,2352.9,223414.0,254688.0,Eastern Africa,East Africa,0.0,525679.0,0.0,2.3529367004753508
Rwanda,2011,525679.0,2352.9,223414.0,239626.0,Eastern Africa,East Africa,0.0,525679.0,0.0,2.3529367004753508
Rwanda,2011,525679.0,2352.9,223414.0,228658.0,Eastern Africa,East Africa,0.0,525679.0,0.0,2.3529367004753508
Rwanda,2011,525679.0,2352.9,223414.0,231391.0,Eastern Africa,East Africa,0.0,525679.0,0.0,2.3529367004753508
Rwanda,2011,525679.0,2352.9,223414.0,244848.0,Eastern Africa,East Africa,0.0,525679.0,0.0,2.3529367004753508
Rwanda,2011,525679.0,2352.9,223414.0,252642.0,Eastern Africa,East Africa,0.0,525679.0,0.0,2.3529367004753508
Rwanda,2011,525679.0,2352.9,223414.0,260945.0,Eastern Africa,East Africa,0.0,525679.0,0.0,2.3529367004753508
Rwanda,2011,525679.0,2352.9,223414.0,226197.4,Eastern Africa,East Africa,0.0,525679.0,0.0,2.3529367004753508
Rwanda,2011,525679.0,2352.9,223414.0,376.8,Eastern Africa,East Africa,0.0,525679.0,0.0,2.3529367004753508
Rwanda,2011,525679.0,2352.9,223414.0,88.55,Eastern Africa,East Africa,0.0,525679.0,0.0,2.3529367004753508
Rwanda,2012,573038.0,2258.7,253698.0,252145.1,Eastern Africa,East Africa,9.009110122337006,541465.3333333334,5.830967325701361,2.258740707455321
Rwanda,2012,573038.0,2258.7,253698.0,252153.0,Eastern Africa,East Africa,0.0,557251.6666666666,2.8328911832176438,2.258740707455321
Rwanda,2012,573038.0,2258.7,253698.0,224500.0,Eastern Africa,East Africa,0.0,573038.0,0.0,2.258740707455321
Rwanda,2012,573038.0,2258.7,253698.0,205904.0,Eastern Africa,East Africa,0.0,573038.0,0.0,2.258740707455321
Rwanda,2012,573038.0,2258.7,253698.0,228419.0,Eastern Africa,East Africa,0.0,573038.0,0.0,2.258740707455321
Rwanda,2012,573038.0,2258.7,253698.0,244366.0,Eastern Africa,East Africa,0.0,573038.0,0.0,2.258740707455321
Rwanda,2012,573038.0,2258.7,253698.0,265137.0,Eastern Africa,East Africa,0.0,573038.0,0.0,2.258740707455321
Rwanda,2012,573038.0,2258.7,253698.0,271412.0,Eastern Africa,East Africa,0.0,573038.0,0.0,2.258740707455321
Rwanda,2012,573038.0,2258.7,253698.0,256801.0,Eastern Africa,East Africa,0.0,573038.0,0.0,2.258740707455321
Rwanda,2012,573038.0,2258.7,253698.0,250762.0,Eastern Africa,East Africa,0.0,573038.0,0.0,2.258740707455321
Rwanda,2012,573038.0,2258.7,253698.0,264996.0,Eastern Africa,East Africa,0.0,573038.0,0.0,2.258740707455321
Rwanda,2012,573038.0,2258.7,253698.0,274905.0,Eastern Africa,East Africa,0.0,573038.0,0.0,2.258740707455321
Rwanda,2012,573038.0,2258.7,253698.0,286386.0,Eastern Africa,East Africa,0.0,573038.0,0.0,2.258740707455321
Rwanda,2012,573038.0,2258.7,253698.0,252145.1,Eastern Africa,East Africa,0.0,573038.0,0.0,2.258740707455321
Rwanda,2012,573038.0,2258.7,253698.0,410.5,Eastern Africa,East Africa,0.0,573038.0,0.0,2.258740707455321
Rwanda,2012,573038.0,2258.7,253698.0,98.71,Eastern Africa,East Africa,0.0,573038.0,0.0,2.258740707455321
Rwanda,2013,667833.0,2284.5,292326.0,263346.9,Eastern Africa,East Africa,16.542532955929623,604636.3333333334,10.452012752569168,2.284548757209417
Rwanda,2013,667833.0,2284.5,292326.0,295332.0,Eastern Africa,East Africa,0.0,636234.6666666666,4.966458916626157,2.284548757209417
Rwanda,2013,667833.0,2284.5,292326.0,257244.0,Eastern Africa,East Africa,0.0,667833.0,0.0,2.284548757209417
Rwanda,2013,667833.0,2284.5,292326.0,234041.0,Eastern Africa,East Africa,0.0,667833.0,0.0,2.284548757209417
Rwanda,2013,667833.0,2284.5,292326.0,230365.0,Eastern Africa,East Africa,0.0,667833.0,0.0,2.284548757209417
Rwanda,2013,667833.0,2284.5,292326.0,233991.0,Eastern Africa,East Africa,0.0,667833.0,0.0,2.284548757209417
Rwanda,2013,667833.0,2284.5,292326.0,230722.0,Eastern Africa,East Africa,0.0,667833.0,0.0,2.284548757209417
Rwanda,2013,667833.0,2284.5,292326.0,227165.0,Eastern Africa,East Africa,0.0,667833.0,0.0,2.284548757209417
Rwanda,2013,667833.0,2284.5,292326.0,227921.0,Eastern Africa,East Africa,0.0,667833.0,0.0,2.284548757209417
Rwanda,2013,667833.0,2284.5,292326.0,253061.0,Eastern Africa,East Africa,0.0,667833.0,0.0,2.284548757209417
Rwanda,2013,667833.0,2284.5,292326.0,299641.0,Eastern Africa,East Africa,0.0,667833.0,0.0,2.284548757209417
Rwanda,2013,667833.0,2284.5,292326.0,325110.0,Eastern Africa,East Africa,0.0,667833.0,0.0,2.284548757209417
Rwanda,2013,667833.0,2284.5,292326.0,345571.0,Eastern Africa,East Africa,0.0,667833.0,0.0,2.284548757209417
Rwanda,2013,667833.0,2284.5,292326.0,263346.9,Eastern Africa,East Africa,0.0,667833.0,0.0,2.284548757209417
Rwanda,2013,667833.0,2284.5,292326.0,407.3,Eastern Africa,East Africa,0.0,667833.0,0.0,2.284548757209417
Rwanda,2013,667833.0,2284.5,292326.0,103.09,Eastern Africa,East Africa,0.0,667833.0,0.0,2.284548757209417
Rwanda,2014,357083.0,1531.6,233150.0,246568.9,Eastern Africa,East Africa,-46.53109385130713,564249.6666666666,-36.715425618328524,1.531559082135964
Rwanda,2014,357083.0,1531.6,233150.0,303125.0,Eastern Africa,East Africa,0.0,460666.3333333333,-22.485544490263738,1.531559082135964
Rwanda,2014,357083.0,1531.6,233150.0,254239.0,Eastern Africa,East Africa,0.0,357083.0,0.0,1.531559082135964
Rwanda,2014,357083.0,1531.6,233150.0,222991.0,Eastern Africa,East Africa,0.0,357083.0,0.0,1.531559082135964
Rwanda,2014,357083.0,1531.6,233150.0,213408.0,Eastern Africa,East Africa,0.0,357083.0,0.0,1.531559082135964
Rwanda,2014,357083.0,1531.6,233150.0,224589.0,Eastern Africa,East Africa,0.0,357083.0,0.0,1.531559082135964
Rwanda,2014,357083.0,1531.6,233150.0,239036.0,Eastern Africa,East Africa,0.0,357083.0,0.0,1.531559082135964
Rwanda,2014,357083.0,1531.6,233150.0,242743.0,Eastern Africa,East Africa,0.0,357083.0,0.0,1.531559082135964
Rwanda,2014,357083.0,1531.6,233150.0,243177.0,Eastern Africa,East Africa,0.0,357083.0,0.0,1.531559082135964
Rwanda,2014,357083.0,1531.6,233150.0,255145.0,Eastern Africa,East Africa,0.0,357083.0,0.0,1.531559082135964
Rwanda,2014,357083.0,1531.6,233150.0,254991.0,Eastern Africa,East Africa,0.0,357083.0,0.0,1.531559082135964
Rwanda,2014,357083.0,1531.6,233150.0,257981.0,Eastern Africa,East Africa,0.0,357083.0,0.0,1.531559082135964
Rwanda,2014,357083.0,1531.6,233150.0,247401.0,Eastern Africa,East Africa,0.0,357083.0,0.0,1.531559082135964
Rwanda,2014,357083.0,1531.6,233150.0,246568.9,Eastern Africa,East Africa,0.0,357083.0,0.0,1.531559082135964
Rwanda,2014,357083.0,1531.6,233150.0,361.6,Eastern Africa,East Africa,0.0,357083.0,0.0,1.531559082135964
Rwanda,2014,357083.0,1531.6,233150.0,96.53,Eastern Africa,East Africa,0.0,357083.0,0.0,1.531559082135964
Rwanda,2015,370140.0,1531.3,241713.0,232924.3,Eastern Africa,East Africa,3.656572841608252,361435.3333333333,2.408360739496052,1.5313202020578123
Rwanda,2015,370140.0,1531.3,241713.0,216214.0,Eastern Africa,East Africa,0.0,365787.6666666667,1.189852400709696,1.5313202020578123
Rwanda,2015,370140.0,1531.3,241713.0,191590.0,Eastern Africa,East Africa,0.0,370140.0,0.0,1.5313202020578123
Rwanda,2015,370140.0,1531.3,241713.0,184595.0,Eastern Africa,East Africa,0.0,370140.0,0.0,1.5313202020578123
Rwanda,2015,370140.0,1531.3,241713.0,211445.0,Eastern Africa,East Africa,0.0,370140.0,0.0,1.5313202020578123
Rwanda,2015,370140.0,1531.3,241713.0,216260.0,Eastern Africa,East Africa,0.0,370140.0,0.0,1.5313202020578123
Rwanda,2015,370140.0,1531.3,241713.0,220095.0,Eastern Africa,East Africa,0.0,370140.0,0.0,1.5313202020578123
Rwanda,2015,370140.0,1531.3,241713.0,234143.0,Eastern Africa,East Africa,0.0,370140.0,0.0,1.5313202020578123
Rwanda,2015,370140.0,1531.3,241713.0,242145.0,Eastern Africa,East Africa,0.0,370140.0,0.0,1.5313202020578123
Rwanda,2015,370140.0,1531.3,241713.0,247530.0,Eastern Africa,East Africa,0.0,370140.0,0.0,1.5313202020578123
Rwanda,2015,370140.0,1531.3,241713.0,250923.0,Eastern Africa,East Africa,0.0,370140.0,0.0,1.5313202020578123
Rwanda,2015,370140.0,1531.3,241713.0,278068.0,Eastern Africa,East Africa,0.0,370140.0,0.0,1.5313202020578123
Rwanda,2015,370140.0,1531.3,241713.0,302085.0,Eastern Africa,East Africa,0.0,370140.0,0.0,1.5313202020578123
Rwanda,2015,370140.0,1531.3,241713.0,232924.3,Eastern Africa,East Africa,0.0,370140.0,0.0,1.5313202020578123
Rwanda,2015,370140.0,1531.3,241713.0,323.1,Eastern Africa,East Africa,0.0,370140.0,0.0,1.5313202020578123
Rwanda,2015,370140.0,1531.3,241713.0,91.18,Eastern Africa,East Africa,0.0,370140.0,0.0,1.5313202020578123
Rwanda,2016,374266.77,1574.8,237658.0,286841.2,Eastern Africa,East Africa,1.1149213810990544,371515.59,0.7405288160316483,1.57481241952722
Rwanda,2016,374266.77,1574.8,237658.0,291244.0,Eastern Africa,East Africa,0.0,372891.18,0.36889850813849384,1.57481241952722
Rwanda,2016,374266.77,1574.8,237658.0,263641.0,Eastern Africa,East Africa,0.0,374266.77,0.0,1.57481241952722
Rwanda,2016,374266.77,1574.8,237658.0,237464.0,Eastern Africa,East Africa,0.0,374266.77,0.0,1.57481241952722
Rwanda,2016,374266.77,1574.8,237658.0,235165.0,Eastern Africa,East Africa,0.0,374266.77,0.0,1.57481241952722
Rwanda,2016,374266.77,1574.8,237658.0,235826.0,Eastern Africa,East Africa,0.0,374266.77,0.0,1.57481241952722
Rwanda,2016,374266.77,1574.8,237658.0,257930.0,Eastern Africa,East Africa,0.0,374266.77,0.0,1.57481241952722
Rwanda,2016,374266.77,1574.8,237658.0,257532.0,Eastern Africa,East Africa,0.0,374266.77,0.0,1.57481241952722
Rwanda,2016,374266.77,1574.8,237658.0,264075.0,Eastern Africa,East Africa,0.0,374266.77,0.0,1.57481241952722
Rwanda,2016,374266.77,1574.8,237658.0,287587.0,Eastern Africa,East Africa,0.0,374266.77,0.0,1.57481241952722
Rwanda,2016,374266.77,1574.8,237658.0,350061.0,Eastern Africa,East Africa,0.0,374266.77,0.0,1.57481241952722
Rwanda,2016,374266.77,1574.8,237658.0,366994.0,Eastern Africa,East Africa,0.0,374266.77,0.0,1.57481241952722
Rwanda,2016,374266.77,1574.8,237658.0,394576.0,Eastern Africa,East Africa,0.0,374266.77,0.0,1.57481241952722
Rwanda,2016,374266.77,1574.8,237658.0,286841.2,Eastern Africa,East Africa,0.0,374266.77,0.0,1.57481241952722
Rwanda,2016,374266.77,1574.8,237658.0,364.4,Eastern Africa,East Africa,0.0,374266.77,0.0,1.57481241952722
Rwanda,2016,374266.77,1574.8,237658.0,112.29,Eastern Africa,East Africa,0.0,374266.77,0.0,1.57481241952722
Rwanda,2017,410280.02,1379.3,297447.0,347877.2,Eastern Africa,East Africa,9.622347717378176,386271.1866666667,6.215538244133071,1.3793382350469159
Rwanda,2017,410280.02,1379.3,297447.0,375488.0,Eastern Africa,East Africa,0.0,398275.60333333333,3.0140979176722738,1.3793382350469159
Rwanda,2017,410280.02,1379.3,297447.0,322800.0,Eastern Africa,East Africa,0.0,410280.02,0.0,1.3793382350469159
Rwanda,2017,410280.02,1379.3,297447.0,333997.0,Eastern Africa,East Africa,0.0,410280.02,0.0,1.3793382350469159
Rwanda,2017,410280.02,1379.3,297447.0,351864.0,Eastern Africa,East Africa,0.0,410280.02,0.0,1.3793382350469159
Rwanda,2017,410280.02,1379.3,297447.0,379563.0,Eastern Africa,East Africa,0.0,410280.02,0.0,1.3793382350469159
Rwanda,2017,410280.02,1379.3,297447.0,384970.0,Eastern Africa,East Africa,0.0,410280.02,0.0,1.3793382350469159
Rwanda,2017,410280.02,1379.3,297447.0,348321.0,Eastern Africa,East Africa,0.0,410280.02,0.0,1.3793382350469159
Rwanda,2017,410280.02,1379.3,297447.0,330054.0,Eastern Africa,East Africa,0.0,410280.02,0.0,1.3793382350469159
Rwanda,2017,410280.02,1379.3,297447.0,356105.0,Eastern Africa,East Africa,0.0,410280.02,0.0,1.3793382350469159
Rwanda,2017,410280.02,1379.3,297447.0,366450.0,Eastern Africa,East Africa,0.0,410280.02,0.0,1.3793382350469159
Rwanda,2017,410280.02,1379.3,297447.0,322940.0,Eastern Africa,East Africa,0.0,410280.02,0.0,1.3793382350469159
Rwanda,2017,410280.02,1379.3,297447.0,301976.0,Eastern Africa,East Africa,0.0,410280.02,0.0,1.3793382350469159
Rwanda,2017,410280.02,1379.3,297447.0,347877.2,Eastern Africa,East Africa,0.0,410280.02,0.0,1.3793382350469159
Rwanda,2017,410280.02,1379.3,297447.0,418.3,Eastern Africa,East Africa,0.0,410280.02,0.0,1.3793382350469159
Rwanda,2017,410280.02,1379.3,297447.0,136.18,Eastern Africa,East Africa,0.0,410280.02,0.0,1.3793382350469159
Rwanda,2018,424203.68,1431.5,296330.0,227884.1,Eastern Africa,East Africa,3.39369682199,414921.24,2.237157104803794,1.431524584078561
Rwanda,2018,424203.68,1431.5,296330.0,295144.0,Eastern Africa,East Africa,0.0,419562.45999999996,1.1062047829541353,1.431524584078561
Rwanda,2018,424203.68,1431.5,296330.0,254816.0,Eastern Africa,East Africa,0.0,424203.68,0.0,1.431524584078561
Rwanda,2018,424203.68,1431.5,296330.0,238921.0,Eastern Africa,East Africa,0.0,424203.68,0.0,1.431524584078561
Rwanda,2018,424203.68,1431.5,296330.0,229403.0,Eastern Africa,East Africa,0.0,424203.68,0.0,1.431524584078561
Rwanda,2018,424203.68,1431.5,296330.0,218148.0,Eastern Africa,East Africa,0.0,424203.68,0.0,1.431524584078561
Rwanda,2018,424203.68,1431.5,296330.0,220679.0,Eastern Africa,East Africa,0.0,424203.68,0.0,1.431524584078561
Rwanda,2018,424203.68,1431.5,296330.0,222084.0,Eastern Africa,East Africa,0.0,424203.68,0.0,1.431524584078561
Rwanda,2018,424203.68,1431.5,296330.0,204301.0,Eastern Africa,East Africa,0.0,424203.68,0.0,1.431524584078561
Rwanda,2018,424203.68,1431.5,296330.0,199111.0,Eastern Africa,East Africa,0.0,424203.68,0.0,1.431524584078561
Rwanda,2018,424203.68,1431.5,296330.0,199110.0,Eastern Africa,East Africa,0.0,424203.68,0.0,1.431524584078561
Rwanda,2018,424203.68,1431.5,296330.0,218681.0,Eastern Africa,East Africa,0.0,424203.68,0.0,1.431524584078561
Rwanda,2018,424203.68,1431.5,296330.0,234211.0,Eastern Africa,East Africa,0.0,424203.68,0.0,1.431524584078561
Rwanda,2018,424203.68,1431.5,296330.0,227884.1,Eastern Africa,East Africa,0.0,424203.68,0.0,1.431524584078561
Rwanda,2018,424203.68,1431.5,296330.0,264.6,Eastern Africa,East Africa,0.0,424203.68,0.0,1.431524584078561
Rwanda,2018,424203.68,1431.5,296330.0,89.21,Eastern Africa,East Africa,0.0,424203.68,0.0,1.431524584078561
Rwanda,2019,421218.19,1461.0,288298.0,330828.2,Eastern Africa,East Africa,-0.703786916700011,423208.51666666666,-0.47029456834733524,1.461051377394224
Rwanda,2019,421218.19,1461.0,288298.0,255971.0,Eastern Africa,East Africa,0.0,422213.35333333333,-0.2357015299200304,1.461051377394224
Rwanda,2019,421218.19,1461.0,288298.0,251417.0,Eastern Africa,East Africa,0.0,421218.19,0.0,1.461051377394224
Rwanda,2019,421218.19,1461.0,288298.0,253634.0,Eastern Africa,East Africa,0.0,421218.19,0.0,1.461051377394224
Rwanda,2019,421218.19,1461.0,288298.0,245138.0,Eastern Africa,East Africa,0.0,421218.19,0.0,1.461051377394224
Rwanda,2019,421218.19,1461.0,288298.0,260239.0,Eastern Africa,East Africa,0.0,421218.19,0.0,1.461051377394224
Rwanda,2019,421218.19,1461.0,288298.0,288387.0,Eastern Africa,East Africa,0.0,421218.19,0.0,1.461051377394224
Rwanda,2019,421218.19,1461.0,288298.0,322638.0,Eastern Africa,East Africa,0.0,421218.19,0.0,1.461051377394224
Rwanda,2019,421218.19,1461.0,288298.0,329309.0,Eastern Africa,East Africa,0.0,421218.19,0.0,1.461051377394224
Rwanda,2019,421218.19,1461.0,288298.0,348052.0,Eastern Africa,East Africa,0.0,421218.19,0.0,1.461051377394224
Rwanda,2019,421218.19,1461.0,288298.0,402887.0,Eastern Africa,East Africa,0.0,421218.19,0.0,1.461051377394224
Rwanda,2019,421218.19,1461.0,288298.0,484403.0,Eastern Africa,East Africa,0.0,421218.19,0.0,1.461051377394224
Rwanda,2019,421218.19,1461.0,288298.0,527864.0,Eastern Africa,East Africa,0.0,421218.19,0.0,1.461051377394224
Rwanda,2019,421218.19,1461.0,288298.0,330828.2,Eastern Africa,East Africa,0.0,421218.19,0.0,1.461051377394224
Rwanda,2019,421218.19,1461.0,288298.0,367.9,Eastern Africa,East Africa,0.0,421218.19,0.0,1.461051377394224
Rwanda,2019,421218.19,1461.0,288298.0,129.51,Eastern Africa,East Africa,0.0,421218.19,0.0,1.461051377394224
Rwanda,2020,448632.58,1523.7,294439.0,337463.4,Eastern Africa,East Africa,6.508358530290437,430356.32,4.246773929101357,1.523685992684393
Rwanda,2020,448632.58,1523.7,294439.0,504296.5,Eastern Africa,East Africa,0.0,439494.45,2.079236723012089,1.523685992684393
Rwanda,2020,448632.58,1523.7,294439.0,348604.6,Eastern Africa,East Africa,0.0,448632.58,0.0,1.523685992684393
Rwanda,2020,448632.58,1523.7,294439.0,285755.5,Eastern Africa,East Africa,0.0,448632.58,0.0,1.523685992684393
Rwanda,2020,448632.58,1523.7,294439.0,307292.1,Eastern Africa,East Africa,0.0,448632.58,0.0,1.523685992684393
Rwanda,2020,448632.58,1523.7,294439.0,283826.9,Eastern Africa,East Africa,0.0,448632.58,0.0,1.523685992684393
Rwanda,2020,448632.58,1523.7,294439.0,283057.7,Eastern Africa,East Africa,0.0,448632.58,0.0,1.523685992684393
Rwanda,2020,448632.58,1523.7,294439.0,282602.8,Eastern Africa,East Africa,0.0,448632.58,0.0,1.523685992684393
Rwanda,2020,448632.58,1523.7,294439.0,290878.4,Eastern Africa,East Africa,0.0,448632.58,0.0,1.523685992684393
Rwanda,2020,448632.58,1523.7,294439.0,318324.4,Eastern Africa,East Africa,0.0,448632.58,0.0,1.523685992684393
Rwanda,2020,448632.58,1523.7,294439.0,368658.2,Eastern Africa,East Africa,0.0,448632.58,0.0,1.523685992684393
Rwanda,2020,448632.58,1523.7,294439.0,382301.4,Eastern Africa,East Africa,0.0,448632.58,0.0,1.523685992684393
Rwanda,2020,448632.58,1523.7,294439.0,393962.9,Eastern Africa,East Africa,0.0,448632.58,0.0,1.523685992684393
Rwanda,2020,448632.58,1523.7,294439.0,337463.4,Eastern Africa,East Africa,0.0,448632.58,0.0,1.523685992684393
Rwanda,2020,448632.58,1523.7,294439.0,357.8,Eastern Africa,East Africa,0.0,448632.58,0.0,1.523685992684393
Rwanda,2020,448632.58,1523.7,294439.0,132.11,Eastern Africa,East Africa,0.0,448632.58,0.0,1.523685992684393
Rwanda,2021,482682.0,1521.6,317212.0,306298.1,Eastern Africa,East Africa,7.589600380783756,459982.3866666667,4.934887506852062,1.521638525654767
Rwanda,2021,482682.0,1521.6,317212.0,404082.6,Eastern Africa,East Africa,0.0,471332.19333333336,2.408027040631168,1.521638525654767
Rwanda,2021,482682.0,1521.6,317212.0,306298.1,Eastern Africa,East Africa,0.0,482682.0,0.0,1.521638525654767
Rwanda,2021,482682.0,1521.6,317212.0,309.8,Eastern Africa,East Africa,0.0,482682.0,0.0,1.521638525654767
Rwanda,2021,482682.0,1521.6,317212.0,119.91,Eastern Africa,East Africa,0.0,482682.0,0.0,1.521638525654767
Rwanda,2022,458522.08,1528.6,299972.0,495269.3,Eastern Africa,East Africa,-5.005349277578198,474628.69333333336,-3.393518672505038,1.5285495979624766
Rwanda,2022,458522.08,1528.6,299972.0,872871.7,Eastern Africa,East Africa,0.0,466575.3866666667,-1.7260461860625722,1.5285495979624766
Rwanda,2022,458522.08,1528.6,299972.0,675877.2,Eastern Africa,East Africa,0.0,458522.08,0.0,1.5285495979624766
Rwanda,2022,458522.08,1528.6,299972.0,626642.1,Eastern Africa,East Africa,0.0,458522.08,0.0,1.5285495979624766
Rwanda,2022,458522.08,1528.6,299972.0,718593.9,Eastern Africa,East Africa,0.0,458522.08,0.0,1.5285495979624766
Rwanda,2022,458522.08,1528.6,299972.0,786199.8,Eastern Africa,East Africa,0.0,458522.08,0.0,1.5285495979624766
Rwanda,2022,458522.08,1528.6,299972.0,899065.1,Eastern Africa,East Africa,0.0,458522.08,0.0,1.5285495979624766
Rwanda,2022,458522.08,1528.6,299972.0,977794.4,Eastern Africa,East Africa,0.0,458522.08,0.0,1.5285495979624766
Rwanda,2022,458522.08,1528.6,299972.0,1012340.0,Eastern Africa,East Africa,0.0,458522.08,0.0,1.5285495979624766
Rwanda,2022,458522.08,1528.6,299972.0,1149129.2,Eastern Africa,East Africa,0.0,458522.08,0.0,1.5285495979624766
Rwanda,2022,458522.08,1528.6,299972.0,1339761.6,Eastern Africa,East Africa,0.0,458522.08,0.0,1.5285495979624766
Rwanda,2022,458522.08,1528.6,299972.0,1407151.6,Eastern Africa,East Africa,0.0,458522.08,0.0,1.5285495979624766
Rwanda,2022,458522.08,1528.6,299972.0,1421036.0,Eastern Africa,East Africa,0.0,458522.08,0.0,1.5285495979624766
Rwanda,2022,458522.08,1528.6,299972.0,495269.3,Eastern Africa,East Africa,0.0,458522.08,0.0,1.5285495979624766
Rwanda,2022,458522.08,1528.6,299972.0,480.7,Eastern Africa,East Africa,0.0,458522.08,0.0,1.5285495979624766
Rwanda,2022,458522.08,1528.6,299972.0,193.89,Eastern Africa,East Africa,0.0,458522.08,0.0,1.5285495979624766
Rwanda,2023,508491.97,1595.1,318792.0,602666.8,Eastern Africa,East Africa,10.898033525452021,475178.70999999996,7.010680255434846,1.5950587530427363
Rwanda,2023,508491.97,1595.1,318792.0,645718.9,Eastern Africa,East Africa,0.0,491835.34,3.3866273212494136,1.5950587530427363
Rwanda,2023,508491.97,1595.1,318792.0,551529.6,Eastern Africa,East Africa,0.0,508491.97,0.0,1.5950587530427363
Rwanda,2023,508491.97,1595.1,318792.0,595643.1,Eastern Africa,East Africa,0.0,508491.97,0.0,1.5950587530427363
Rwanda,2023,508491.97,1595.1,318792.0,599093.6,Eastern Africa,East Africa,0.0,508491.97,0.0,1.5950587530427363
Rwanda,2023,508491.97,1595.1,318792.0,563968.1,Eastern Africa,East Africa,0.0,508491.97,0.0,1.5950587530427363
Rwanda,2023,508491.97,1595.1,318792.0,609457.9,Eastern Africa,East Africa,0.0,508491.97,0.0,1.5950587530427363
Rwanda,2023,508491.97,1595.1,318792.0,615053.6,Eastern Africa,East Africa,0.0,508491.97,0.0,1.5950587530427363
Rwanda,2023,508491.97,1595.1,318792.0,613351.4,Eastern Africa,East Africa,0.0,508491.97,0.0,1.5950587530427363
Rwanda,2023,508491.97,1595.1,318792.0,622742.9,Eastern Africa,East Africa,0.0,508491.97,0.0,1.5950587530427363
Rwanda,2023,508491.97,1595.1,318792.0,646181.3,Eastern Africa,East Africa,0.0,508491.97,0.0,1.5950587530427363
Rwanda,2023,508491.97,1595.1,318792.0,601430.2,Eastern Africa,East Africa,0.0,508491.97,0.0,1.5950587530427363
Rwanda,2023,508491.97,1595.1,318792.0,567830.8,Eastern Africa,East Africa,0.0,508491.97,0.0,1.5950587530427363
Rwanda,2023,508491.97,1595.1,318792.0,602666.8,Eastern Africa,East Africa,0.0,508491.97,0.0,1.5950587530427363
Rwanda,2023,508491.97,1595.1,318792.0,519.5,Eastern Africa,East Africa,0.0,508491.97,0.0,1.5950587530427363
Rwanda,2023,508491.97,1595.1,318792.0,235.93,Eastern Africa,East Africa,0.0,508491.97,0.0,1.5950587530427363
Rwanda,2024,627086.15,1833.5,342024.0,456038.0,Eastern Africa,East Africa,23.322724250689753,548023.3633333333,14.426900741196516,1.8334565702991603
Rwanda,2024,627086.15,1833.5,342024.0,572990.6,Eastern Africa,East Africa,0.0,587554.7566666667,6.728120721480327,1.8334565702991603
Rwanda,2024,627086.15,1833.5,342024.0,434822.7,Eastern Africa,East Africa,0.0,627086.15,0.0,1.8334565702991603
Rwanda,2024,627086.15,1833.5,342024.0,385363.0,Eastern Africa,East Africa,0.0,627086.15,0.0,1.8334565702991603
Rwanda,2024,627086.15,1833.5,342024.0,393787.1,Eastern Africa,East Africa,0.0,627086.15,0.0,1.8334565702991603
Rwanda,2024,627086.15,1833.5,342024.0,354030.5,Eastern Africa,East Africa,0.0,627086.15,0.0,1.8334565702991603
Rwanda,2024,627086.15,1833.5,342024.0,356754.7,Eastern Africa,East Africa,0.0,627086.15,0.0,1.8334565702991603
Rwanda,2024,627086.15,1833.5,342024.0,372595.1,Eastern Africa,East Africa,0.0,627086.15,0.0,1.8334565702991603
Rwanda,2024,627086.15,1833.5,342024.0,409126.5,Eastern Africa,East Africa,0.0,627086.15,0.0,1.8334565702991603
Rwanda,2024,627086.15,1833.5,342024.0,463118.0,Eastern Africa,East Africa,0.0,627086.15,0.0,1.8334565702991603
Rwanda,2024,627086.15,1833.5,342024.0,516679.3,Eastern Africa,East Africa,0.0,627086.15,0.0,1.8334565702991603
Rwanda,2024,627086.15,1833.5,342024.0,601707.3,Eastern Africa,East Africa,0.0,627086.15,0.0,1.8334565702991603
Rwanda,2024,627086.15,1833.5,342024.0,611481.5,Eastern Africa,East Africa,0.0,627086.15,0.0,1.8334565702991603
Rwanda,2024,627086.15,1833.5,342024.0,456038.0,Eastern Africa,East Africa,0.0,627086.15,0.0,1.8334565702991603
Rwanda,2024,627086.15,1833.5,342024.0,346.0,Eastern Africa,East Africa,0.0,627086.15,0.0,1.8334565702991603
Rwanda,2024,627086.15,1833.5,342024.0,178.53,Eastern Africa,East Africa,0.0,627086.15,0.0,1.8334565702991603
Senegal,2000,78593.0,1111.4,70715.0,93000.0,Western Africa,West Africa,,78593.0,0.0,1.111404935303684
Senegal,2000,78593.0,1111.4,70715.0,93000.0,Western Africa,West Africa,0.0,78593.0,0.0,1.111404935303684
Senegal,2000,78593.0,1111.4,70715.0,130.6,Western Africa,West Africa,0.0,78593.0,0.0,1.111404935303684
Senegal,2000,78593.0,1111.4,70715.0,55.7,Western Africa,West Africa,0.0,78593.0,0.0,1.111404935303684
Senegal,2001,108546.0,1227.9,88399.0,115000.0,Western Africa,West Africa,38.111536650846766,88577.33333333333,22.543765899477673,1.2279098179843664
Senegal,2001,108546.0,1227.9,88399.0,115000.0,Western Africa,West Africa,0.0,98561.66666666667,10.130037032652988,1.2279098179843664
Senegal,2001,108546.0,1227.9,88399.0,156.9,Western Africa,West Africa,0.0,108546.0,0.0,1.2279098179843664
Senegal,2001,108546.0,1227.9,88399.0,68.88,Western Africa,West Africa,0.0,108546.0,0.0,1.2279098179843664
Senegal,2002,80372.0,743.4,108114.0,143000.0,Western Africa,West Africa,-25.955815967423945,99154.66666666667,-18.942796439232986,0.7434004846735853
Senegal,2002,80372.0,743.4,108114.0,143000.0,Western Africa,West Africa,0.0,89763.33333333333,-10.462326859519472,0.7434004846735853
Senegal,2002,80372.0,743.4,108114.0,205.2,Western Africa,West Africa,0.0,80372.0,0.0,0.7434004846735853
Senegal,2002,80372.0,743.4,108114.0,85.65,Western Africa,West Africa,0.0,80372.0,0.0,0.7434004846735853
Senegal,2003,400907.0,2283.4,175575.0,139000.0,Western Africa,West Africa,398.81426367391623,187217.0,114.14027572282433,2.2833945607290334
Senegal,2003,400907.0,2283.4,175575.0,139000.0,Western Africa,West Africa,0.0,294062.0,36.334174425801365,2.2833945607290334
Senegal,2003,400907.0,2283.4,175575.0,239.2,Western Africa,West Africa,0.0,400907.0,0.0,2.2833945607290334
Senegal,2003,400907.0,2283.4,175575.0,83.25,Western Africa,West Africa,0.0,400907.0,0.0,2.2833945607290334
Senegal,2004,400555.0,2719.4,147298.0,92000.0,Western Africa,West Africa,-0.08780091143332225,400789.6666666667,-0.058551077081998804,2.719351247131665
Senegal,2004,400555.0,2719.4,147298.0,92000.0,Western Africa,West Africa,0.0,400672.3333333333,-0.029284111622376537,2.719351247131665
Senegal,2004,400555.0,2719.4,147298.0,174.1,Western Africa,West Africa,0.0,400555.0,0.0,2.719351247131665
Senegal,2004,400555.0,2719.4,147298.0,55.1,Western Africa,West Africa,0.0,400555.0,0.0,2.719351247131665
Senegal,2005,399958.0,2796.1,143039.0,98000.0,Western Africa,West Africa,-0.14904320255645365,400356.0,-0.09941152374386797,2.7961465054985
Senegal,2005,399958.0,2796.1,143039.0,98000.0,Western Africa,West Africa,0.0,400157.0,-0.04973048078629138,2.7961465054985
Senegal,2005,399958.0,2796.1,143039.0,185.8,Western Africa,West Africa,0.0,399958.0,0.0,2.7961465054985
Senegal,2005,399958.0,2796.1,143039.0,58.7,Western Africa,West Africa,0.0,399958.0,0.0,2.7961465054985
Senegal,2006,181585.0,1391.9,130461.0,127000.0,Western Africa,West Africa,-54.59898289320378,327167.0,-44.49776413880373,1.3918719004146833
Senegal,2006,181585.0,1391.9,130461.0,127000.0,Western Africa,West Africa,0.0,254376.0,-28.615514042205238,1.3918719004146833
Senegal,2006,181585.0,1391.9,130461.0,242.9,Western Africa,West Africa,0.0,181585.0,0.0,1.3918719004146833
Senegal,2006,181585.0,1391.9,130461.0,76.07,Western Africa,West Africa,0.0,181585.0,0.0,1.3918719004146833
Senegal,2007,158266.0,1100.8,143769.0,143000.0,Western Africa,West Africa,-12.84191976209489,173812.0,-8.944146549145053,1.1008353678470324
Senegal,2007,158266.0,1100.8,143769.0,143000.0,Western Africa,West Africa,0.0,166039.0,-4.681430266383199,1.1008353678470324
Senegal,2007,158266.0,1100.8,143769.0,298.4,Western Africa,West Africa,0.0,158266.0,0.0,1.1008353678470324
Senegal,2007,158266.0,1100.8,143769.0,85.65,Western Africa,West Africa,0.0,158266.0,0.0,1.1008353678470324
Senegal,2008,397326.0,1835.1,216517.0,169000.0,Western Africa,West Africa,151.04949894481445,237952.66666666666,66.9769057711758,1.8350799244401133
Senegal,2008,397326.0,1835.1,216517.0,169000.0,Western Africa,West Africa,0.0,317639.3333333333,25.087153354223563,1.8350799244401133
Senegal,2008,397326.0,1835.1,216517.0,377.4,Western Africa,West Africa,0.0,397326.0,0.0,1.8350799244401133
Senegal,2008,397326.0,1835.1,216517.0,101.22,Western Africa,West Africa,0.0,397326.0,0.0,1.8350799244401133
Senegal,2009,291301.0,1630.0,178710.0,153000.0,Western Africa,West Africa,-26.68463679698786,361984.3333333333,-19.526627763816663,1.6300207039337473
Senegal,2009,291301.0,1630.0,178710.0,153000.0,Western Africa,West Africa,0.0,326642.6666666667,-10.819672465732182,1.6300207039337473
Senegal,2009,291301.0,1630.0,178710.0,324.0,Western Africa,West Africa,0.0,291301.0,0.0,1.6300207039337473
Senegal,2009,291301.0,1630.0,178710.0,91.64,Western Africa,West Africa,0.0,291301.0,0.0,1.6300207039337473
Senegal,2010,186511.03,1538.4,121235.0,144000.0,Western Africa,West Africa,-35.973089690732266,256371.01,-27.24956304536929,1.5384256196642883
Senegal,2010,186511.03,1538.4,121235.0,144000.0,Western Africa,West Africa,0.0,221441.02000000002,-15.773947392402734,1.5384256196642883
Senegal,2010,186511.03,1538.4,121235.0,290.7,Western Africa,West Africa,0.0,186511.03,0.0,1.5384256196642883
Senegal,2010,186511.03,1538.4,121235.0,86.25,Western Africa,West Africa,0.0,186511.03,0.0,1.5384256196642883
Senegal,2011,124092.0,1133.1,109517.0,155000.0,Western Africa,West Africa,-33.46666950474725,165704.68666666668,-25.11255867516602,1.1330843613320307
Senegal,2011,124092.0,1133.1,109517.0,155000.0,Western Africa,West Africa,0.0,144898.34333333335,-14.359269301974779,1.1330843613320307
Senegal,2011,124092.0,1133.1,109517.0,328.5,Western Africa,West Africa,0.0,124092.0,0.0,1.1330843613320307
Senegal,2011,124092.0,1133.1,109517.0,92.84,Western Africa,West Africa,0.0,124092.0,0.0,1.1330843613320307
Senegal,2012,228422.65,1546.5,147699.0,181000.0,Western Africa,West Africa,84.07524256197014,158868.88333333333,43.780610278937566,1.5465416150414018
Senegal,2012,228422.65,1546.5,147699.0,181000.0,Western Africa,West Africa,0.0,193645.7666666667,17.959020706709637,1.5465416150414018
Senegal,2012,228422.65,1546.5,147699.0,354.5,Western Africa,West Africa,0.0,228422.65,0.0,1.5465416150414018
Senegal,2012,228422.65,1546.5,147699.0,108.41,Western Africa,West Africa,0.0,228422.65,0.0,1.5465416150414018
Senegal,2013,225902.0,1442.8,156576.0,164000.0,Western Africa,West Africa,-1.1035026517729252,227582.43333333335,-0.7383844652333369,1.442762620069487
Senegal,2013,225902.0,1442.8,156576.0,164000.0,Western Africa,West Africa,0.0,226742.21666666665,-0.3705603125075938,1.442762620069487
Senegal,2013,225902.0,1442.8,156576.0,332.0,Western Africa,West Africa,0.0,225902.0,0.0,1.442762620069487
Senegal,2013,225902.0,1442.8,156576.0,98.23,Western Africa,West Africa,0.0,225902.0,0.0,1.442762620069487
Senegal,2014,178732.0,1221.2,146361.0,166000.0,Western Africa,West Africa,-20.880735894325863,210178.66666666666,-14.961873707448897,1.2211723068303715
Senegal,2014,178732.0,1221.2,146361.0,166000.0,Western Africa,West Africa,0.0,194455.33333333334,-8.08583290764289,1.2211723068303715
Senegal,2014,178732.0,1221.2,146361.0,335.8,Western Africa,West Africa,0.0,178732.0,0.0,1.2211723068303715
Senegal,2014,178732.0,1221.2,146361.0,99.42,Western Africa,West Africa,0.0,178732.0,0.0,1.2211723068303715
Senegal,2015,304296.0,1525.3,199502.0,100.68,Western Africa,West Africa,70.25266880021486,220586.66666666666,37.948500967117994,1.5252779420757687
Senegal,2016,400462.0,1824.8,219453.0,99.9,Western Africa,West Africa,31.60278150222151,294496.6666666667,35.98184472942534,1.824818981740965
Senegal,2017,410364.0,1771.4,231659.0,162521.6,Western Africa,West Africa,2.4726440960690432,371707.3333333333,10.399758950141784,1.7714140180178624
Senegal,2017,410364.0,1771.4,231659.0,162521.6,Western Africa,West Africa,0.0,407063.3333333333,0.8108484347235122,1.7714140180178624
Senegal,2017,410364.0,1771.4,231659.0,279.9,Western Africa,West Africa,0.0,410364.0,0.0,1.7714140180178624
Senegal,2017,410364.0,1771.4,231659.0,97.34,Western Africa,West Africa,0.0,410364.0,0.0,1.7714140180178624
Senegal,2018,485672.51,1935.8,250891.0,160487.4,Western Africa,West Africa,18.351636595802745,435466.83666666667,11.5291611452295,1.9357908812990503
Senegal,2018,485672.51,1935.8,250891.0,160487.4,Western Africa,West Africa,0.0,460569.67333333334,5.450388534048942,1.9357908812990503
Senegal,2018,485672.51,1935.8,250891.0,288.9,Western Africa,West Africa,0.0,485672.51,0.0,1.9357908812990503
Senegal,2018,485672.51,1935.8,250891.0,96.12,Western Africa,West Africa,0.0,485672.51,0.0,1.9357908812990503
Senegal,2019,530704.97,2053.9,258391.0,167096.4,Western Africa,West Africa,9.272186313365772,500683.33,5.996133324430825,2.053883339590001
Senegal,2019,530704.97,2053.9,258391.0,167096.4,Western Africa,West Africa,0.0,515694.14999999997,2.9107989687298197,2.053883339590001
Senegal,2019,530704.97,2053.9,258391.0,285.2,Western Africa,West Africa,0.0,530704.97,0.0,2.053883339590001
Senegal,2019,530704.97,2053.9,258391.0,100.08,Western Africa,West Africa,0.0,530704.97,0.0,2.053883339590001
Senegal,2020,761883.04,2654.9,286977.0,174185.5,Western Africa,West Africa,43.56056247221505,607764.3266666667,25.358301988306902,2.654857497290724
Senegal,2020,761883.04,2654.9,286977.0,174185.5,Western Africa,West Africa,0.0,684823.6833333333,11.25243745829371,2.654857497290724
Senegal,2020,761883.04,2654.9,286977.0,302.6,Western Africa,West Africa,0.0,761883.04,0.0,2.654857497290724
Senegal,2020,761883.04,2654.9,286977.0,104.33,Western Africa,West Africa,0.0,761883.04,0.0,2.654857497290724
Senegal,2021,754620.83,2648.2,284955.0,188918.7,Western Africa,West Africa,-0.9531922380107138,759462.3033333333,-0.6374869841575836,2.6482105244687757
Senegal,2021,754620.83,2648.2,284955.0,188918.7,Western Africa,West Africa,0.0,757041.5666666668,-0.3197627149227177,2.6482105244687757
Senegal,2021,754620.83,2648.2,284955.0,340.7,Western Africa,West Africa,0.0,754620.83,0.0,2.6482105244687757
Senegal,2021,754620.83,2648.2,284955.0,113.15,Western Africa,West Africa,0.0,754620.83,0.0,2.6482105244687757
Senegal,2022,787750.0,2841.4,277243.0,255602.5,Western Africa,West Africa,4.39017433430775,765663.8866666667,2.8845703340516198,2.841370205920438
Senegal,2022,787750.0,2841.4,277243.0,233250.0,Western Africa,West Africa,0.0,776706.9433333334,1.421779058556372,2.841370205920438
Senegal,2022,787750.0,2841.4,277243.0,224429.0,Western Africa,West Africa,0.0,787750.0,0.0,2.841370205920438
Senegal,2022,787750.0,2841.4,277243.0,218000.0,Western Africa,West Africa,0.0,787750.0,0.0,2.841370205920438
Senegal,2022,787750.0,2841.4,277243.0,258000.0,Western Africa,West Africa,0.0,787750.0,0.0,2.841370205920438
Senegal,2022,787750.0,2841.4,277243.0,304857.0,Western Africa,West Africa,0.0,787750.0,0.0,2.841370205920438
Senegal,2022,787750.0,2841.4,277243.0,335222.0,Western Africa,West Africa,0.0,787750.0,0.0,2.841370205920438
Senegal,2022,787750.0,2841.4,277243.0,328375.0,Western Africa,West Africa,0.0,787750.0,0.0,2.841370205920438
Senegal,2022,787750.0,2841.4,277243.0,353111.0,Western Africa,West Africa,0.0,787750.0,0.0,2.841370205920438
Senegal,2022,787750.0,2841.4,277243.0,367111.0,Western Africa,West Africa,0.0,787750.0,0.0,2.841370205920438
Senegal,2022,787750.0,2841.4,277243.0,335714.0,Western Africa,West Africa,0.0,787750.0,0.0,2.841370205920438
Senegal,2022,787750.0,2841.4,277243.0,301667.0,Western Africa,West Africa,0.0,787750.0,0.0,2.841370205920438
Senegal,2022,787750.0,2841.4,277243.0,294600.0,Western Africa,West Africa,0.0,787750.0,0.0,2.841370205920438
Senegal,2022,787750.0,2841.4,277243.0,255602.5,Western Africa,West Africa,0.0,787750.0,0.0,2.841370205920438
Senegal,2022,787750.0,2841.4,277243.0,409.8,Western Africa,West Africa,0.0,787750.0,0.0,2.841370205920438
Senegal,2022,787750.0,2841.4,277243.0,153.09,Western Africa,West Africa,0.0,787750.0,0.0,2.841370205920438
Senegal,2023,855033.0,3074.0,278149.0,254508.5,Western Africa,West Africa,8.541161536020315,810177.6666666666,5.536481092830261,3.0740106921110626
Senegal,2023,855033.0,3074.0,278149.0,318600.0,Western Africa,West Africa,0.0,832605.3333333334,2.693673192901314,3.0740106921110626
Senegal,2023,855033.0,3074.0,278149.0,254508.5,Western Africa,West Africa,0.0,855033.0,0.0,3.0740106921110626
Senegal,2023,855033.0,3074.0,278149.0,419.6,Western Africa,West Africa,0.0,855033.0,0.0,3.0740106921110626
Senegal,2023,855033.0,3074.0,278149.0,152.44,Western Africa,West Africa,0.0,855033.0,0.0,3.0740106921110626
Senegal,2024,774000.0,2814.5,275000.0,250000.0,Western Africa,West Africa,-9.477178073828728,828022.0,-6.524222786351087,2.8145454545454545
Senegal,2024,774000.0,2814.5,275000.0,272000.0,Western Africa,West Africa,0.0,801011.0,-3.3721134915750217,2.8145454545454545
Senegal,2024,774000.0,2814.5,275000.0,266000.0,Western Africa,West Africa,0.0,774000.0,0.0,2.8145454545454545
Senegal,2024,774000.0,2814.5,275000.0,263000.0,Western Africa,West Africa,0.0,774000.0,0.0,2.8145454545454545
Senegal,2024,774000.0,2814.5,275000.0,264000.0,Western Africa,West Africa,0.0,774000.0,0.0,2.8145454545454545
Senegal,2024,774000.0,2814.5,275000.0,248000.0,Western Africa,West Africa,0.0,774000.0,0.0,2.8145454545454545
Senegal,2024,774000.0,2814.5,275000.0,237000.0,Western Africa,West Africa,0.0,774000.0,0.0,2.8145454545454545
Senegal,2024,774000.0,2814.5,275000.0,259000.0,Western Africa,West Africa,0.0,774000.0,0.0,2.8145454545454545
Senegal,2024,774000.0,2814.5,275000.0,263000.0,Western Africa,West Africa,0.0,774000.0,0.0,2.8145454545454545
Senegal,2024,774000.0,2814.5,275000.0,259000.0,Western Africa,West Africa,0.0,774000.0,0.0,2.8145454545454545
Senegal,2024,774000.0,2814.5,275000.0,238000.0,Western Africa,West Africa,0.0,774000.0,0.0,2.8145454545454545
Senegal,2024,774000.0,2814.5,275000.0,225000.0,Western Africa,West Africa,0.0,774000.0,0.0,2.8145454545454545
Senegal,2024,774000.0,2814.5,275000.0,206000.0,Western Africa,West Africa,0.0,774000.0,0.0,2.8145454545454545
Senegal,2024,774000.0,2814.5,275000.0,250000.0,Western Africa,West Africa,0.0,774000.0,0.0,2.8145454545454545
Senegal,2024,774000.0,2814.5,275000.0,412.3,Western Africa,West Africa,0.0,774000.0,0.0,2.8145454545454545
Senegal,2024,774000.0,2814.5,275000.0,149.73,Western Africa,West Africa,0.0,774000.0,0.0,2.8145454545454545
Sierra Leone,2000,8902.0,928.5,9588.0,,Western Africa,West Africa,,8902.0,0.0,0.9284522319566124
Sierra Leone,2001,10000.0,1030.9,9700.0,,Western Africa,West Africa,12.334306897326442,9451.0,5.8089091101470745,1.0309278350515463
Sierra Leone,2002,12038.0,787.0,15297.0,,Western Africa,West Africa,20.38,10313.333333333334,16.722689075630246,0.7869516898738315
Sierra Leone,2003,16060.0,1003.8,16000.0,,Western Africa,West Africa,33.410865592291074,12699.333333333334,26.46333140847288,1.00375
Sierra Leone,2004,32125.0,973.5,33000.0,,Western Africa,West Africa,100.03113325031134,20074.333333333332,60.03022101190576,0.9734848484848485
Sierra Leone,2005,39051.0,976.3,40000.0,,Western Africa,West Africa,21.55953307392997,29078.666666666668,34.2943280297125,0.976275
Sierra Leone,2006,48813.0,813.5,60000.0,,Western Africa,West Africa,24.99807943458554,39996.333333333336,22.043687338005977,0.81355
Sierra Leone,2007,22848.0,840.0,27200.0,,Western Africa,West Africa,-53.192797000798976,36904.0,-38.08801213960547,0.84
Sierra Leone,2008,23533.0,840.0,28016.0,,Western Africa,West Africa,2.9980742296918717,31731.333333333332,-25.836712397840195,0.8399842946887492
Sierra Leone,2009,29641.0,920.0,32218.0,,Western Africa,West Africa,25.955041856116946,25340.666666666668,16.97008760621925,0.9200136569619467
Sierra Leone,2010,51388.0,1450.0,35440.0,,Western Africa,West Africa,73.36797004149658,34854.0,47.437883743616226,1.45
Sierra Leone,2011,52416.0,1520.0,34484.0,4052777.8,Western Africa,West Africa,2.00046703510548,44481.666666666664,17.837311251826602,1.5200092796659321
Sierra Leone,2011,52416.0,1520.0,34484.0,4052.8,Western Africa,West Africa,0.0,52073.333333333336,0.6580463448982158,1.5200092796659321
Sierra Leone,2011,52416.0,1520.0,34484.0,931.9,Western Africa,West Africa,0.0,52416.0,0.0,1.5200092796659321
Sierra Leone,2011,52416.0,1520.0,34484.0,72.37,Western Africa,West Africa,0.0,52416.0,0.0,1.5200092796659321
Sierra Leone,2012,39237.0,2200.0,17835.0,4526874.3,Western Africa,West Africa,-25.143086080586087,48023.0,-18.29540012077546,2.2
Sierra Leone,2012,39237.0,2200.0,17835.0,4526.9,Western Africa,West Africa,0.0,43630.0,-10.06876002750401,2.2
Sierra Leone,2012,39237.0,2200.0,17835.0,1042.1,Western Africa,West Africa,0.0,39237.0,0.0,2.2
Sierra Leone,2012,39237.0,2200.0,17835.0,80.83,Western Africa,West Africa,0.0,39237.0,0.0,2.2
Sierra Leone,2013,40022.0,2099.9,19059.0,5725000.0,Western Africa,West Africa,2.000662639855233,39498.666666666664,1.3249392384553127,2.099900309565035
Sierra Leone,2013,40022.0,2099.9,19059.0,5725.0,Western Africa,West Africa,0.0,39760.333333333336,0.6581098414667824,2.099900309565035
Sierra Leone,2013,40022.0,2099.9,19059.0,1321.4,Western Africa,West Africa,0.0,40022.0,0.0,2.099900309565035
Sierra Leone,2013,40022.0,2099.9,19059.0,102.23,Western Africa,West Africa,0.0,40022.0,0.0,2.099900309565035
Sierra Leone,2014,20812.0,603.4,34492.0,5469333.3,Western Africa,West Africa,-47.99860076957674,33618.666666666664,-38.093916078369155,0.6033862924736171
Sierra Leone,2014,20812.0,603.4,34492.0,5469.3,Western Africa,West Africa,0.0,27215.333333333332,-23.52840310609215,0.6033862924736171
Sierra Leone,2014,20812.0,603.4,34492.0,1208.9,Western Africa,West Africa,0.0,20812.0,0.0,0.6033862924736171
Sierra Leone,2014,20812.0,603.4,34492.0,97.66,Western Africa,West Africa,0.0,20812.0,0.0,0.6033862924736171
Sierra Leone,2015,22619.0,614.1,36835.0,5634166.7,Western Africa,West Africa,8.682490870651538,21414.333333333332,5.62551562037888,0.6140627120944754
Sierra Leone,2015,22619.0,614.1,36835.0,5500000.0,Western Africa,West Africa,0.0,22016.666666666668,2.7358062074186167,0.6140627120944754
Sierra Leone,2015,22619.0,614.1,36835.0,5000000.0,Western Africa,West Africa,0.0,22619.0,0.0,0.6140627120944754
Sierra Leone,2015,22619.0,614.1,36835.0,5520000.0,Western Africa,West Africa,0.0,22619.0,0.0,0.6140627120944754
Sierra Leone,2015,22619.0,614.1,36835.0,5620000.0,Western Africa,West Africa,0.0,22619.0,0.0,0.6140627120944754
Sierra Leone,2015,22619.0,614.1,36835.0,5620000.0,Western Africa,West Africa,0.0,22619.0,0.0,0.6140627120944754
Sierra Leone,2015,22619.0,614.1,36835.0,5700000.0,Western Africa,West Africa,0.0,22619.0,0.0,0.6140627120944754
Sierra Leone,2015,22619.0,614.1,36835.0,5700000.0,Western Africa,West Africa,0.0,22619.0,0.0,0.6140627120944754
Sierra Leone,2015,22619.0,614.1,36835.0,5700000.0,Western Africa,West Africa,0.0,22619.0,0.0,0.6140627120944754
Sierra Leone,2015,22619.0,614.1,36835.0,5800000.0,Western Africa,West Africa,0.0,22619.0,0.0,0.6140627120944754
Sierra Leone,2015,22619.0,614.1,36835.0,5850000.0,Western Africa,West Africa,0.0,22619.0,0.0,0.6140627120944754
Sierra Leone,2015,22619.0,614.1,36835.0,5800000.0,Western Africa,West Africa,0.0,22619.0,0.0,0.6140627120944754
Sierra Leone,2015,22619.0,614.1,36835.0,5800000.0,Western Africa,West Africa,0.0,22619.0,0.0,0.6140627120944754
Sierra Leone,2015,22619.0,614.1,36835.0,5634.2,Western Africa,West Africa,0.0,22619.0,0.0,0.6140627120944754
Sierra Leone,2015,22619.0,614.1,36835.0,1108.9,Western Africa,West Africa,0.0,22619.0,0.0,0.6140627120944754
Sierra Leone,2015,22619.0,614.1,36835.0,100.6,Western Africa,West Africa,0.0,22619.0,0.0,0.6140627120944754
Sierra Leone,2016,12554.0,333.2,37680.0,5697380.0,Western Africa,West Africa,-44.497988416817726,19264.0,-34.83181063122924,0.33317409766454353
Sierra Leone,2016,12554.0,333.2,37680.0,3695907.0,Western Africa,West Africa,0.0,15909.0,-21.08869193538249,0.33317409766454353
Sierra Leone,2016,12554.0,333.2,37680.0,3695907.0,Western Africa,West Africa,0.0,12554.0,0.0,0.33317409766454353
Sierra Leone,2016,12554.0,333.2,37680.0,3695907.0,Western Africa,West Africa,0.0,12554.0,0.0,0.33317409766454353
Sierra Leone,2016,12554.0,333.2,37680.0,3730816.0,Western Africa,West Africa,0.0,12554.0,0.0,0.33317409766454353
Sierra Leone,2016,12554.0,333.2,37680.0,3820181.0,Western Africa,West Africa,0.0,12554.0,0.0,0.33317409766454353
Sierra Leone,2016,12554.0,333.2,37680.0,3870327.0,Western Africa,West Africa,0.0,12554.0,0.0,0.33317409766454353
Sierra Leone,2016,12554.0,333.2,37680.0,3886186.0,Western Africa,West Africa,0.0,12554.0,0.0,0.33317409766454353
Sierra Leone,2016,12554.0,333.2,37680.0,3914967.0,Western Africa,West Africa,0.0,12554.0,0.0,0.33317409766454353
Sierra Leone,2016,12554.0,333.2,37680.0,3921221.0,Western Africa,West Africa,0.0,12554.0,0.0,0.33317409766454353
Sierra Leone,2016,12554.0,333.2,37680.0,3941376.0,Western Africa,West Africa,0.0,12554.0,0.0,0.33317409766454353
Sierra Leone,2016,12554.0,333.2,37680.0,3947462.0,Western Africa,West Africa,0.0,12554.0,0.0,0.33317409766454353
Sierra Leone,2016,12554.0,333.2,37680.0,4222301.0,Western Africa,West Africa,0.0,12554.0,0.0,0.33317409766454353
Sierra Leone,2016,12554.0,333.2,37680.0,5697.4,Western Africa,West Africa,0.0,12554.0,0.0,0.33317409766454353
Sierra Leone,2016,12554.0,333.2,37680.0,905.7,Western Africa,West Africa,0.0,12554.0,0.0,0.33317409766454353
Sierra Leone,2016,12554.0,333.2,37680.0,101.73,Western Africa,West Africa,0.0,12554.0,0.0,0.33317409766454353
Sierra Leone,2017,22418.0,2133.0,10510.0,921300.0,Western Africa,West Africa,78.57256651266529,15842.0,41.50991036485292,2.1330161750713605
Sierra Leone,2017,22418.0,2133.0,10510.0,921.3,Western Africa,West Africa,0.0,19130.0,17.187663355985364,2.1330161750713605
Sierra Leone,2017,22418.0,2133.0,10510.0,124.8,Western Africa,West Africa,0.0,22418.0,0.0,2.1330161750713605
Sierra Leone,2017,22418.0,2133.0,10510.0,16.45,Western Africa,West Africa,0.0,22418.0,0.0,2.1330161750713605
Sierra Leone,2018,22981.0,2143.8,10720.0,932400.0,Western Africa,West Africa,2.5113747881166937,22605.666666666668,1.6603506495421447,2.14375
Sierra Leone,2018,22981.0,2143.8,10720.0,7237684.0,Western Africa,West Africa,0.0,22793.333333333332,0.8233401579409237,2.14375
Sierra Leone,2018,22981.0,2143.8,10720.0,7579989.0,Western Africa,West Africa,0.0,22981.0,0.0,2.14375
Sierra Leone,2018,22981.0,2143.8,10720.0,7492915.0,Western Africa,West Africa,0.0,22981.0,0.0,2.14375
Sierra Leone,2018,22981.0,2143.8,10720.0,7177125.0,Western Africa,West Africa,0.0,22981.0,0.0,2.14375
Sierra Leone,2018,22981.0,2143.8,10720.0,7783435.0,Western Africa,West Africa,0.0,22981.0,0.0,2.14375
Sierra Leone,2018,22981.0,2143.8,10720.0,7937889.0,Western Africa,West Africa,0.0,22981.0,0.0,2.14375
Sierra Leone,2018,22981.0,2143.8,10720.0,8072893.0,Western Africa,West Africa,0.0,22981.0,0.0,2.14375
Sierra Leone,2018,22981.0,2143.8,10720.0,8072893.0,Western Africa,West Africa,0.0,22981.0,0.0,2.14375
Sierra Leone,2018,22981.0,2143.8,10720.0,8072893.0,Western Africa,West Africa,0.0,22981.0,0.0,2.14375
Sierra Leone,2018,22981.0,2143.8,10720.0,8072893.0,Western Africa,West Africa,0.0,22981.0,0.0,2.14375
Sierra Leone,2018,22981.0,2143.8,10720.0,8072893.0,Western Africa,West Africa,0.0,22981.0,0.0,2.14375
Sierra Leone,2018,22981.0,2143.8,10720.0,8072893.0,Western Africa,West Africa,0.0,22981.0,0.0,2.14375
Sierra Leone,2018,22981.0,2143.8,10720.0,932.4,Western Africa,West Africa,0.0,22981.0,0.0,2.14375
Sierra Leone,2018,22981.0,2143.8,10720.0,117.6,Western Africa,West Africa,0.0,22981.0,0.0,2.14375
Sierra Leone,2018,22981.0,2143.8,10720.0,16.65,Western Africa,West Africa,0.0,22981.0,0.0,2.14375
Sierra Leone,2019,38685.0,3299.1,11726.0,7632073.0,Western Africa,West Africa,68.33471128323399,28215.666666666668,37.104681796165245,3.2990789698106773
Sierra Leone,2019,38685.0,3299.1,11726.0,19.54,Western Africa,West Africa,0.0,33450.333333333336,15.64907175812896,3.2990789698106773
Sierra Leone,2020,26549.0,1625.1,16337.0,47.04,Western Africa,West Africa,-31.37133255783896,34639.666666666664,-23.356652777644122,1.6250841647793353
Sierra Leone,2021,22544.65,2990.8,7538.0,46.26,Western Africa,West Africa,-15.08286564465704,29259.55,-22.949430186041816,2.990799946935527
Sierra Leone,2022,24000.0,1600.0,15000.0,42.06,Western Africa,West Africa,6.455411816107137,24364.55,-1.4962312047626543,1.6
Sierra Leone,2023,25294.0,1582.4,15985.0,41.85,Western Africa,West Africa,5.391666666666661,23946.216666666664,5.62837692523455,1.5823584610572412
Sierra Leone,2024,27442.91,1703.7,16108.0,38.02,Western Africa,West Africa,8.495730212698671,25578.97,7.287001783105413,1.7036820213558481
