country,year,rainfall_mm,avg_temp_c,harvested_area_ha,production_tonnes,yield_t_ha
Algeria,1961,31.18,22.36,537680.0,524022.928,0.9746
Algeria,1962,-123.77,22.9,504616.0,272492.64,0.54
Algeria,1963,133.53,22.08,530460.0,568440.989046,1.0716001
Algeria,1964,174.5,22.5,502449.0,588016.1149448999,1.1703001
Algeria,1965,476.94,22.38,575006.0,632506.6000000001,1.1
Algeria,1966,-3.02,22.84,516058.0,422651.53812405997,0.81900007
Algeria,1967,9.94,22.17,559806.0,612875.6647806,1.0948001
Algeria,1968,297.93,23.08,583429.0,667617.8630429,1.1443001
Algeria,1969,304.75,22.76,525008.0,524220.5142504,0.99850005
Algeria,1970,97.54,23.49,572011.0,585453.3157010999,1.0235001
Algeria,1971,-203.76,21.98,591003.0,480780.97005015,0.81350005
Algeria,1972,174.84,23.04,542352.0,462517.7856,0.8528
Algeria,1973,389.6,22.75,563512.0,664662.4603512001,1.1795001
Algeria,1974,218.04,22.55,589029.0,795542.5674,1.3506
Algeria,1975,272.08,23.1,570270.0,1029850.650027,1.8059001
Algeria,1976,269.35,22.5,603075.0,771152.0025,1.2787
Algeria,1977,372.54,22.73,610619.0,746542.7893999999,1.2226
Algeria,1978,295.66,23.09,611198.0,660888.4585198,1.0813001
Algeria,1979,217.02,23.21,615109.0,687015.3036109001,1.1169001
Algeria,1980,497.41,23.09,651109.0,628971.294,0.966
Algeria,1981,315.83,23.7,677576.0,679676.4856,1.0031
Algeria,1982,144.17,23.41,659168.0,516524.06457504,0.78360003
Algeria,1983,446.47,23.49,627064.0,585238.8312,0.9333
Algeria,1984,633.79,23.1,657530.0,1227608.575753,1.8670001
Algeria,1985,173.74,22.99,690456.0,440234.74559999997,0.6376
Algeria,1986,542.38,22.98,671133.0,565966.48574532,0.84330004
Algeria,1987,190.88,23.8,702146.0,990447.2178146,1.4106001
Algeria,1988,-28.47,23.33,643909.0,643909.0,1.0
Algeria,1989,274.26,22.63,705455.0,1693092.0,2.4
Algeria,1990,112.95,23.71,700910.0,1156501.570091,1.6500001
Algeria,1991,65.46,22.87,699980.0,1346131.607998,1.9231001
Algeria,1992,93.85,23.17,760354.0,1735736.2632708,2.2828002
Algeria,1993,303.09,23.46,718783.0,898478.75,1.25
Algeria,1994,264.44,23.15,726764.0,327915.94587056,0.45120004
Algeria,1995,271.71,23.3,783471.0,1262563.5165,1.6115
Algeria,1996,325.09,23.1,770348.0,1321455.0362348,1.7154001
Algeria,1997,317.32,23.32,758099.0,1623620.6283000002,2.1417
Algeria,1998,304.18,23.37,764841.0,1317209.1702,1.7222
Algeria,1999,424.02,23.02,793522.0,1775505.6337044,2.2375002
Algeria,2000,442.74,22.32,788288.0,2852499.2721152,3.6186004
Algeria,2001,142.38,23.5,781207.0,2122930.1787414,2.7175002
Algeria,2002,479.94,24.08,804224.0,2692541.952,3.348
Algeria,2003,175.27,23.53,818448.0,2361468.1780896,2.8853002
Algeria,2004,-62.19,24.04,801741.0,2543844.0189,3.1729
Algeria,2005,195.26,24.05,837870.0,2837362.968,3.3864
Algeria,2006,202.29,23.25,841506.0,5526001.6008,6.5668
Algeria,2007,159.73,23.86,889393.0,7615427.5625,8.5625
Algeria,2008,115.64,23.49,842619.0,3767686.8493857,4.4714003
Algeria,2009,232.45,23.32,801011.0,2476245.4855011,3.0914001
Algeria,2010,101.93,23.78,897093.0,2316922.0911,2.5827
Algeria,2011,55.09,24.13,881692.0,2060866.8808000002,2.3374
Algeria,2012,250.52,24.42,853849.0,2184402.1528547,2.5583003
Algeria,2013,96.18,23.5,882251.0,2968686.3899,3.3649
Algeria,2014,33.03,23.7,884247.0,2313632.3639247003,2.6165001
Algeria,2015,96.87,23.83,955043.0,3747779.7406,3.9242
Algeria,2016,22.79,23.9,929807.0,4195475.5173228,4.5122004
Algeria,2017,213.48,24.37,877896.0,1141879.4149896,1.3007001
Algeria,2018,213.58,23.38,932851.0,4143351.2814553003,4.4416003
Algeria,2019,501.07,24.44,940703.0,3907586.1917000003,4.1539
Algeria,2020,139.1,24.08,935414.0,5681611.0946,6.0739
Algeria,2021,266.93,24.57,931978.0,4778996.7884,5.1278
Algeria,2022,80.72,24.52,946170.0,5203935.473084999,5.5000005
Algeria,2023,282.63,24.53,937767.0,5626602.4688834995,6.0000005
Algeria,2024,185.47,23.31,996663.0,5979978.498331499,6.0000005
Angola,1961,764.5,21.8,465130.0,377359.9876052,0.81130004
Angola,1962,898.78,21.99,526531.0,427174.62136124,0.81130004
Angola,1963,669.62,21.64,510870.0,392961.20399999997,0.7692
Angola,1964,653.72,21.49,520000.0,450008.052,0.8654001
Angola,1965,927.44,21.97,565432.0,530092.53392592,0.93750006
Angola,1966,689.38,21.08,539242.0,426917.92914694,0.79170007
Angola,1967,650.87,21.94,573750.0,436050.02868750005,0.76000005
Angola,1968,798.42,21.66,562375.0,440170.94624250004,0.78270006
Angola,1969,1035.71,21.84,556903.0,501212.72227612,0.90000004
Angola,1970,611.6,21.46,611937.0,558086.58071622,0.91200006
Angola,1971,575.02,21.42,586529.0,456084.9504,0.7776
Angola,1972,745.96,21.06,574625.0,433669.5219775,0.75470006
Angola,1973,740.21,21.62,575713.0,419579.6344,0.7288
Angola,1974,854.5,22.19,594903.0,396621.87174321,0.66670007
Angola,1975,1106.35,21.51,547850.0,410887.532871,0.75000006
Angola,1976,721.39,22.24,586773.0,440079.78520638,0.75000006
Angola,1977,865.63,21.79,586004.0,341816.13320000004,0.5833
Angola,1978,771.06,21.91,628313.0,418896.32108191,0.66670007
Angola,1979,759.84,21.62,585372.0,292686.0,0.5
Angola,1980,762.39,22.41,658955.0,395373.0,0.6
Angola,1981,421.76,21.72,659670.0,274884.5153868,0.41670004
Angola,1982,587.76,21.55,640249.0,266791.78390996,0.41670004
Angola,1983,759.31,22.15,636270.0,291602.5537254,0.45830002
Angola,1984,789.9,22.05,719625.0,311813.5268925,0.43330002
Angola,1985,813.42,22.55,714251.0,297628.42027004,0.41670004
Angola,1986,780.27,21.6,687396.0,240588.61374792003,0.35000002
Angola,1987,816.83,21.63,684640.0,241609.456,0.3529
Angola,1988,782.96,22.22,697582.0,209274.6,0.3
Angola,1989,860.54,22.17,734302.0,173148.41894302,0.23580001
Angola,1990,670.03,21.8,692092.0,189356.3712,0.2736
Angola,1991,985.46,22.39,701675.0,281582.1775,0.4013
Angola,1992,866.93,21.66,750246.0,283442.95380492,0.37780002
Angola,1993,1025.66,22.31,724371.0,190292.27618741998,0.26270002
Angola,1994,531.74,22.52,708969.0,174619.07178969,0.24630001
Angola,1995,652.58,21.49,749559.0,263619.93028236,0.35170004
Angola,1996,581.56,22.61,765164.0,535079.2234582,0.69930005
Angola,1997,643.22,22.37,763152.0,454762.32258911995,0.59590006
Angola,1998,866.03,22.51,807323.0,597096.0908,0.7396
Angola,1999,773.53,22.48,800881.0,509440.4041,0.6361
Angola,2000,1072.92,22.04,791013.0,454436.9685,0.5745
Angola,2001,705.91,22.38,765522.0,440481.39707610005,0.57540005
Angola,2002,716.14,22.5,796314.0,534008.1684,0.6706
Angola,2003,869.96,23.36,814897.0,615980.7237897,0.7559001
Angola,2004,625.37,22.77,776154.0,419433.6216,0.5404
Angola,2005,728.74,22.75,861135.0,580060.536,0.6736
Angola,2006,834.06,22.74,821602.0,385084.87383204,0.46870002
Angola,2007,907.02,23.04,879833.0,447922.9803,0.5091
Angola,2008,1058.83,23.04,834148.0,662814.0007999999,0.7946
Angola,2009,966.56,22.83,876046.0,579416.9120046,0.6614001
Angola,2010,810.8,22.79,874464.0,629614.08,0.72
Angola,2011,906.32,23.23,879505.0,648722.888,0.7376
Angola,2012,762.81,22.55,849098.0,659749.1460000001,0.777
Angola,2013,737.79,23.04,858328.0,812579.15193312,0.94670004
Angola,2014,962.12,22.26,896412.0,931013.5031999999,1.0386
Angola,2015,908.62,22.65,924168.0,1038210.4236168,1.1234001
Angola,2016,837.93,23.18,903942.0,884507.31027594,0.97850007
Angola,2017,675.69,22.96,957117.0,855184.06821351,0.89350003
Angola,2018,753.96,22.89,959703.0,1005480.8331,1.0477
Angola,2019,926.5,22.68,952634.0,1016079.5196634,1.0666001
Angola,2020,710.11,23.44,916890.0,1007937.268689,1.0993001
Angola,2021,753.14,22.45,974540.0,1056011.544,1.0836
Angola,2022,946.82,23.68,993663.0,1113200.6589000002,1.1203
Angola,2023,965.98,22.71,951659.0,1099261.3109,1.1551
Angola,2024,767.93,22.56,956272.0,1137007.408,1.189
Benin,1961,554.73,27.32,479355.0,280230.94738065003,0.58460003
Benin,1962,719.1,27.88,485163.0,239864.59690326,0.49440002
Benin,1963,720.78,27.84,522024.0,258715.09962023998,0.49560001
Benin,1964,670.42,27.79,517572.0,281921.46839999995,0.5447
Benin,1965,884.66,27.36,502593.0,286578.5286,0.5702
Benin,1966,846.38,27.05,532947.0,294026.89187682,0.55170006
Benin,1967,1105.51,27.07,518902.0,313883.85093411995,0.60490006
Benin,1968,959.08,27.58,558443.0,330989.19960657996,0.59270006
Benin,1969,796.64,26.98,546759.0,311597.97597036004,0.56990004
Benin,1970,695.34,27.85,599985.0,365330.90849895,0.60890007
Benin,1971,878.92,27.34,583135.0,292150.66415675,0.50100005
Benin,1972,663.91,27.98,587404.0,321662.44802212,0.54760003
Benin,1973,647.67,27.26,591154.0,426340.2943577,0.72120005
Benin,1974,936.24,28.37,619901.0,469203.1288901,0.7569001
Benin,1975,1148.52,27.66,591837.0,419434.91741021996,0.70870006
Benin,1976,1024.31,27.53,618160.0,429435.7890896,0.69470006
Benin,1977,562.93,27.66,633444.0,463110.90839999996,0.7311
Benin,1978,558.32,27.77,620278.0,482514.28101112,0.77790004
Benin,1979,872.86,28.02,601689.0,435622.86006756,0.72400004
Benin,1980,786.06,27.4,628333.0,467291.25210000004,0.7437
Benin,1981,844.83,27.21,646058.0,429370.1468,0.6646
Benin,1982,541.93,28.65,666032.0,431855.19542224,0.64840007
Benin,1983,397.92,28.45,629663.0,391776.3186,0.6222
Benin,1984,759.08,28.42,657619.0,531158.89260476,0.80770004
Benin,1985,637.08,27.62,666154.0,592210.94596924,0.88900006
Benin,1986,554.89,27.94,686424.0,586412.0231999999,0.8543
Benin,1987,640.75,28.22,702763.0,497204.85061052,0.70750004
Benin,1988,607.71,28.03,704794.0,614016.5327999999,0.8712
Benin,1989,618.12,28.02,687788.0,608898.74391152,0.88530004
Benin,1990,685.86,28.61,733513.0,656787.57687565,0.89540005
Benin,1991,796.79,27.95,717749.0,666142.8469,0.9281
Benin,1992,779.1,27.9,729565.0,712857.9615,0.9771
Benin,1993,1001.24,28.02,729008.0,712824.0224,0.9778
Benin,1994,586.76,28.92,748799.0,765871.6920799,1.0228001
Benin,1995,888.97,28.49,736628.0,864580.2836,1.1737
Benin,1996,612.39,28.09,750453.0,811840.1304452999,1.0818001
Benin,1997,546.62,28.31,722907.0,868934.2139999999,1.202
Benin,1998,808.15,28.31,751872.0,837811.0447871999,1.1143001
Benin,1999,747.57,28.19,813841.0,1018766.2451841001,1.2518001
Benin,2000,588.45,28.62,783848.0,899935.8888,1.1481
Benin,2001,781.6,28.81,759341.0,835426.9682,1.1002
Benin,2002,1052.97,28.88,846164.0,985273.4462163999,1.1644001
Benin,2003,707.38,28.02,783444.0,932220.0155999999,1.1899
Benin,2004,923.91,28.38,857651.0,1011170.5290000001,1.179
Benin,2005,843.47,28.1,806041.0,922675.1327000001,1.1447
Benin,2006,717.13,28.68,832376.0,1021575.0648,1.2273
Benin,2007,968.64,29.06,851319.0,1136000.0736,1.3344
Benin,2008,840.42,29.14,869540.0,980754.2529539999,1.1279001
Benin,2009,869.78,28.2,887807.0,1240887.9326807,1.3977001
Benin,2010,779.89,29.22,866546.0,955627.0154546001,1.1028001
Benin,2011,582.46,28.3,848006.0,1205525.3296,1.4216
Benin,2012,856.68,28.83,880046.0,1110794.0611999999,1.2622
Benin,2013,812.94,28.45,867117.0,1134535.8828,1.3084
Benin,2014,778.45,29.29,954588.0,1335564.1662588,1.3991001
Benin,2015,896.1,28.3,928717.0,1189965.1849717,1.2813001
Benin,2016,757.82,29.06,943560.0,1298527.272,1.3762
Benin,2017,810.07,29.16,915991.0,1210482.1980991,1.3215001
Benin,2018,717.89,28.9,965381.0,1258856.824,1.304
Benin,2019,981.66,28.89,926979.0,996687.8208,1.0752
Benin,2020,949.26,28.65,950224.0,1208495.0732447999,1.2718002
Benin,2021,662.01,28.81,945484.0,1140631.8976,1.2064
Benin,2022,957.79,29.08,941628.0,1096337.5745628,1.1643001
Benin,2023,740.85,28.71,971983.0,964110.0348983,0.9919001
Benin,2024,785.88,28.86,996174.0,1185945.1469999999,1.1905
Botswana,1961,674.34,21.85,509461.0,228085.69988921998,0.44770002
Botswana,1962,589.73,21.05,535288.0,365173.5271288,0.6822001
Botswana,1963,713.84,21.18,503794.0,377845.53022764,0.75000006
Botswana,1964,635.39,22.13,540401.0,363257.55220000003,0.6722
Botswana,1965,1130.47,21.91,508794.0,135746.23919999998,0.2668
Botswana,1966,684.99,21.3,557007.0,314541.89189049,0.56470007
Botswana,1967,488.28,21.56,560133.0,62790.912100665,0.112100005
Botswana,1968,853.84,21.89,531327.0,135647.79372654,0.25530002
Botswana,1969,877.99,21.66,546317.0,149964.0165,0.2745
Botswana,1970,866.85,21.47,586308.0,40631.1444,0.0693
Botswana,1971,1142.25,21.5,541294.0,360880.74769057997,0.66670007
Botswana,1972,559.89,22.45,587708.0,637193.0136000001,1.0842
Botswana,1973,547.8,21.27,628712.0,280405.552,0.446
Botswana,1974,839.56,22.21,564839.0,273551.53899678,0.48430002
Botswana,1975,740.74,22.76,616129.0,442072.57598386996,0.71750003
Botswana,1976,658.96,22.07,609034.0,476873.65245169995,0.78300005
Botswana,1977,680.01,22.77,660433.0,359671.81179999997,0.5446
Botswana,1978,846.91,21.73,687904.0,214006.9344,0.3111
Botswana,1979,724.76,22.04,603146.0,64295.3636,0.1066
Botswana,1980,806.59,22.1,661074.0,164937.963,0.2495
Botswana,1981,786.38,22.1,621104.0,224280.66682208,0.36110002
Botswana,1982,921.26,22.7,647663.0,336007.56440000003,0.5188
Botswana,1983,714.97,22.23,647538.0,280642.9692,0.4334
Botswana,1984,736.93,21.24,684324.0,101622.12084323999,0.14850001
Botswana,1985,893.57,22.22,660858.0,120011.82601716,0.18160002
Botswana,1986,831.84,22.37,706075.0,288855.30368225,0.40910003
Botswana,1987,1024.49,22.17,718614.0,435839.391,0.6065
Botswana,1988,694.69,23.07,710198.0,164907.98270198,0.23220001
Botswana,1989,905.21,22.57,718404.0,271484.8716,0.3779
Botswana,1990,799.28,22.23,706444.0,204798.1156,0.2899
Botswana,1991,800.39,22.6,681093.0,269849.06703279,0.39620003
Botswana,1992,816.7,22.2,744869.0,141450.6231,0.1899
Botswana,1993,928.48,22.86,703209.0,95144.18473209,0.13530001
Botswana,1994,812.16,22.5,760906.0,129201.84640906,0.16980001
Botswana,1995,750.16,22.18,802557.0,760503.0132,0.9476
Botswana,1996,870.71,22.39,792598.0,195216.89532598,0.24630001
Botswana,1997,736.51,22.59,806226.0,231145.02644904,0.28670004
Botswana,1998,866.9,22.14,809276.0,73644.120855656,0.091000006
Botswana,1999,942.21,22.32,727324.0,80805.6964,0.1111
Botswana,2000,790.64,22.92,806828.0,90606.79246828001,0.11230001
Botswana,2001,816.68,22.09,853451.0,170007.4392,0.1992
Botswana,2002,802.51,22.57,815938.0,240456.95307814,0.29470003
Botswana,2003,982.0,22.23,854252.0,183151.63734252,0.21440001
Botswana,2004,921.39,23.0,794254.0,138438.48014254,0.17430001
Botswana,2005,1083.85,22.22,841664.0,193330.22921664,0.22970001
Botswana,2006,726.69,22.81,854377.0,214534.0647,0.2511
Botswana,2007,741.46,22.09,843372.0,102807.05523372,0.12190001
Botswana,2008,1064.29,23.39,854103.0,157496.5932,0.1844
Botswana,2009,775.73,23.2,860145.0,208929.2205,0.2429
Botswana,2010,894.0,22.86,872634.0,141104.92652634002,0.16170001
Botswana,2011,720.78,23.07,833000.0,289300.9,0.3473
Botswana,2012,704.63,22.29,900782.0,123407.14300782,0.13700001
Botswana,2013,716.4,22.45,854030.0,72507.1555403,0.08490001
Botswana,2014,583.78,23.1,844117.0,231288.07488234,0.27400002
Botswana,2015,929.97,22.64,854921.0,218175.8392,0.2552
Botswana,2016,897.67,22.55,886348.0,221852.92212696,0.25030002
Botswana,2017,867.22,23.06,894368.0,214916.63934368,0.24030001
Botswana,2018,659.77,22.78,945621.0,304017.15150000004,0.3215
Botswana,2019,784.55,22.4,907049.0,184040.2421,0.2029
Botswana,2020,728.07,22.43,934880.0,623565.0160928,0.66700006
Botswana,2021,857.28,22.46,1001203.0,798960.03404812,0.79800004
Botswana,2022,794.73,22.9,958139.0,420048.1376,0.4384
Botswana,2023,1020.05,22.71,960022.0,585037.4356006599,0.60940003
Botswana,2024,800.3,22.15,1005043.0,603025.7999999999,0.6
Burkina Faso,1961,847.38,29.21,495009.0,248395.5162,0.5018
Burkina Faso,1962,842.33,27.99,524235.0,255092.7719694,0.48660004
Burkina Faso,1963,581.9,27.73,514074.0,353939.9747037,0.68850005
Burkina Faso,1964,951.11,27.85,535705.0,407885.80842819996,0.76140004
Burkina Faso,1965,967.46,28.73,549242.0,398035.69387726,0.72470003
Burkina Faso,1966,800.91,28.12,535757.0,392870.62417271,0.73330003
Burkina Faso,1967,504.34,27.93,563927.0,310159.85000000003,0.55
Burkina Faso,1968,809.58,28.63,582992.0,349795.2,0.6
Burkina Faso,1969,847.11,27.8,551088.0,330652.8,0.6
Burkina Faso,1970,496.37,29.08,573623.0,369814.77678114997,0.64470005
Burkina Faso,1971,830.3,28.69,579800.0,428704.17798,0.7394001
Burkina Faso,1972,966.06,28.18,580552.0,420842.18543864,0.72490007
Burkina Faso,1973,1046.12,28.67,605110.0,398041.358,0.6578
Burkina Faso,1974,733.37,28.33,658207.0,370307.2582,0.5626
Burkina Faso,1975,733.73,28.12,598554.0,351530.76420000003,0.5873
Burkina Faso,1976,822.07,28.45,593174.0,501587.9344,0.8456
Burkina Faso,1977,1058.18,28.26,634180.0,519647.15541799995,0.8194001
Burkina Faso,1978,843.88,28.55,640897.0,596867.40173588,0.93130004
Burkina Faso,1979,848.1,28.84,650818.0,590096.7456818,0.9067001
Burkina Faso,1980,680.1,29.14,689252.0,622325.65837008,0.90290004
Burkina Faso,1981,814.09,28.85,677384.0,562025.5386692,0.82970005
Burkina Faso,1982,931.73,28.85,706718.0,581982.30126872,0.82350004
Burkina Faso,1983,836.62,29.13,657085.0,371055.94549595,0.56470007
Burkina Faso,1984,969.01,28.77,634484.0,406577.3472,0.6408
Burkina Faso,1985,689.3,29.03,684478.0,678317.73906868,0.99100006
Burkina Faso,1986,884.93,29.61,691815.0,649475.9496725999,0.93880004
Burkina Faso,1987,813.98,28.82,684937.0,507401.3296,0.7408
Burkina Faso,1988,785.53,28.35,698367.0,572241.9896367,0.8194001
Burkina Faso,1989,895.23,29.25,683925.0,794926.0958925,1.1623001
Burkina Faso,1990,753.48,29.08,691699.0,1010710.5788,1.4612
Burkina Faso,1991,666.12,29.17,761804.0,1285011.0633804,1.6868001
Burkina Faso,1992,701.45,28.76,723471.0,1102425.1821471,1.5238001
Burkina Faso,1993,935.93,29.52,759960.0,1042817.1120000001,1.3722
Burkina Faso,1994,860.78,28.51,732902.0,1175721.3884,1.6042
Burkina Faso,1995,610.19,28.37,750443.0,858581.9113442999,1.1441001
Burkina Faso,1996,743.2,28.94,762311.0,1183182.9793311001,1.5521001
Burkina Faso,1997,1171.62,29.49,748170.0,1136096.219817,1.5185001
Burkina Faso,1998,925.24,29.45,769148.0,1070577.1781148,1.3919001
Burkina Faso,1999,755.93,29.33,793620.0,1288918.321362,1.6241001
Burkina Faso,2000,653.53,28.93,854970.0,1499873.956497,1.7543001
Burkina Faso,2001,784.45,29.41,812940.0,1472640.891294,1.8115001
Burkina Faso,2002,616.16,29.16,828971.0,1440834.4951,1.7381
Burkina Faso,2003,768.72,29.3,850960.0,1300607.349096,1.5284001
Burkina Faso,2004,823.45,28.99,823725.0,1043330.085,1.2666
Burkina Faso,2005,911.7,28.8,803837.0,1451568.9349836998,1.8058001
Burkina Faso,2006,868.22,28.7,840734.0,1634723.2736734,1.9444001
Burkina Faso,2007,711.66,29.26,836508.0,981725.8724508,1.1736001
Burkina Faso,2008,1033.74,29.28,895344.0,1491822.1727999998,1.6662
Burkina Faso,2009,638.85,29.21,853531.0,1304707.5719531,1.5286001
Burkina Faso,2010,769.5,29.33,852833.0,1223133.0886,1.4342
Burkina Faso,2011,1070.07,29.2,880573.0,1352207.9868573,1.5356001
Burkina Faso,2012,779.99,28.8,905618.0,1665069.2548,1.8386
Burkina Faso,2013,889.51,29.7,890544.0,1545361.1813088,1.7353002
Burkina Faso,2014,903.75,28.85,911084.0,1740990.5067084,1.9109001
Burkina Faso,2015,957.4,30.04,915517.0,1640606.464,1.792
Burkina Faso,2016,877.86,29.38,891359.0,1566741.8034359,1.7577001
Burkina Faso,2017,824.84,30.87,912386.0,1462919.8036386,1.6034001
Burkina Faso,2018,920.11,29.9,932505.0,1555511.5905,1.6681
Burkina Faso,2019,621.38,30.28,942861.0,1589475.1680861001,1.6858001
Burkina Faso,2020,790.0,29.5,914857.0,1612435.4625,1.7625
Burkina Faso,2021,792.54,29.62,979448.0,1489544.6163448,1.5208001
Burkina Faso,2022,803.43,29.96,981260.0,1629087.852,1.6602
Burkina Faso,2023,787.62,29.41,989289.0,1619169.3063,1.6367
Burkina Faso,2024,1171.41,28.66,957540.0,1610390.867754,1.6818001
Burundi,1961,1049.02,20.68,539475.0,517680.22618425003,0.95960003
Burundi,1962,909.34,20.63,504711.0,520962.6942,1.0322
Burundi,1963,904.87,20.35,586305.0,532423.5705,0.9081
Burundi,1964,1000.26,21.06,513829.0,521947.49820000003,1.0158
Burundi,1965,819.74,20.88,543597.0,548163.2691597,1.0084001
Burundi,1966,762.37,20.62,522569.0,521837.4034,0.9986
Burundi,1967,1074.63,20.89,581689.0,603095.2133689,1.0368001
Burundi,1968,921.96,20.44,498889.0,534509.6745999999,1.0714
Burundi,1969,899.36,21.43,559694.0,624674.5293694,1.1161001
Burundi,1970,790.8,21.1,585079.0,679101.1953,1.1607
Burundi,1971,818.16,21.11,600495.0,712367.338599,1.1863002
Burundi,1972,618.14,20.82,595115.0,635344.7740000001,1.0676
Burundi,1973,661.55,21.06,607662.0,699236.6634000001,1.1507
Burundi,1974,1029.39,20.41,610381.0,602751.2985381,0.9875001
Burundi,1975,939.11,20.64,635043.0,725727.2039043001,1.1428001
Burundi,1976,827.6,20.8,603329.0,683451.1515329,1.1328001
Burundi,1977,971.44,20.92,638228.0,732366.63,1.1475
Burundi,1978,960.84,20.88,580673.0,774211.3689673,1.3333001
Burundi,1979,943.8,21.02,660134.0,744829.2582133999,1.1283001
Burundi,1980,801.11,21.12,656780.0,707286.447678,1.0769001
Burundi,1981,789.82,21.18,680089.0,763807.9559,1.1231
Burundi,1982,1121.89,21.71,660325.0,731442.0025,1.1077
Burundi,1983,1016.49,21.55,648602.0,738433.4418601999,1.1385001
Burundi,1984,1109.68,20.84,665057.0,722185.4628056999,1.0859001
Burundi,1985,776.61,21.09,719028.0,868370.1156,1.2077
Burundi,1986,737.85,20.92,698190.0,867431.2559999999,1.2424
Burundi,1987,621.03,21.21,655130.0,829001.5020000001,1.2654
Burundi,1988,875.1,21.26,725111.0,930752.5521110999,1.2836001
Burundi,1989,898.4,21.39,677397.0,924308.2065000001,1.3645
Burundi,1990,696.42,20.88,699709.0,947406.0559709,1.3540001
Burundi,1991,958.33,21.47,670335.0,930894.2145,1.3887
Burundi,1992,863.54,21.24,736368.0,1046968.0960368,1.4218001
Burundi,1993,639.4,21.29,702716.0,1007835.2871999999,1.4342
Burundi,1994,760.19,21.1,733998.0,901055.9448,1.2276
Burundi,1995,468.82,21.38,716769.0,914023.8287999999,1.2752
Burundi,1996,1004.21,21.33,777501.0,1021092.1410501,1.3133001
Burundi,1997,795.9,21.11,771690.0,972946.829169,1.2608001
Burundi,1998,968.47,21.3,798423.0,915232.3647422999,1.1463001
Burundi,1999,486.52,21.24,801026.0,896508.2992,1.1192
Burundi,2000,1089.43,20.99,856598.0,901226.8414598,1.0521001
Burundi,2001,1120.87,21.55,808001.0,874014.6817000001,1.0817
Burundi,2002,695.36,20.59,792522.0,866305.8774522,1.0931001
Burundi,2003,932.62,21.95,820142.0,875091.514,1.067
Burundi,2004,879.9,21.46,842058.0,910012.0806,1.0807
Burundi,2005,1127.09,21.28,805128.0,872195.2429127999,1.0833001
Burundi,2006,1073.86,22.2,840173.0,853531.7507,1.0159
Burundi,2007,720.94,21.94,905685.0,924160.9739999999,1.0204
Burundi,2008,667.58,22.13,834076.0,837495.7116,1.0041
Burundi,2009,838.63,22.33,858334.0,861080.6688000001,1.0032
Burundi,2010,687.02,21.6,833975.0,883596.5958974999,1.0595001
Burundi,2011,766.8,21.57,861296.0,954918.8752,1.1087
Burundi,2012,837.66,22.47,902119.0,1061162.5797,1.1763
Burundi,2013,777.77,22.19,905497.0,1196886.0251497,1.3218001
Burundi,2014,571.66,22.55,928241.0,1220172.8873241001,1.3145001
Burundi,2015,604.3,22.15,911698.0,1209093.8876,1.3262
Burundi,2016,451.74,22.14,910067.0,1350084.4855067001,1.4835001
Burundi,2017,1058.35,22.43,912141.0,1183685.3757,1.2977
Burundi,2018,1085.35,21.96,911197.0,1393129.1844197,1.5289001
Burundi,2019,1004.27,22.24,907736.0,907917.5472,1.0002
Burundi,2020,875.6,21.6,944303.0,1102190.4616,1.1672
Burundi,2021,765.73,21.83,896207.0,1093283.0089207,1.2199001
Burundi,2022,713.34,21.64,962296.0,1189205.4930296,1.2358001
Burundi,2023,1024.74,22.28,930549.0,1124196.3399549,1.2081001
Burundi,2024,707.24,22.01,943898.0,1157690.8969999999,1.2265
Cameroon,1961,952.74,24.58,499629.0,391009.6554,0.7826
Cameroon,1962,1152.39,25.03,500165.0,372472.92551649996,0.7447001
Cameroon,1963,611.71,24.6,520459.0,393258.84121836,0.75560004
Cameroon,1964,605.96,24.77,507034.0,384635.99240000005,0.7586
Cameroon,1965,800.83,25.26,526364.0,399299.7304,0.7586
Cameroon,1966,843.25,24.66,540230.0,411601.2748161,0.76190007
Cameroon,1967,636.31,24.61,539311.0,404806.85817244,0.75060004
Cameroon,1968,597.98,24.61,564393.0,460601.12730000005,0.8161
Cameroon,1969,582.7,24.63,523549.0,487005.30074196,0.93020004
Cameroon,1970,750.3,24.48,593527.0,531622.15764108,0.89570004
Cameroon,1971,929.35,25.26,600538.0,545408.6116000001,0.9082
Cameroon,1972,478.14,24.51,545325.0,496027.62,0.9096
Cameroon,1973,846.39,25.37,561041.0,483336.8215,0.8615
Cameroon,1974,719.75,24.77,572201.0,520187.9291,0.9091
Cameroon,1975,908.24,25.17,595167.0,732174.4434,1.2302
Cameroon,1976,1093.5,24.97,585629.0,520448.53329403,0.88870007
Cameroon,1977,762.56,25.51,645732.0,579738.1896,0.8978
Cameroon,1978,1081.7,25.64,656108.0,490112.70224432,0.74700004
Cameroon,1979,837.58,25.05,614723.0,459935.78548337996,0.74820006
Cameroon,1980,926.95,25.68,627905.0,522291.4041162,0.83180004
Cameroon,1981,725.72,24.83,658501.0,643553.06022505,0.97730005
Cameroon,1982,993.44,24.98,709995.0,775882.6069995001,1.0928001
Cameroon,1983,1060.66,25.39,710322.0,730992.4412322,1.0291001
Cameroon,1984,576.3,24.95,667903.0,1209772.8374806,1.8113002
Cameroon,1985,789.71,25.34,638510.0,1062799.958851,1.6645001
Cameroon,1986,515.86,25.66,710258.0,1367104.7404516,1.9248002
Cameroon,1987,800.37,25.39,689766.0,1319591.4035766001,1.9131001
Cameroon,1988,1067.78,25.34,690469.0,1352766.8648,1.9592
Cameroon,1989,1024.57,25.28,727814.0,1356645.3687814,1.8640001
Cameroon,1990,1003.3,25.88,736736.0,1366129.6384736,1.8543001
Cameroon,1991,911.53,25.08,688975.0,1364170.5688975,1.9800001
Cameroon,1992,911.37,25.78,746972.0,1043818.7474972,1.3974001
Cameroon,1993,639.95,25.54,783355.0,882606.0785000001,1.1267
Cameroon,1994,940.71,25.76,748831.0,871938.8912831,1.1644001
Cameroon,1995,658.14,25.38,758969.0,1172607.1808969,1.5450001
Cameroon,1996,699.08,25.52,797466.0,1495248.8297466,1.8750001
Cameroon,1997,722.05,25.45,760903.0,1542122.1101,2.0267
Cameroon,1998,806.89,25.07,820819.0,1552250.8109,1.8911
Cameroon,1999,1026.62,24.94,727876.0,1885708.4259875999,2.5907001
Cameroon,2000,667.13,25.17,843368.0,2075950.5006736,2.4615002
Cameroon,2001,665.08,25.64,755437.0,1843568.5303437002,2.4404001
Cameroon,2002,803.83,25.97,791788.0,1637338.4052,2.0679
Cameroon,2003,852.5,25.25,829150.0,1650671.902915,1.9908001
Cameroon,2004,782.62,25.6,838676.0,1607406.5054676,1.9166001
Cameroon,2005,946.61,25.36,832266.0,1775556.2844,2.1334
Cameroon,2006,659.76,25.43,842164.0,1871625.2736,2.2224
Cameroon,2007,513.27,26.0,874566.0,1749132.0,2.0
Cameroon,2008,913.21,26.23,845099.0,1690198.0,2.0
Cameroon,2009,899.04,25.59,848069.0,1678074.1302999998,1.9787
Cameroon,2010,1022.19,24.98,849507.0,1677011.8536507,1.9741001
Cameroon,2011,913.26,25.19,898755.0,1819080.299751,2.0240002
Cameroon,2012,833.07,25.78,887531.0,1522293.2599531,1.7152001
Cameroon,2013,889.29,26.04,871337.0,1724114.5218999998,1.9787
Cameroon,2014,620.22,26.6,871197.0,1537227.1936197,1.7645001
Cameroon,2015,934.37,26.1,878316.0,1528796.9174316,1.7406001
Cameroon,2016,855.76,25.7,933194.0,1847724.2133194,1.9800001
Cameroon,2017,574.47,25.99,916248.0,1685896.32,1.84
Cameroon,2018,551.57,25.7,949599.0,1752579.9144,1.8456
Cameroon,2019,1029.12,26.27,919411.0,1751937.6605,1.9055
Cameroon,2020,822.09,25.06,912157.0,1627926.5979,1.7847
Cameroon,2021,621.96,26.12,910230.0,1611744.261,1.7707
Cameroon,2022,784.3,26.48,948117.0,1604498.4939117,1.6923001
Cameroon,2023,747.73,25.95,951232.0,1743893.7207232,1.8333001
Cameroon,2024,884.8,26.15,984839.0,1805505.4371839,1.8333001
Cape Verde,1961,727.44,24.18,518942.0,337312.32075768,0.65000004
Cape Verde,1962,572.18,23.51,497752.0,323538.81991008,0.65000004
Cape Verde,1963,538.75,23.5,519648.0,337771.22078592,0.65000004
Cape Verde,1964,734.64,24.17,512649.0,333221.87050596,0.65000004
Cape Verde,1965,683.72,23.91,529656.0,257253.94038624,0.48570004
Cape Verde,1966,850.25,23.72,525783.0,256161.48811566,0.48720002
Cape Verde,1967,640.83,23.96,533176.0,260669.7464,0.4889
Cape Verde,1968,706.93,24.09,540877.0,237985.89622631,0.44000003
Cape Verde,1969,760.15,23.73,529340.0,231586.2658802,0.43750003
Cape Verde,1970,683.55,24.12,535176.0,164834.22405527998,0.30800003
Cape Verde,1971,1102.73,24.25,579724.0,175830.2892,0.3033
Cape Verde,1972,1063.1,24.59,541026.0,103714.68961026,0.19170001
Cape Verde,1973,769.61,24.13,578373.0,137652.774,0.238
Cape Verde,1974,574.96,23.15,618074.0,194260.6582,0.3143
Cape Verde,1975,856.52,24.28,601971.0,267515.91240000003,0.4444
Cape Verde,1976,973.35,23.88,612618.0,278434.89325236,0.45450002
Cape Verde,1977,643.05,23.24,622117.0,233293.89366350998,0.37500003
Cape Verde,1978,940.36,24.08,597697.0,199212.41009999998,0.3333
Cape Verde,1979,919.06,23.48,655812.0,281081.0232,0.4286
Cape Verde,1980,896.05,24.42,565470.0,300434.211,0.5313
Cape Verde,1981,850.86,24.28,640365.0,274460.439,0.4286
Cape Verde,1982,728.18,22.97,648454.0,285319.77945361997,0.44000003
Cape Verde,1983,470.86,24.51,678218.0,261588.69616435998,0.38570002
Cape Verde,1984,691.13,24.16,631148.0,311534.67804592004,0.49360004
Cape Verde,1985,661.02,24.63,692594.0,277660.9346,0.4009
Cape Verde,1986,732.78,24.33,663911.0,354727.6473,0.5343
Cape Verde,1987,998.67,24.76,692129.0,420260.7288,0.6072
Cape Verde,1988,1003.68,24.84,709381.0,341850.7039,0.4819
Cape Verde,1989,635.4,23.82,719440.0,196982.68638879998,0.27380002
Cape Verde,1990,832.18,23.92,720554.0,241097.39001662,0.33460003
Cape Verde,1991,976.59,24.69,726608.0,183759.1632,0.2529
Cape Verde,1992,913.69,24.05,738894.0,223219.89956682,0.30210003
Cape Verde,1993,969.28,24.09,663897.0,238405.4127,0.3591
Cape Verde,1994,972.21,24.12,815434.0,204103.14650868002,0.25030002
Cape Verde,1995,741.37,23.8,706904.0,185845.06160000002,0.2629
Cape Verde,1996,543.05,23.76,735524.0,233308.23486572,0.31720003
Cape Verde,1997,901.08,24.56,745377.0,109495.88130000001,0.1469
Cape Verde,1998,701.78,24.31,787802.0,111473.99087802,0.14150001
Cape Verde,1999,801.79,24.73,789269.0,917130.6569269,1.1620001
Cape Verde,2000,708.96,24.71,787516.0,625917.74830064,0.79480004
Cape Verde,2001,644.93,24.95,814811.0,519279.0503,0.6373
Cape Verde,2002,1086.17,24.67,811136.0,120453.70411135998,0.14850001
Cape Verde,2003,770.93,25.02,801377.0,303882.19045508,0.37920004
Cape Verde,2004,843.0,24.97,778828.0,300004.56117656,0.38520002
Cape Verde,2005,752.39,25.15,847186.0,206035.6352,0.2432
Cape Verde,2006,952.64,25.44,831816.0,181335.89631816,0.21800001
Cape Verde,2007,1060.29,24.35,805886.0,127974.69679999999,0.1588
Cape Verde,2008,968.9,25.41,879740.0,205683.2207974,0.23380001
Cape Verde,2009,766.25,24.31,832324.0,192100.39584648,0.23080002
Cape Verde,2010,883.66,24.48,887538.0,195258.36887538,0.22000001
Cape Verde,2011,576.92,24.86,860777.0,153046.15920777002,0.17780001
Cape Verde,2012,786.56,25.24,901365.0,176847.82201365,0.19620001
Cape Verde,2013,720.29,24.91,893340.0,162855.8998668,0.18230002
Cape Verde,2014,1034.87,24.81,910637.0,31234.849099999996,0.0343
Cape Verde,2015,755.21,25.0,935531.0,258674.34021062002,0.27650002
Cape Verde,2016,892.88,24.66,925865.0,164803.97,0.178
Cape Verde,2017,863.74,24.86,964060.0,96.4060048203,0.000100000005
Cape Verde,2018,686.03,24.97,910480.0,20667.89782096,0.022700002
Cape Verde,2019,411.73,24.72,928446.0,21539.949056892,0.023200002
Cape Verde,2020,842.34,25.53,921087.0,14461.066821087,0.015700001
Cape Verde,2021,690.77,25.49,960746.0,15660.1598,0.0163
Cape Verde,2022,653.8,25.65,968223.0,11134.565468223,0.011500001
Cape Verde,2023,895.69,25.24,953331.0,21926.614906662,0.023000002
Cape Verde,2024,853.22,25.17,950562.0,38307.6486,0.0403
Central African Republic,1961,956.41,24.1,521897.0,278327.69097587996,0.53330004
Central African Republic,1962,917.46,24.76,526274.0,225561.03639999998,0.4286
Central African Republic,1963,722.02,24.74,531301.0,227715.60859999998,0.4286
Central African Republic,1964,879.74,25.02,513022.0,359115.4256511,0.70000005
Central African Republic,1965,958.79,24.91,554004.0,443203.2,0.8
Central African Republic,1966,898.14,24.93,594171.0,475336.80000000005,0.8
Central African Republic,1967,1067.44,24.76,574008.0,459206.4,0.8
Central African Republic,1968,745.51,24.53,527041.0,527041.0,1.0
Central African Republic,1969,587.32,24.69,557542.0,430979.99945252,0.77300006
Central African Republic,1970,757.45,24.96,538894.0,362621.8264894,0.6729001
Central African Republic,1971,782.36,25.19,573198.0,394818.80532791995,0.68880004
Central African Republic,1972,424.61,24.99,615010.0,390100.843,0.6343
Central African Republic,1973,921.36,24.05,632894.0,360749.6116447,0.57000005
Central African Republic,1974,578.82,25.0,605086.0,235136.43170172,0.38860002
Central African Republic,1975,980.21,24.53,621748.0,261382.87163496,0.42040002
Central African Republic,1976,645.48,25.6,621767.0,261142.15243534,0.42000002
Central African Republic,1977,899.49,25.15,665227.0,219524.91,0.33
Central African Republic,1978,739.23,25.51,588159.0,295785.1611,0.5029
Central African Republic,1979,924.56,26.02,624902.0,204780.39789803998,0.32770002
Central African Republic,1980,937.86,25.31,652289.0,246956.63496867,0.37860003
Central African Republic,1981,1108.99,25.27,627403.0,257109.7494,0.4098
Central African Republic,1982,795.59,25.12,678807.0,273084.0561,0.4023
Central African Republic,1983,717.94,25.11,593661.0,247912.85734644,0.41760004
Central African Republic,1984,701.43,24.98,671619.0,353473.0797,0.5263
Central African Republic,1985,784.44,25.57,700746.0,675449.1394746,0.9639001
Central African Republic,1986,877.59,24.39,701601.0,843184.1519601,1.2018001
Central African Republic,1987,883.94,25.31,742754.0,757757.6308,1.0202
Central African Republic,1988,645.31,25.59,734943.0,748906.9169999999,1.019
Central African Republic,1989,782.95,25.55,735745.0,692336.0744298,0.94100004
Central African Republic,1990,618.28,25.35,723086.0,529588.22978516,0.73240006
Central African Republic,1991,559.31,24.9,727870.0,593141.2921148001,0.81490004
Central African Republic,1992,708.1,25.64,734155.0,663529.289,0.9038
Central African Republic,1993,868.62,24.89,732355.0,661902.449,0.9038
Central African Republic,1994,973.65,26.49,771912.0,656125.2,0.85
Central African Republic,1995,752.48,25.93,759779.0,645812.15,0.85
Central African Republic,1996,753.05,25.05,760065.0,646055.25,0.85
Central African Republic,1997,837.37,25.96,768823.0,705625.7494,0.9178
Central African Republic,1998,767.63,25.2,781080.0,765927.0480000001,0.9806
Central African Republic,1999,853.73,25.68,743444.0,784779.4864,1.0556
Central African Republic,2000,541.92,26.19,791664.0,839163.9191663999,1.0600001
Central African Republic,2001,839.37,26.32,771247.0,825234.29,1.07
Central African Republic,2002,690.03,25.69,809852.0,795760.5994955599,0.98260003
Central African Republic,2003,904.65,25.93,809568.0,770708.7359999999,0.952
Central African Republic,2004,681.91,25.87,789830.0,759421.5844915,0.96150005
Central African Republic,2005,923.94,26.24,837175.0,756303.9452305,0.90340006
Central African Republic,2006,963.44,25.58,837641.0,751196.48230564,0.89680004
Central African Republic,2007,1026.33,26.21,886152.0,753229.2,0.85
Central African Republic,2008,691.31,26.08,869103.0,738737.5499999999,0.85
Central African Republic,2009,794.5,26.61,841062.0,714902.7,0.85
Central African Republic,2010,803.69,26.54,851671.0,704076.4412501301,0.82670003
Central African Republic,2011,947.33,26.17,851114.0,704296.8775557,0.82750005
Central African Republic,2012,742.63,24.98,909275.0,731148.063871,0.80410004
Central African Republic,2013,848.32,26.28,885479.0,701830.69081916,0.79260004
Central African Republic,2014,1003.07,26.73,914776.0,731820.8,0.8
Central African Republic,2015,663.74,25.72,899117.0,719293.6000000001,0.8
Central African Republic,2016,839.13,26.85,900940.0,720752.0,0.8
Central African Republic,2017,693.4,26.67,940209.0,752167.2000000001,0.8
Central African Republic,2018,828.34,27.19,907358.0,725886.4,0.8
Central African Republic,2019,858.31,26.69,934128.0,747302.4,0.8
Central African Republic,2020,723.87,26.45,925281.0,648622.00875843,0.70100003
Central African Republic,2021,767.22,26.44,883075.0,706460.0,0.8
Central African Republic,2022,687.89,26.53,944484.0,755587.2000000001,0.8
Central African Republic,2023,681.12,27.14,992543.0,794034.4,0.8
Central African Republic,2024,729.36,26.95,938908.0,695449.22132356,0.74070007
Chad,1961,849.4,26.29,533070.0,564414.569307,1.0588001
Chad,1962,796.84,26.47,490987.0,490987.0,1.0
Chad,1963,896.52,26.38,512251.0,512251.0,1.0
Chad,1964,915.48,26.56,534144.0,334267.3152,0.6258
Chad,1965,876.34,27.32,577296.0,449020.8288,0.7778
Chad,1966,980.82,26.35,606083.0,514382.67240415,0.84870005
Chad,1967,642.46,26.93,531393.0,531393.0,1.0
Chad,1968,621.86,26.79,535811.0,1071622.0,2.0
Chad,1969,534.66,26.63,551737.0,1061045.4798737,1.9231001
Chad,1970,495.85,26.71,557664.0,956003.5067328,1.7143002
Chad,1971,703.63,26.26,585860.0,1313146.604,2.2414
Chad,1972,739.34,27.04,587316.0,1258559.4564,2.1429
Chad,1973,897.63,26.71,618343.0,1172749.3338000001,1.8966
Chad,1974,726.63,25.76,591657.0,1215026.9926971,2.0536003
Chad,1975,1005.23,26.68,601737.0,911751.9024,1.5152
Chad,1976,822.98,26.63,602519.0,964030.4,1.6
Chad,1977,594.51,26.82,649626.0,617144.7324813,0.95000005
Chad,1978,833.21,27.02,643404.0,482553.03860424,0.75000006
Chad,1979,927.42,26.74,600643.0,480514.4,0.8
Chad,1980,830.13,26.88,649256.0,541025.0572627999,0.83330005
Chad,1981,955.54,26.77,619734.0,542267.28718404,0.87500006
Chad,1982,918.54,27.39,682050.0,494077.047282,0.72440004
Chad,1983,987.04,27.69,671974.0,522526.9824,0.7776
Chad,1984,584.75,27.63,669202.0,545868.1048601,0.81570005
Chad,1985,554.38,26.78,730234.0,606094.24920936,0.83000004
Chad,1986,788.72,27.12,681574.0,531764.0756944399,0.78020006
Chad,1987,881.79,26.67,687537.0,485813.6442,0.7066
Chad,1988,1080.61,27.08,700024.0,753715.8408,1.0767
Chad,1989,776.68,27.5,712452.0,700411.5612,0.9831
Chad,1990,924.63,26.78,687694.0,671739.4992,0.9768
Chad,1991,775.02,27.55,730987.0,719729.8002,0.9846
Chad,1992,938.96,27.41,734782.0,932144.4452,1.2686
Chad,1993,999.05,27.35,760799.0,637777.83973995,0.83830005
Chad,1994,690.49,26.94,722815.0,898169.9912815,1.2426001
Chad,1995,1065.67,27.17,727213.0,642201.82211639,0.88310003
Chad,1996,808.42,27.37,747142.0,665778.2362,0.8911
Chad,1997,749.27,27.3,755709.0,722911.2294,0.9566
Chad,1998,899.0,27.39,772761.0,1087120.3293522,1.4068002
Chad,1999,817.17,26.74,742608.0,519157.2528,0.6991
Chad,2000,825.45,27.61,800031.0,602423.343,0.753
Chad,2001,865.94,27.3,778868.0,410229.77559999994,0.5267
Chad,2002,719.12,27.96,751641.0,535769.7048,0.7128
Chad,2003,811.5,27.62,818238.0,742550.985,0.9075
Chad,2004,566.41,26.84,836250.0,706714.9168125,0.84510005
Chad,2005,626.94,27.77,888084.0,971386.3680084,1.0938001
Chad,2006,847.47,27.57,856723.0,913780.8374723,1.0666001
Chad,2007,701.49,27.63,851024.0,868980.6063999999,1.0211
Chad,2008,762.44,27.64,871481.0,837754.6853,0.9613
Chad,2009,881.52,26.9,833177.0,819096.3086999999,0.9831
Chad,2010,764.03,27.88,851798.0,696259.71927192,0.81740004
Chad,2011,783.6,27.57,870717.0,1068456.8307,1.2271
Chad,2012,578.51,28.23,876271.0,1198651.1885271,1.3679001
Chad,2013,856.18,28.81,926775.0,1137430.9575,1.2273
Chad,2014,765.88,28.12,854658.0,994821.9119999999,1.164
Chad,2015,560.09,28.09,877150.0,1005301.6149999999,1.1461
Chad,2016,1009.39,27.6,943665.0,1200908.079,1.2726
Chad,2017,579.55,28.12,893206.0,1055233.6577206,1.1814001
Chad,2018,480.23,27.49,964776.0,1235781.6748776,1.2809001
Chad,2019,787.2,28.45,964620.0,1217832.75,1.2625
Chad,2020,791.39,27.26,941481.0,1132507.4949,1.2029
Chad,2021,928.48,27.97,928918.0,1043732.2647999999,1.1236
Chad,2022,776.38,27.68,943761.0,1057956.081,1.121
Chad,2023,735.09,27.81,927564.0,1025050.9763999999,1.1051
Chad,2024,872.56,28.03,985126.0,1253868.4713126,1.2728001
Comoros,1961,919.35,26.07,488386.0,510607.563,1.0455
Comoros,1962,733.76,25.78,522720.0,572482.996272,1.0952001
Comoros,1963,1174.26,24.61,523024.0,534635.1851024,1.0222001
Comoros,1964,1105.75,26.48,528614.0,549758.6128614,1.0400001
Comoros,1965,726.08,25.19,566776.0,607243.8064,1.0714
Comoros,1966,1000.72,25.97,536327.0,589959.7000000001,1.1
Comoros,1967,964.39,25.54,588578.0,643786.6752577999,1.0938001
Comoros,1968,1028.93,25.92,516904.0,565389.6468904,1.0938001
Comoros,1969,1069.17,25.75,611862.0,648940.8372,1.0606
Comoros,1970,1033.57,26.03,575239.0,610098.4834,1.0606
Comoros,1971,710.84,26.19,573523.0,608278.4937999999,1.0606
Comoros,1972,760.34,26.02,534888.0,566339.4678888,1.0588001
Comoros,1973,983.08,25.72,550905.0,582361.6755,1.0571
Comoros,1974,900.41,25.89,594240.0,627279.7440000001,1.0556
Comoros,1975,850.57,26.08,598041.0,629497.9566,1.0526
Comoros,1976,922.95,26.14,656692.0,689526.6656692,1.0500001
Comoros,1977,922.19,25.84,605374.0,647629.1657374,1.0698001
Comoros,1978,715.16,25.8,617003.0,617003.0,1.0
Comoros,1979,444.94,25.95,623707.0,623707.0,1.0
Comoros,1980,757.39,26.0,670477.0,670477.0,1.0
Comoros,1981,827.97,26.55,641068.0,641068.0,1.0
Comoros,1982,1036.45,26.46,606753.0,606753.0,1.0
Comoros,1983,690.88,25.79,677983.0,847478.75,1.25
Comoros,1984,904.78,26.29,662688.0,1143136.8,1.725
Comoros,1985,847.83,26.44,697832.0,1032233.0944000001,1.4792
Comoros,1986,929.59,25.81,681611.0,1133178.2875,1.6625
Comoros,1987,797.82,26.68,689810.0,1657268.662962,2.4025002
Comoros,1988,731.71,26.03,721903.0,1734155.3866,2.4022
Comoros,1989,620.82,25.98,695673.0,1672050.0555000002,2.4035
Comoros,1990,915.26,25.88,710428.0,1690818.64,2.38
Comoros,1991,996.62,26.59,682332.0,1595223.9827999999,2.3379
Comoros,1992,561.1,26.12,781876.0,1813717.7572,2.3197
Comoros,1993,497.4,26.81,717609.0,1651577.1135,2.3015
Comoros,1994,656.3,26.31,766036.0,1749166.6024,2.2834
Comoros,1995,676.75,26.17,737156.0,1669805.8449156,2.2652001
Comoros,1996,1140.94,26.69,735706.0,1651807.2583412002,2.2452002
Comoros,1997,663.9,27.2,751564.0,1635779.0459999999,2.1765
Comoros,1998,534.66,26.54,748941.0,1447553.3145882,1.9328002
Comoros,1999,924.01,26.73,822656.0,1794624.2285312,2.1815002
Comoros,2000,784.9,26.95,783130.0,1660862.338939,2.1208003
Comoros,2001,679.32,26.61,789474.0,1649606.0808948,2.0895002
Comoros,2002,691.59,26.61,819688.0,1712246.2632000002,2.0889
Comoros,2003,753.8,26.25,786743.0,1631075.5876,2.0732
Comoros,2004,712.69,26.61,833786.0,1715514.7783786,2.0575001
Comoros,2005,1067.88,27.09,834295.0,1703463.7812884997,2.0418003
Comoros,2006,796.43,26.58,787683.0,1595924.6838366,2.0261002
Comoros,2007,479.0,27.45,842174.0,1692264.5198174,2.0094001
Comoros,2008,895.57,26.96,828490.0,1649937.917849,1.9915001
Comoros,2009,796.54,26.69,850171.0,1677897.4856,1.9736
Comoros,2010,574.45,27.04,856635.0,1675321.0695,1.9557
Comoros,2011,659.75,27.74,862780.0,1671895.256556,1.9378002
Comoros,2012,605.11,26.68,889952.0,1708707.9289952,1.9200001
Comoros,2013,1039.35,26.46,873291.0,1661086.8984291,1.9021001
Comoros,2014,778.82,26.5,871359.0,1641814.7149359,1.8842001
Comoros,2015,808.85,27.15,934220.0,1743534.879422,1.8663001
Comoros,2016,949.9,26.29,943552.0,1744061.6111552,1.8484001
Comoros,2017,960.05,27.3,892084.0,1633048.9704,1.8306
Comoros,2018,766.72,27.06,934483.0,1685807.4254483,1.8040001
Comoros,2019,614.18,28.03,961869.0,1717128.5388,1.7852
Comoros,2020,876.11,26.77,984214.0,1738810.8738,1.7667
Comoros,2021,813.51,26.28,992590.0,1750234.145518,1.7633002
Comoros,2022,1061.01,27.91,937890.0,1640932.344,1.7496
Comoros,2023,805.33,26.71,946138.0,1640792.5196,1.7342
Comoros,2024,669.98,27.24,972161.0,1671825.2717,1.7197
Congo,1961,849.52,24.94,573415.0,430061.2844049,0.75000006
Congo,1962,673.28,24.37,520217.0,390162.78121302,0.75000006
Congo,1963,949.65,25.08,491954.0,501793.12919540005,1.0200001
Congo,1964,621.46,24.66,487190.0,487190.0,1.0
Congo,1965,1113.84,24.1,537346.0,537346.0,1.0
Congo,1966,604.99,24.79,541302.0,338313.75,0.625
Congo,1967,506.01,25.0,552112.0,345070.0,0.625
Congo,1968,856.08,25.09,584010.0,547509.4100406,0.93750006
Congo,1969,1018.66,24.95,529689.0,302664.32108445,0.57140005
Congo,1970,818.41,25.25,564232.0,322402.1930116,0.57140005
Congo,1971,697.05,24.7,524210.0,349490.8436947,0.66670007
Congo,1972,826.4,24.9,626762.0,417862.26927334,0.66670007
Congo,1973,898.75,24.44,573145.0,308638.58249999996,0.5385
Congo,1974,713.14,24.69,634126.0,383899.8804,0.6054
Congo,1975,738.02,24.53,591923.0,355153.8,0.6
Congo,1976,642.14,25.26,616153.0,369691.8,0.6
Congo,1977,891.22,25.41,602302.0,368066.7522,0.6111
Congo,1978,838.06,25.41,613984.0,236138.2464,0.3846
Congo,1979,756.98,25.73,619445.0,404993.141,0.6538
Congo,1980,656.31,25.12,675913.0,544515.5128,0.8056
Congo,1981,993.9,25.24,631601.0,606336.9852640401,0.96000004
Congo,1982,685.33,25.16,671223.0,382664.23230000003,0.5701
Congo,1983,642.24,24.86,663260.0,475292.11600000004,0.7166
Congo,1984,922.41,24.51,668292.0,437463.9432,0.6546
Congo,1985,831.56,25.77,718095.0,543167.09390475,0.75640005
Congo,1986,699.42,25.05,689789.0,577008.53298945,0.83650005
Congo,1987,782.86,25.7,709372.0,536143.3576,0.7558
Congo,1988,764.59,25.21,668441.0,527801.0136,0.7896
Congo,1989,783.31,25.27,711160.0,586209.2235579999,0.82430005
Congo,1990,921.48,24.77,735928.0,425660.82879279996,0.5784001
Congo,1991,1069.32,24.74,734462.0,439502.10486772,0.59840006
Congo,1992,801.04,25.28,717363.0,433358.98829999997,0.6041
Congo,1993,609.18,25.58,710038.0,428010.9064,0.6028
Congo,1994,778.02,25.42,734035.0,457964.4805421,0.62390006
Congo,1995,902.43,25.35,755375.0,576426.6625,0.7631
Congo,1996,656.52,25.66,775693.0,599222.87352772,0.77250004
Congo,1997,908.82,25.48,790154.0,610947.10440616,0.77320004
Congo,1998,692.92,25.28,783416.0,613023.02,0.7825
Congo,1999,734.36,25.58,780872.0,602286.5736,0.7713
Congo,2000,933.14,25.05,782705.0,626164.0,0.8
Congo,2001,907.46,25.65,824561.0,662122.5077368299,0.80300003
Congo,2002,919.11,25.69,798229.0,643372.61391145,0.80600005
Congo,2003,652.76,25.42,824483.0,672118.56633449,0.81520003
Congo,2004,758.77,25.1,850999.0,686075.3938000001,0.8062
Congo,2005,614.94,25.43,775393.0,627060.3191,0.8087
Congo,2006,882.4,25.09,814456.0,665736.36697824,0.81740004
Congo,2007,907.12,25.44,841151.0,665939.30558057,0.79170007
Congo,2008,946.4,25.28,791627.0,637180.6118813499,0.80490005
Congo,2009,817.91,25.67,876736.0,709717.8270694399,0.80950004
Congo,2010,928.96,25.59,898397.0,734349.74373588,0.81740004
Congo,2011,838.15,26.12,877667.0,727147.13583001,0.82850003
Congo,2012,826.21,25.4,878657.0,722168.24980599,0.82190007
Congo,2013,805.97,26.01,911898.0,751312.79867592,0.82390004
Congo,2014,821.35,26.27,915560.0,781888.2674668,0.85400003
Congo,2015,870.61,25.7,899545.0,781794.58648635,0.86910003
Congo,2016,795.62,25.99,965847.0,866268.23225082,0.89690006
Congo,2017,795.17,26.3,901068.0,838624.04166408,0.93070006
Congo,2018,715.04,26.44,975355.0,938291.6075355001,0.9620001
Congo,2019,921.0,25.52,922319.0,922319.0,1.0
Congo,2020,846.79,26.09,959630.0,959630.0,1.0
Congo,2021,1014.67,25.94,959305.0,959305.0,1.0
Congo,2022,451.79,26.45,946509.0,946509.0,1.0
Congo,2023,929.87,25.45,967395.0,967395.0,1.0
Congo,2024,920.06,26.34,983851.0,983851.0,1.0
Côte d'Ivoire,1961,831.5,26.3,506457.0,268118.36112285,0.52940005
Côte d'Ivoire,1962,940.38,25.87,544057.0,414734.65109999996,0.7623
Côte d'Ivoire,1963,768.6,26.65,534123.0,364004.8245,0.6815
Côte d'Ivoire,1964,682.56,25.63,517727.0,358733.06936362,0.69290006
Côte d'Ivoire,1965,884.55,26.49,478301.0,332419.21891505,0.69500005
Côte d'Ivoire,1966,671.85,26.68,535374.0,382417.66961496003,0.71430004
Côte d'Ivoire,1967,912.63,26.21,549730.0,425820.85799999995,0.7746
Côte d'Ivoire,1968,837.46,26.5,516668.0,354795.94143340003,0.68670005
Côte d'Ivoire,1969,740.2,26.58,548835.0,428530.3899534,0.78080004
Côte d'Ivoire,1970,831.0,26.68,547666.0,385885.48550664,0.70460004
Côte d'Ivoire,1971,944.26,26.83,614986.0,511729.86904958,0.83210003
Côte d'Ivoire,1972,963.45,25.55,553648.0,371829.99679999996,0.6716
Côte d'Ivoire,1973,859.7,26.88,590380.0,394728.06799999997,0.6686
Côte d'Ivoire,1974,807.63,27.18,603182.0,387061.88940000004,0.6417
Côte d'Ivoire,1975,756.91,27.01,581417.0,303325.2489,0.5217
Côte d'Ivoire,1976,701.77,25.97,574748.0,274039.85789496,0.47680002
Côte d'Ivoire,1977,969.84,26.26,625174.0,299833.47540696,0.47960004
Côte d'Ivoire,1978,692.2,26.91,639538.0,299367.76338152,0.46810004
Côte d'Ivoire,1979,786.18,25.95,626013.0,294789.54048039,0.47090003
Côte d'Ivoire,1980,953.41,27.11,655432.0,532210.81021728,0.81200004
Côte d'Ivoire,1981,920.89,26.61,649298.0,530021.97687894,0.81630003
Côte d'Ivoire,1982,595.1,26.56,613927.0,507656.27313562005,0.82690006
Côte d'Ivoire,1983,878.17,27.09,657230.0,489964.965,0.7455
Côte d'Ivoire,1984,547.03,26.96,679324.0,593661.28435944,0.87390006
Côte d'Ivoire,1985,785.93,27.31,651189.0,586460.8134,0.9006
Côte d'Ivoire,1986,842.49,27.64,665984.0,466188.8332992,0.70000005
Côte d'Ivoire,1987,696.19,26.85,713842.0,482914.113,0.6765
Côte d'Ivoire,1988,751.87,27.77,720241.0,503808.5795,0.6995
Côte d'Ivoire,1989,787.36,26.5,697115.0,487492.55435575,0.69930005
Côte d'Ivoire,1990,739.02,26.89,709596.0,844703.1493595999,1.1904001
Côte d'Ivoire,1991,979.88,26.53,726409.0,910408.4723409,1.2533001
Côte d'Ivoire,1992,941.21,27.39,718500.0,948060.82185,1.3195001
Côte d'Ivoire,1993,750.11,26.99,740142.0,1028205.2664,1.3892
Côte d'Ivoire,1994,926.27,27.11,771255.0,1128114.6885,1.4627
Côte d'Ivoire,1995,759.89,27.23,773086.0,1190552.5173086,1.5400001
Côte d'Ivoire,1996,676.15,27.3,784175.0,1271461.4234175,1.6214001
Côte d'Ivoire,1997,787.17,27.44,693825.0,1184359.3443825,1.7070001
Côte d'Ivoire,1998,695.97,27.32,776613.0,1395806.6225613,1.7973001
Côte d'Ivoire,1999,959.79,27.02,787645.0,1545517.0189999999,1.9622
Côte d'Ivoire,2000,1192.3,26.4,841003.0,1706142.7861000001,2.0287
Côte d'Ivoire,2001,613.99,27.28,810715.0,1700474.7125000001,2.0975
Côte d'Ivoire,2002,645.12,27.0,774308.0,1679241.7596,2.1687
Côte d'Ivoire,2003,773.16,27.69,809705.0,1815520.6319704999,2.2422001
Côte d'Ivoire,2004,972.8,27.54,799722.0,1778741.6724,2.2242
Côte d'Ivoire,2005,938.7,27.35,831615.0,1757867.787,2.1138
Côte d'Ivoire,2006,1001.18,27.89,893399.0,1890164.2643,2.1157
Côte d'Ivoire,2007,921.87,27.87,848335.0,1496717.5253335,1.7643001
Côte d'Ivoire,2008,911.87,26.83,896823.0,1821716.5599,2.0313
Côte d'Ivoire,2009,897.35,27.8,894774.0,1786505.7684,1.9966
Côte d'Ivoire,2010,879.85,28.06,889034.0,1760287.4089034,1.9800001
Côte d'Ivoire,2011,867.04,28.2,847110.0,1606882.959,1.8969
Côte d'Ivoire,2012,603.02,27.55,856497.0,1815773.7256497,2.1200001
Côte d'Ivoire,2013,633.99,27.65,860317.0,1847874.8843,2.1479
Côte d'Ivoire,2014,927.72,27.11,919836.0,1976819.8235508,2.1491003
Côte d'Ivoire,2015,756.59,27.55,856338.0,1764741.3503999999,2.0608
Côte d'Ivoire,2016,820.56,27.39,927410.0,1899892.3114820002,2.0486002
Côte d'Ivoire,2017,670.7,27.16,921255.0,1912801.8486255,2.0763001
Côte d'Ivoire,2018,680.42,26.86,933505.0,1955412.9235,2.0947
Côte d'Ivoire,2019,1026.43,28.0,922682.0,1869815.0729999999,2.0265
Côte d'Ivoire,2020,768.59,27.68,938836.0,2044127.8105672,2.1773002
Côte d'Ivoire,2021,967.91,27.55,968773.0,2044401.6619,2.1103
Côte d'Ivoire,2022,839.73,27.5,963106.0,2139058.6186212003,2.2210002
Côte d'Ivoire,2023,957.86,27.74,961258.0,2521091.3566,2.6227
Côte d'Ivoire,2024,934.46,28.24,996527.0,2554597.1638054,2.5635002
Democratic Republic of Congo,1961,1517.01,23.99,451922.0,309656.97247688,0.68520004
Democratic Republic of Congo,1962,1432.19,23.74,524993.0,363452.65390000003,0.6923
Democratic Republic of Congo,1963,1358.75,23.7,515513.0,350342.6348,0.6796
Democratic Republic of Congo,1964,1604.89,24.06,562457.0,382245.7772,0.6796
Democratic Republic of Congo,1965,1286.72,23.89,533275.0,362413.69,0.6796
Democratic Republic of Congo,1966,1629.69,24.49,527194.0,358808.2364,0.6806
Democratic Republic of Congo,1967,1722.96,25.01,561908.0,383951.7364,0.6833
Democratic Republic of Congo,1968,1248.2,23.44,569330.0,387144.4,0.68
Democratic Republic of Congo,1969,1613.14,24.01,564387.0,385194.1275,0.6825
Democratic Republic of Congo,1970,1652.44,24.32,579501.0,416893.04837504996,0.71940005
Democratic Republic of Congo,1971,1674.76,24.56,627989.0,450205.34549945,0.71690005
Democratic Republic of Congo,1972,1569.7,24.6,559650.0,409383.97500000003,0.7315
Democratic Republic of Congo,1973,1531.36,24.2,598253.0,433194.9973,0.7241
Democratic Republic of Congo,1974,1624.02,24.33,616713.0,448473.71210139,0.72720003
Democratic Republic of Congo,1975,1607.8,25.0,622922.0,457100.1636,0.7338
Democratic Republic of Congo,1976,1698.22,24.04,616532.0,448650.3672266,0.72770005
Democratic Republic of Congo,1977,1547.42,24.44,679503.0,491076.85887018,0.72270006
Democratic Republic of Congo,1978,1606.75,24.63,609312.0,431636.68173119996,0.7084001
Democratic Republic of Congo,1979,1661.41,24.31,642088.0,513670.4,0.8
Democratic Republic of Congo,1980,1596.36,24.2,665622.0,532164.8222811,0.79950005
Democratic Republic of Congo,1981,1363.15,24.76,645410.0,537884.758541,0.8334001
Democratic Republic of Congo,1982,1627.98,23.84,648396.0,549580.47553584,0.84760004
Democratic Republic of Congo,1983,1376.09,24.18,648561.0,538889.3997561,0.8309001
Democratic Republic of Congo,1984,1579.79,24.25,676515.0,573075.8565,0.8471
Democratic Republic of Congo,1985,1590.67,24.58,715166.0,572132.8,0.8
Democratic Republic of Congo,1986,1506.64,25.0,693372.0,554697.6,0.8
Democratic Republic of Congo,1987,1723.54,25.17,662772.0,563356.2,0.85
Democratic Republic of Congo,1988,1395.46,25.32,665648.0,538509.2320000001,0.809
Democratic Republic of Congo,1989,1370.36,25.05,695722.0,566317.708,0.814
Democratic Republic of Congo,1990,1462.82,24.73,721070.0,588825.762,0.8166
Democratic Republic of Congo,1991,1525.55,24.72,748562.0,606335.26491372,0.81000006
Democratic Republic of Congo,1992,1540.98,24.11,771231.0,626239.6028492401,0.81200004
Democratic Republic of Congo,1993,1320.25,25.08,749847.0,619148.69789388,0.82570004
Democratic Republic of Congo,1994,1665.58,25.09,764342.0,631805.0972,0.8266
Democratic Republic of Congo,1995,1317.95,25.38,785898.0,618187.3668,0.7866
Democratic Republic of Congo,1996,1702.05,24.95,790269.0,631741.1176269,0.7994001
Democratic Republic of Congo,1997,1708.18,25.29,753826.0,616478.9404913,0.81780005
Democratic Republic of Congo,1998,1510.73,25.96,736013.0,612289.25886078,0.83190006
Democratic Republic of Congo,1999,1701.29,25.12,800296.0,639436.5040000001,0.799
Democratic Republic of Congo,2000,1794.83,24.67,801354.0,640281.846,0.799
Democratic Republic of Congo,2001,1580.41,24.84,791197.0,632166.403,0.799
Democratic Republic of Congo,2002,1481.97,24.76,814280.0,634324.1525712,0.77900004
Democratic Republic of Congo,2003,1405.92,25.59,807210.0,628816.6222884,0.77900004
Democratic Republic of Congo,2004,1586.15,25.58,781423.0,608728.54825692,0.77900004
Democratic Republic of Congo,2005,1629.01,24.25,844581.0,657928.63278324,0.77900004
Democratic Republic of Congo,2006,1659.8,25.61,876405.0,682719.5300562,0.77900004
Democratic Republic of Congo,2007,1465.59,25.73,911404.0,709983.75245616,0.77900004
Democratic Republic of Congo,2008,1469.74,24.88,847802.0,660437.79191208,0.77900004
Democratic Republic of Congo,2009,1534.19,25.29,874019.0,680860.83596076,0.77900004
Democratic Republic of Congo,2010,1441.08,25.25,876954.0,701212.4184,0.7996
Democratic Republic of Congo,2011,1448.87,25.18,824510.0,641468.8294706,0.77800006
Democratic Republic of Congo,2012,1473.86,24.72,899509.0,699997.9307852701,0.77820003
Democratic Republic of Congo,2013,1363.14,25.57,914401.0,712592.72673203,0.77930003
Democratic Republic of Congo,2014,1500.57,24.97,928073.0,719906.25394219,0.77570003
Democratic Republic of Congo,2015,1662.14,25.53,901718.0,699282.3631030801,0.77550006
Democratic Republic of Congo,2016,1369.93,25.89,863530.0,667249.717353,0.7727001
Democratic Republic of Congo,2017,1650.23,25.95,961992.0,742561.68251952,0.77190006
Democratic Republic of Congo,2018,1691.14,25.21,893774.0,688384.8241774001,0.7702001
Democratic Republic of Congo,2019,1523.95,24.93,917530.0,706589.853,0.7701
Democratic Republic of Congo,2020,1383.19,24.9,910900.0,700573.1900000001,0.7691
Democratic Republic of Congo,2021,1568.93,25.38,997341.0,767653.41756705,0.76970005
Democratic Republic of Congo,2022,1546.69,26.11,965552.0,743861.3090776,0.77040005
Democratic Republic of Congo,2023,1517.36,24.45,921625.0,709374.80858125,0.76970005
Democratic Republic of Congo,2024,1802.89,25.33,973862.0,748899.9266931,0.76900005
Djibouti,1981,855.79,31.15,630799.0,1576997.5,2.5
Djibouti,1982,769.1,30.88,681053.0,1702632.5,2.5
Djibouti,1983,520.35,30.86,663448.0,1658620.0,2.5
Djibouti,1984,1045.64,30.02,664559.0,1550615.5147,2.3333
Djibouti,1985,429.25,30.48,709475.0,1241581.3209475,1.7500001
Djibouti,1986,861.68,30.48,665630.0,1109405.521,1.6667
Djibouti,1987,1032.87,30.24,695813.0,1043719.5695813,1.5000001
Djibouti,1988,660.11,31.29,689817.0,1061283.5234817,1.5385001
Djibouti,1989,730.52,30.91,707847.0,943772.4758847,1.3333001
Djibouti,1990,722.26,30.29,767297.0,1278853.9099,1.6667
Djibouti,1991,663.58,31.19,736681.0,1210588.0346362002,1.6433002
Djibouti,1992,692.15,31.42,686718.0,1131230.6300718,1.6473001
Djibouti,1993,956.2,30.37,742541.0,1226603.4779,1.6519
Djibouti,1994,818.59,30.76,755530.0,1252290.975,1.6575
Djibouti,1995,753.68,31.18,732617.0,1221052.7539000001,1.6667
Djibouti,1996,710.9,30.77,768398.0,1293444.4302398001,1.6833001
Djibouti,1997,806.97,30.59,780451.0,1330434.8197,1.7047
Djibouti,1998,810.09,30.74,745321.0,1286424.1205321,1.7260001
Djibouti,1999,748.34,31.22,798557.0,1412966.8356557,1.7694001
Djibouti,2000,971.13,30.73,807935.0,1481187.3162935,1.8333001
Djibouti,2001,373.45,31.28,787713.0,1350376.5534426,1.7143002
Djibouti,2002,873.35,31.0,857534.0,1429251.9178000002,1.6667
Djibouti,2003,953.15,30.53,786592.0,1311012.8864,1.6667
Djibouti,2004,459.42,31.76,824220.0,1367133.7140000002,1.6587
Djibouti,2005,1003.59,31.11,843277.0,1264915.5843277,1.5000001
Djibouti,2006,980.98,30.74,836878.0,1394824.5626,1.6667
Djibouti,2007,829.69,31.23,829736.0,1442247.1981736,1.7382001
Djibouti,2008,840.14,31.19,881153.0,1568981.1199153,1.7806001
Djibouti,2009,655.36,30.93,858023.0,1558770.3841,1.8167
Djibouti,2010,789.31,30.96,819030.0,1513813.2309029999,1.8483001
Djibouti,2011,1005.42,31.53,815965.0,1533443.1060965,1.8793001
Djibouti,2012,676.09,31.52,916539.0,1833078.0,2.0
Djibouti,2013,841.68,31.2,882797.0,1765594.0,2.0
Djibouti,2014,778.47,31.51,916728.0,1820988.5908728,1.9864001
Djibouti,2015,844.15,31.72,925657.0,1858348.9932000001,2.0076
Djibouti,2016,741.74,31.61,871027.0,1740486.1514,1.9982
Djibouti,2017,760.32,31.25,909351.0,1817519.8436999999,1.9987
Djibouti,2018,838.96,31.39,883523.0,1765455.6586,1.9982
Djibouti,2019,941.42,31.98,933161.0,1868748.2186000003,2.0026
Djibouti,2020,618.72,31.12,965955.0,1938768.2804999999,2.0071
Djibouti,2021,842.45,31.47,918595.0,1856572.3545000001,2.0211
Djibouti,2022,851.84,31.28,920209.0,1865631.7266000002,2.0274
Djibouti,2023,809.83,31.88,922108.0,1875752.0935999998,2.0342
Djibouti,2024,1019.37,31.26,922460.0,1882740.9522460003,2.0410001
Egypt,1961,99.94,22.02,513948.0,1234194.7272,2.4014
Egypt,1962,148.25,22.22,518697.0,1350686.9880000001,2.604
Egypt,1963,-232.7,22.58,544963.0,1407312.4512,2.5824
Egypt,1964,139.42,22.52,479565.0,1329162.449913,2.7716002
Egypt,1965,147.19,22.77,471369.0,1918613.2406999997,4.0703
Egypt,1966,166.48,22.28,531976.0,1909315.2743904,3.5891004
Egypt,1967,-59.76,22.66,540756.0,1865932.7076756,3.4506001
Egypt,1968,-373.87,21.46,559534.0,1964803.6969534,3.5115001
Egypt,1969,-342.18,22.06,521641.0,1973211.4107000001,3.7827
Egypt,1970,49.83,22.48,540715.0,2046011.4885,3.7839
Egypt,1971,166.62,22.45,561809.0,2054254.6084999999,3.6565
Egypt,1972,229.1,22.36,571961.0,2143252.2591999997,3.7472
Egypt,1973,147.43,21.91,556450.0,2006169.29629,3.6053002
Egypt,1974,-178.85,21.55,608594.0,2178279.6448,3.5792
Egypt,1975,238.38,22.78,639098.0,2311937.015,3.6175
Egypt,1976,325.74,21.51,638494.0,2448177.7357482,3.8343003
Egypt,1977,236.92,22.43,638139.0,2345097.0111000002,3.6749
Egypt,1978,-51.93,22.88,613298.0,2397933.9728596,3.9099002
Egypt,1979,77.0,22.88,625487.0,2321745.1953,3.7119
Egypt,1980,0.94,22.54,656517.0,2650096.5222,4.0366
Egypt,1981,-206.25,22.23,662678.0,2712738.8596034003,4.0936003
Egypt,1982,-182.36,23.2,657808.0,2708919.1248,4.1181
Egypt,1983,97.83,22.81,687051.0,2940097.3443,4.2793
Egypt,1984,20.11,22.52,683127.0,3043604.0358,4.4554
Egypt,1985,-220.86,23.44,670299.0,3073053.0635196003,4.5846004
Egypt,1986,316.16,22.96,694366.0,3465094.6498000002,4.9903
Egypt,1987,267.72,22.46,704166.0,3349788.0786,4.7571
Egypt,1988,-183.59,22.92,678278.0,3367650.27,4.965
Egypt,1989,69.54,22.54,709086.0,3815166.3144,5.3804
Egypt,1990,124.24,22.76,732618.0,4234751.8254,5.7803
Egypt,1991,142.53,23.15,722788.0,4260907.9724728,5.8951006
Egypt,1992,164.9,22.84,784629.0,4813385.063399999,6.1346
Egypt,1993,-105.28,22.29,786756.0,4781902.968,6.078
Egypt,1994,-58.78,22.79,706667.0,4173928.8475001003,5.9065003
Egypt,1995,5.42,23.3,728433.0,4489332.579,6.163
Egypt,1996,220.14,22.5,756017.0,5256056.9891,6.9523
Egypt,1997,-165.96,23.47,774825.0,5524347.5174475005,7.1298003
Egypt,1998,-14.24,22.7,720426.0,5205582.4363704,7.2257004
Egypt,1999,193.1,23.21,764354.0,5745954.9889062,7.5174003
Egypt,2000,11.58,22.55,768780.0,5904230.630634,7.6800003
Egypt,2001,25.92,23.21,821343.0,5732809.8714,6.9798
Egypt,2002,-96.19,22.87,787213.0,6113181.823849101,7.7656007
Egypt,2003,63.03,24.23,830178.0,6499712.9474712005,7.8293004
Egypt,2004,23.73,22.97,840823.0,6649817.2805115,7.9087005
Egypt,2005,155.38,23.68,816962.0,6666982.610362,8.160701
Egypt,2006,87.49,23.91,852849.0,7138773.407349001,8.370501
Egypt,2007,-170.77,24.11,814285.0,6551981.395500001,8.0463
Egypt,2008,190.91,23.12,809936.0,6402787.0608,7.9053
Egypt,2009,16.08,22.88,857227.0,6702143.9196908,7.8184004
Egypt,2010,27.64,24.08,836111.0,6078527.3880555,7.2700005
Egypt,2011,18.37,22.97,876460.0,6784589.214,7.7409
Egypt,2012,-175.94,23.52,898234.0,6981344.2978468,7.7723002
Egypt,2013,-136.19,23.84,884691.0,6831849.3093,7.7223
Egypt,2014,132.72,22.9,853406.0,6618676.000303,7.7556005
Egypt,2015,58.03,23.79,931583.0,6851420.7044332,7.3546004
Egypt,2016,72.66,23.79,918721.0,6988802.9784605,7.6071005
Egypt,2017,221.98,22.34,909605.0,7085368.1475,7.7895
Egypt,2018,293.05,22.67,967394.0,7271127.266497,7.5162005
Egypt,2019,243.79,23.87,948014.0,4693901.7182,4.9513
Egypt,2020,-108.92,24.19,926751.0,7207064.965075499,7.7767005
Egypt,2021,-2.42,23.62,931592.0,7292130.004996,7.8276005
Egypt,2022,-40.42,23.3,935227.0,7021965.1646681,7.5083003
Egypt,2023,93.34,23.83,977204.0,7449714.9871612,7.6235003
Egypt,2024,-244.2,24.17,1009296.0,7655812.9488,7.5853
Eritrea,1993,828.43,26.16,781654.0,180405.75883308,0.23080002
Eritrea,1994,1031.55,25.63,744569.0,572499.13388276,0.76890004
Eritrea,1995,1007.12,25.97,701168.0,236013.17684672,0.33660004
Eritrea,1996,559.3,27.16,764319.0,303740.38588638004,0.39740002
Eritrea,1997,524.57,26.82,750116.0,187153.942,0.2495
Eritrea,1998,898.8,25.93,807146.0,607942.4075573001,0.75320005
Eritrea,1999,789.67,26.24,769806.0,609686.39818836,0.79200006
Eritrea,2000,746.64,26.64,788249.0,185869.12208249,0.23580001
Eritrea,2001,750.47,26.07,781004.0,613166.2404,0.7851
Eritrea,2002,962.7,26.75,799375.0,165950.25799375,0.20760001
Eritrea,2003,777.57,26.8,844788.0,281736.82334364,0.33350003
Eritrea,2004,817.52,26.83,826046.0,198994.48966046,0.24090001
Eritrea,2005,1055.3,27.15,835311.0,409803.59330622,0.49060002
Eritrea,2006,912.36,25.88,867239.0,845991.6878619499,0.97550005
Eritrea,2007,678.85,26.71,867902.0,722181.28023706,0.83210003
Eritrea,2008,793.75,26.88,853330.0,181161.9760666,0.21230002
Eritrea,2009,881.17,26.91,877218.0,762214.77283308,0.86890006
Eritrea,2010,473.64,26.25,857419.0,771677.13429676,0.90000004
Eritrea,2011,831.14,27.11,896828.0,854139.0768828,0.9524001
Eritrea,2012,792.3,26.72,864573.0,905726.6748,1.0476
Eritrea,2013,906.83,26.9,915429.0,915429.0,1.0
Eritrea,2014,412.55,26.19,881272.0,834917.1809272,0.9474001
Eritrea,2015,891.83,26.37,901220.0,901220.0,1.0
Eritrea,2016,715.15,26.94,896841.0,896841.0,1.0
Eritrea,2017,773.79,26.39,900368.0,900368.0,1.0
Eritrea,2018,986.46,26.78,882262.0,882262.0,1.0
Eritrea,2019,1012.34,27.21,938361.0,938361.0,1.0
Eritrea,2020,611.95,27.89,971846.0,971846.0,1.0
Eritrea,2021,422.91,26.59,959150.0,959150.0,1.0
Eritrea,2022,798.78,27.05,968894.0,968894.0,1.0
Eritrea,2023,774.04,26.95,963501.0,963501.0,1.0
Eritrea,2024,1080.84,27.25,993074.0,993074.0,1.0
Eswatini,1961,658.37,20.95,461661.0,184710.57533322,0.40010002
Eswatini,1962,885.34,21.74,495180.0,211194.2799036,0.42650002
Eswatini,1963,487.19,20.81,527035.0,233687.33481105,0.44340003
Eswatini,1964,1274.82,21.7,533518.0,223010.524,0.418
Eswatini,1965,1016.47,21.18,508699.0,224336.259,0.441
Eswatini,1966,624.37,21.66,518057.0,208517.95804171,0.40250003
Eswatini,1967,878.85,21.42,561970.0,378262.00700000004,0.6731
Eswatini,1968,833.28,21.59,525319.0,279679.88813190005,0.5324001
Eswatini,1969,1124.07,21.34,550142.0,323263.4392,0.5876
Eswatini,1970,925.5,21.89,550366.0,341392.02979999996,0.6203
Eswatini,1971,596.24,21.37,588625.0,926142.6338625,1.5734001
Eswatini,1972,698.64,21.68,552914.0,962346.8722914,1.7405001
Eswatini,1973,909.66,21.95,570406.0,645699.6490405999,1.1320001
Eswatini,1974,1062.94,21.74,593969.0,919226.4244,1.5476
Eswatini,1975,967.17,21.18,582401.0,830154.4436401001,1.4254001
Eswatini,1976,983.41,21.48,640309.0,926911.3084,1.4476
Eswatini,1977,725.41,21.79,621147.0,792397.2279,1.2757
Eswatini,1978,771.06,21.79,639605.0,1143038.1594604999,1.7871001
Eswatini,1979,916.06,22.36,629395.0,577595.82296975,0.91770005
Eswatini,1980,979.3,21.64,683545.0,929416.1364999999,1.3597
Eswatini,1981,810.73,21.8,676188.0,1138362.498,1.6835
Eswatini,1982,706.36,20.73,684953.0,607416.3546476499,0.88680005
Eswatini,1983,793.97,21.56,676173.0,457633.88639999996,0.6768
Eswatini,1984,766.12,22.08,657047.0,1176114.1957047,1.7900001
Eswatini,1985,987.82,21.99,711577.0,1438808.694,2.022
Eswatini,1986,631.96,22.45,712773.0,1020120.7176,1.4312
Eswatini,1987,830.24,22.27,721993.0,894188.4026993,1.2385001
Eswatini,1988,832.14,22.01,665818.0,856907.8325818,1.2870001
Eswatini,1989,549.02,21.8,716567.0,730038.4596,1.0188
Eswatini,1990,751.04,21.85,707663.0,877714.4188999999,1.2403
Eswatini,1991,776.07,21.82,726797.0,734428.4411797,1.0105001
Eswatini,1992,936.64,22.53,744773.0,1149557.1999773,1.5435001
Eswatini,1993,812.88,21.85,737167.0,1016184.7832167,1.3785001
Eswatini,1994,710.76,22.15,743381.0,946547.0273000001,1.2733
Eswatini,1995,854.04,22.42,755756.0,1667575.614,2.2065
Eswatini,1996,805.53,22.18,739631.0,1314028.4346,1.7766
Eswatini,1997,1002.32,21.98,740241.0,1422595.2278241,1.9218001
Eswatini,1998,575.65,22.31,824326.0,1580892.5676652,1.9178002
Eswatini,1999,530.19,21.99,802105.0,1319944.0682105,1.6456001
Eswatini,2000,567.7,22.46,781268.0,1285654.6989268,1.6456001
Eswatini,2001,666.35,22.86,765277.0,1091820.6959000002,1.4267
Eswatini,2002,787.86,22.67,770747.0,767818.2384747,0.9962001
Eswatini,2003,596.82,22.91,783562.0,801975.7853562,1.0235001
Eswatini,2004,649.39,22.39,843396.0,1054245.0,1.25
Eswatini,2005,791.96,22.69,854012.0,1128149.9374012,1.3210001
Eswatini,2006,1167.59,22.41,865017.0,1236195.7947,1.4291
Eswatini,2007,1021.85,22.09,808380.0,446225.800419,0.55200005
Eswatini,2008,827.83,22.72,823108.0,818416.2844,0.9943
Eswatini,2009,1036.44,22.77,896526.0,1153739.3094,1.2869
Eswatini,2010,830.37,22.66,866847.0,1043683.8746847,1.2040001
Eswatini,2011,810.3,22.92,890047.0,1197291.3134047,1.3452001
Eswatini,2012,1218.55,23.15,892675.0,1193952.9017675,1.3375001
Eswatini,2013,828.21,22.59,925774.0,1268495.5348,1.3702
Eswatini,2014,397.26,23.55,902446.0,1232019.2792,1.3652
Eswatini,2015,990.73,22.62,873391.0,1101171.4601391,1.2608001
Eswatini,2016,782.25,22.96,939364.0,1150533.1211364,1.2248001
Eswatini,2017,917.5,22.65,919100.0,1138489.17,1.2387
Eswatini,2018,818.19,22.7,931292.0,1181716.4187999999,1.2689
Eswatini,2019,1155.1,23.0,925296.0,1181047.9069296,1.2764001
Eswatini,2020,676.89,22.35,972155.0,1243775.2042155,1.2794001
Eswatini,2021,916.52,23.76,938297.0,1340451.1880297,1.4286001
Eswatini,2022,737.4,22.61,944244.0,1498987.4444243999,1.5875001
Eswatini,2023,842.44,22.42,959470.0,1167866.884,1.2172
Eswatini,2024,892.8,23.11,986820.0,1057278.9479999999,1.0714
Ethiopia,1993,877.72,22.97,3162425.0,5491235.0862425,1.7364001
Ethiopia,1994,925.93,23.15,3329438.0,3740623.9259438,1.1235001
Ethiopia,1995,851.63,22.93,3301233.0,4486375.977123301,1.3590001
Ethiopia,1996,826.36,23.37,3403899.0,5727400.457400001,1.6826
Ethiopia,1997,868.84,23.32,3553888.0,6177012.7328,1.7381
Ethiopia,1998,603.31,23.78,3440965.0,5565761.2315965,1.6175001
Ethiopia,1999,767.92,22.87,3521812.0,6039907.58,1.715
Ethiopia,2000,801.86,22.94,3564941.0,5776630.7528941,1.6204001
Ethiopia,2001,1116.34,22.77,3583574.0,6245094.4098,1.7427
Ethiopia,2002,961.68,23.83,3439197.0,6449526.8219394,1.8753002
Ethiopia,2003,550.83,23.62,3773629.0,5780822.2651,1.5319
Ethiopia,2004,745.19,23.09,3443102.0,5554412.4907102,1.6132001
Ethiopia,2005,1192.23,23.5,3434329.0,6889263.973999999,2.006
Ethiopia,2006,859.01,23.85,3660065.0,9664035.626,2.6404
Ethiopia,2007,813.4,23.43,3767549.0,6868995.3368,1.8232
Ethiopia,2008,611.85,23.4,3601488.0,6783042.8593488,1.8834001
Ethiopia,2009,690.9,24.77,3757524.0,7458309.7633524,1.9849001
Ethiopia,2010,1146.82,23.26,3872835.0,8491579.1828505,2.1926003
Ethiopia,2011,731.89,22.74,3774895.0,8385174.6409895,2.2213001
Ethiopia,2012,789.02,22.99,4092731.0,10613679.3023,2.5933
Ethiopia,2013,1002.99,23.51,3954644.0,10836911.7441288,2.7403002
Ethiopia,2014,767.13,23.7,4121760.0,12160016.352,2.9502
Ethiopia,2015,832.21,23.05,3843183.0,10670598.3681366,2.7765002
Ethiopia,2016,741.62,23.73,4145902.0,12217144.8427804,2.9468002
Ethiopia,2017,901.25,23.93,3903503.0,12928011.9760503,3.3119001
Ethiopia,2018,764.28,23.52,4267896.0,14241115.3728,3.3368
Ethiopia,2019,781.39,23.2,4143158.0,15144071.950231599,3.6552002
Ethiopia,2020,628.7,23.75,4200524.0,15588985.5089048,3.7112002
Ethiopia,2021,870.32,23.68,4260395.0,14625936.035,3.433
Ethiopia,2022,1085.65,23.06,4362525.0,15218668.4625,3.4885
Ethiopia,2023,804.03,24.23,4267775.0,14549699.383554999,3.4092002
Ethiopia,2024,951.65,23.45,4532562.0,15608331.4097124,3.4436002
Gabon,1961,646.73,24.42,539109.0,833192.9595,1.5455
Gabon,1962,822.13,25.16,517878.0,800380.449,1.5455
Gabon,1963,856.13,24.86,500205.0,773066.8275,1.5455
Gabon,1964,868.93,24.37,553673.0,845624.8282672999,1.5273001
Gabon,1965,585.71,25.29,528207.0,806730.6039206999,1.5273001
Gabon,1966,618.54,25.04,500695.0,755598.8745695,1.5091001
Gabon,1967,603.6,24.72,519901.0,784582.6510901,1.5091001
Gabon,1968,786.11,25.23,569374.0,848879.6965999999,1.4909
Gabon,1969,730.73,25.68,555060.0,827538.9539999999,1.4909
Gabon,1970,575.35,24.68,549115.0,798687.8224115,1.4545001
Gabon,1971,761.61,24.88,551980.0,802854.965198,1.4545001
Gabon,1972,940.62,24.88,527865.0,772477.6937865,1.4634001
Gabon,1973,972.06,25.46,618496.0,921188.0042495999,1.4894001
Gabon,1974,866.2,25.32,626180.0,936640.1066180001,1.4958001
Gabon,1975,913.12,24.98,605722.0,845709.1169722,1.3962001
Gabon,1976,639.29,24.82,575312.0,852324.728,1.4815
Gabon,1977,930.97,25.3,640912.0,967008.0896912,1.5088001
Gabon,1978,717.5,25.86,591705.0,886610.8311705,1.4984001
Gabon,1979,922.33,25.44,563549.0,847070.5019,1.5031
Gabon,1980,995.25,25.39,625098.0,931146.0433098001,1.4896001
Gabon,1981,836.15,24.84,708803.0,992324.2708803,1.4000001
Gabon,1982,625.08,24.9,661307.0,964384.0642307,1.4583001
Gabon,1983,885.89,25.13,670729.0,1006093.5670729,1.5000001
Gabon,1984,775.71,25.91,680194.0,1028181.2504,1.5116
Gabon,1985,616.65,25.84,688564.0,994561.9104564,1.4444001
Gabon,1986,908.63,24.9,695536.0,1009222.8055536,1.4510001
Gabon,1987,709.79,25.89,671880.0,1059286.075188,1.5766001
Gabon,1988,746.38,25.95,714081.0,1149099.1452,1.6092
Gabon,1989,773.51,25.92,696254.0,1005808.5284000001,1.4446
Gabon,1990,865.03,25.08,739730.0,1166406.337973,1.5768001
Gabon,1991,803.75,25.68,718306.0,1214799.1072,1.6912
Gabon,1992,921.74,25.92,732407.0,1127687.0579000001,1.5397
Gabon,1993,814.23,25.55,736864.0,1166824.1439999999,1.5835
Gabon,1994,860.1,26.36,715841.0,1181352.4738840999,1.6503001
Gabon,1995,924.43,26.22,746384.0,1154730.7610384,1.5471001
Gabon,1996,711.1,26.44,794999.0,1256257.4992999001,1.5802001
Gabon,1997,879.03,25.4,835120.0,1293099.808,1.5484
Gabon,1998,900.95,25.7,782056.0,1228218.948,1.5705
Gabon,1999,764.21,26.71,795441.0,1261410.4968882,1.5858002
Gabon,2000,883.1,25.57,767897.0,1243071.8171794,1.6188002
Gabon,2001,813.46,26.37,819842.0,1249603.2583842,1.5242001
Gabon,2002,886.43,26.53,807881.0,1154138.8773881,1.4286001
Gabon,2003,750.81,26.68,790006.0,1202310.1314,1.5219
Gabon,2004,752.69,26.03,852718.0,1315061.6996,1.5422
Gabon,2005,734.18,25.53,799863.0,1242347.2116,1.5532
Gabon,2006,905.17,25.3,807902.0,1261135.1027902,1.5610001
Gabon,2007,795.81,26.14,850824.0,1403859.6850824,1.6500001
Gabon,2008,805.96,26.19,849973.0,1352392.1252973,1.5911001
Gabon,2009,1021.3,26.48,870959.0,1366186.2874,1.5686
Gabon,2010,785.97,25.8,895102.0,1408264.0661102,1.5733001
Gabon,2011,676.99,25.62,887032.0,1395833.5552,1.5736
Gabon,2012,650.14,25.21,863039.0,1358337.1684039,1.5739001
Gabon,2013,743.98,26.87,907337.0,1428239.1717,1.5741
Gabon,2014,843.67,25.95,898159.0,1407145.7053,1.5667
Gabon,2015,808.17,26.09,937332.0,1467205.8733331999,1.5653001
Gabon,2016,991.64,27.03,930325.0,1454005.0355325001,1.5629001
Gabon,2017,614.92,26.74,916536.0,1431812.6308536,1.5622001
Gabon,2018,632.42,26.55,910536.0,1420982.4816,1.5606
Gabon,2019,858.63,26.5,919485.0,1436143.7134484998,1.5619001
Gabon,2020,738.88,26.47,944751.0,1475039.9252502,1.5613002
Gabon,2021,921.27,26.8,960521.0,1499661.6294042,1.5613002
Gabon,2022,666.25,25.99,957656.0,1495379.9397656,1.5615001
Gabon,2023,686.32,27.02,950196.0,1483636.0344,1.5614
Gabon,2024,916.4,25.42,961220.0,1500848.9079999998,1.5614
Gambia,1961,751.9,27.2,460925.0,173492.1792185,0.37640002
Gambia,1962,1080.54,28.13,495820.0,154894.168,0.3124
Gambia,1963,1002.69,26.89,507194.0,154237.6954,0.3041
Gambia,1964,1101.58,27.88,513835.0,209336.379,0.4074
Gambia,1965,680.39,27.26,526427.0,214466.3598,0.4074
Gambia,1966,710.82,27.73,533688.0,355809.82695816,0.66670007
Gambia,1967,733.19,28.02,518916.0,596753.4518916,1.1500001
Gambia,1968,747.77,28.05,580120.0,667138.0580119999,1.1500001
Gambia,1969,879.99,27.25,533621.0,576310.68,1.08
Gambia,1970,765.46,27.16,542926.0,561005.4358000001,1.0333
Gambia,1971,691.65,27.69,606337.0,682129.125,1.125
Gambia,1972,743.37,27.98,552032.0,650183.2896,1.1778
Gambia,1973,535.5,27.89,611850.0,742969.5773700001,1.2143002
Gambia,1974,895.06,27.5,622849.0,664393.0283,1.0667
Gambia,1975,717.56,27.63,597376.0,716851.2,1.2
Gambia,1976,653.15,27.41,649581.0,695961.0833999999,1.0714
Gambia,1977,759.85,27.69,606103.0,684290.3476103,1.1290001
Gambia,1978,746.41,27.58,578960.0,808865.073896,1.3971001
Gambia,1979,750.82,27.63,602645.0,736552.7189999999,1.2222
Gambia,1980,765.69,27.8,565772.0,604131.3416,1.0678
Gambia,1981,743.36,28.18,678165.0,1115377.9755,1.6447
Gambia,1982,1191.6,27.8,643274.0,1163361.029,1.8085
Gambia,1983,813.47,28.46,698400.0,860359.0298400001,1.2319001
Gambia,1984,1198.52,28.01,728854.0,990293.9298,1.3587
Gambia,1985,709.03,28.18,675162.0,1065945.8331162,1.5788001
Gambia,1986,898.81,28.16,618142.0,967763.1152000001,1.5656
Gambia,1987,1030.38,28.11,705174.0,836900.5737174,1.1868001
Gambia,1988,570.24,28.2,727604.0,892697.4203604,1.2269001
Gambia,1989,1048.89,28.07,720123.0,969789.7161123,1.3467001
Gambia,1990,643.23,28.31,689498.0,830224.5418,1.2041
Gambia,1991,722.98,28.68,767693.0,905647.4321,1.1797
Gambia,1992,820.32,27.63,780044.0,1180830.6852044,1.5138001
Gambia,1993,882.59,28.08,749840.0,1219539.850984,1.6264001
Gambia,1994,1028.24,28.13,755790.0,954109.296,1.2624
Gambia,1995,1125.81,27.62,750341.0,969515.6811341001,1.2921001
Gambia,1996,668.74,28.63,776818.0,947329.6286818001,1.2195001
Gambia,1997,1142.7,28.03,749592.0,876498.0005592001,1.1693001
Gambia,1998,660.28,28.0,791409.0,1134880.506,1.434
Gambia,1999,869.07,28.35,809444.0,1290091.9281444,1.5938001
Gambia,2000,591.38,28.44,840942.0,1350384.8317884,1.6058002
Gambia,2001,1005.81,29.0,794111.0,1338235.8572,1.6852
Gambia,2002,648.19,28.15,825630.0,835950.375,1.0125
Gambia,2003,836.7,28.76,791742.0,1254831.9749742001,1.5849001
Gambia,2004,925.28,29.18,856636.0,1033959.6520000001,1.207
Gambia,2005,867.51,28.68,812001.0,853981.4517000001,1.0517
Gambia,2006,926.54,28.16,850738.0,760985.141,0.8945
Gambia,2007,561.67,28.72,846033.0,734948.8671,0.8687
Gambia,2008,521.22,28.24,860229.0,888616.5569999999,1.033
Gambia,2009,850.38,28.2,869649.0,1010706.0678,1.1622
Gambia,2010,872.58,28.51,868830.0,1086037.5,1.25
Gambia,2011,899.0,28.98,849221.0,793936.75536105,0.93490005
Gambia,2012,847.49,28.17,888633.0,945772.1907633,1.0643001
Gambia,2013,748.37,28.95,901067.0,898093.5239533499,0.99670005
Gambia,2014,800.93,29.08,870687.0,718490.9994687,0.8252001
Gambia,2015,710.5,29.44,908923.0,853933.1857676901,0.93950003
Gambia,2016,1008.17,28.73,936421.0,675159.541,0.721
Gambia,2017,893.9,29.09,889465.0,544886.2590000001,0.6126
Gambia,2018,1029.97,29.5,895762.0,462481.9206,0.5163
Gambia,2019,983.1,29.21,940655.0,432419.15053275,0.45970005
Gambia,2020,521.03,28.99,922415.0,549298.17862075,0.59550005
Gambia,2021,516.91,28.8,945927.0,1007223.1641927001,1.0648001
Gambia,2022,829.56,28.39,966278.0,791768.2898278,0.8194001
Gambia,2023,819.79,28.79,945996.0,762567.3756,0.8061
Gambia,2024,849.59,28.77,924262.0,861781.9350131,0.93240005
Ghana,1961,868.77,26.69,1061008.0,1011777.2818504,0.95360005
Ghana,1962,665.48,26.26,990380.0,919369.754,0.9283
Ghana,1963,542.21,27.12,1054709.0,953351.5705709,0.9039001
Ghana,1964,785.71,26.99,977380.0,834389.3450952,0.85370004
Ghana,1965,713.93,27.55,1085672.0,1309537.5664,1.2062
Ghana,1966,699.37,26.88,1127420.0,1806803.4047420002,1.6026001
Ghana,1967,993.58,27.3,1130017.0,1315339.788,1.164
Ghana,1968,974.59,27.75,1048628.0,1162823.6940628001,1.1089001
Ghana,1969,829.68,27.54,1162181.0,1283861.3507,1.1047
Ghana,1970,635.61,27.2,1083144.0,1152790.2675144002,1.0643001
Ghana,1971,1042.84,27.88,1116361.0,1200981.2754360999,1.0758001
Ghana,1972,802.86,26.86,1108831.0,1148527.2606831,1.0358001
Ghana,1973,759.22,27.17,1097596.0,1155219.79,1.0525
Ghana,1974,828.67,27.22,1189849.0,1360116.3919,1.1431
Ghana,1975,737.27,27.92,1139081.0,1223486.9021,1.0741
Ghana,1976,849.01,27.94,1187573.0,1239588.8161572998,1.0438001
Ghana,1977,800.17,27.24,1255916.0,1344207.0203916002,1.0703001
Ghana,1978,980.04,27.49,1194784.0,1270533.3055999998,1.0634
Ghana,1979,799.15,27.47,1227312.0,1302791.8107312,1.0615001
Ghana,1980,815.41,27.42,1243083.0,1079244.73518498,0.86820006
Ghana,1981,716.83,27.91,1350958.0,1372708.4238,1.0161
Ghana,1982,956.97,28.3,1391192.0,1290469.6992,0.9276
Ghana,1983,812.78,27.06,1303405.0,560464.15,0.43
Ghana,1984,581.79,27.79,1380365.0,1326944.8745000002,0.9613
Ghana,1985,1036.21,27.48,1336214.0,1347705.4404,1.0086
Ghana,1986,831.83,27.52,1326348.0,1571059.3386348,1.1845001
Ghana,1987,1042.01,27.92,1418961.0,1547660.7627,1.0907
Ghana,1988,754.87,26.93,1474108.0,2050041.9956,1.3907
Ghana,1989,902.25,27.26,1375594.0,1734624.0339999998,1.261
Ghana,1990,724.3,28.28,1424449.0,1693527.5585448998,1.1889001
Ghana,1991,875.58,27.89,1498783.0,2287142.858,1.526
Ghana,1992,559.61,28.25,1498471.0,1804159.2338471,1.2040001
Ghana,1993,880.43,27.93,1488087.0,2245820.9004,1.5092
Ghana,1994,740.75,28.45,1401270.0,2092516.6311269999,1.4933001
Ghana,1995,616.19,28.01,1520438.0,2283698.0280438,1.5020001
Ghana,1996,760.17,27.79,1489859.0,2257583.6406718,1.5153002
Ghana,1997,817.35,28.16,1505457.0,2301091.1750457,1.5285001
Ghana,1998,785.87,27.74,1495704.0,2221120.44,1.485
Ghana,1999,986.85,27.67,1605779.0,2337532.4903,1.4557
Ghana,2000,387.91,29.3,1548318.0,2257138.1352318,1.4578001
Ghana,2001,591.02,29.32,1562560.0,2054766.4,1.315
Ghana,2002,867.58,28.13,1652369.0,2462029.9752369,1.4900001
Ghana,2003,804.1,28.19,1724636.0,2806327.6992,1.6272
Ghana,2004,1007.52,28.26,1635593.0,2583255.7477593,1.5794001
Ghana,2005,748.65,28.84,1613918.0,2519810.4961836,1.5613002
Ghana,2006,697.6,27.9,1664579.0,2495869.9190578996,1.4994001
Ghana,2007,606.41,28.35,1696365.0,2618678.6505,1.5437
Ghana,2008,801.8,28.18,1664236.0,2890944.3556000004,1.7371
Ghana,2009,969.29,28.26,1687596.0,2863681.8211596,1.6969001
Ghana,2010,725.82,28.42,1718343.0,3243200.9218686,1.8874002
Ghana,2011,828.04,29.0,1705854.0,2807494.6837854,1.6458001
Ghana,2012,839.54,28.21,1726405.0,3230449.2086405,1.8712001
Ghana,2013,885.18,28.22,1831077.0,3156776.9311077,1.7240001
Ghana,2014,700.23,28.14,1804165.0,3119581.8819164997,1.7291001
Ghana,2015,694.62,28.39,1860024.0,3574594.3092024,1.9218001
Ghana,2016,730.63,28.13,1844960.0,3597672.0,1.95
Ghana,2017,899.45,29.06,1832931.0,3686390.8272,2.0112
Ghana,2018,705.45,29.17,1900053.0,4292029.721700001,2.2589
Ghana,2019,662.69,28.87,1876113.0,4749004.8368999995,2.5313
Ghana,2020,911.33,29.44,1842093.0,4757757.9846093,2.5828001
Ghana,2021,1132.45,28.56,1989296.0,5032919.2778592,2.5300002
Ghana,2022,547.25,27.63,1878968.0,4705687.459199999,2.5044
Ghana,2023,1029.37,29.35,1952690.0,5375951.229538,2.7531002
Ghana,2024,838.55,28.79,1897570.0,5260254.176514001,2.7721002
Guinea,1961,615.48,25.58,504647.0,563993.5376647,1.1176001
Guinea,1962,875.65,26.46,537809.0,569432.2229809,1.0588001
Guinea,1963,1018.52,25.61,506958.0,443588.28041748,0.87500006
Guinea,1964,782.72,25.22,539798.0,620443.8751798,1.1494001
Guinea,1965,839.38,26.44,501719.0,401375.2,0.8
Guinea,1966,690.73,25.37,543793.0,630092.9491000001,1.1587
Guinea,1967,962.05,26.13,557642.0,646139.7854,1.1587
Guinea,1968,797.72,25.76,574235.0,662552.4004235,1.1538001
Guinea,1969,773.28,25.58,560310.0,645757.275,1.1525
Guinea,1970,664.8,25.76,529007.0,609680.5675,1.1525
Guinea,1971,735.0,25.89,560473.0,645945.1325000001,1.1525
Guinea,1972,721.88,26.22,608426.0,702853.7152,1.1552
Guinea,1973,822.37,25.91,537336.0,617936.4537336,1.1500001
Guinea,1974,564.75,26.57,640044.0,747059.3568000001,1.1672
Guinea,1975,772.17,25.95,629255.0,723643.3129255,1.1500001
Guinea,1976,687.27,26.07,640607.0,736698.1140606999,1.1500001
Guinea,1977,699.57,26.18,614097.0,661321.1207097,1.0769001
Guinea,1978,790.73,26.51,613967.0,613967.0,1.0
Guinea,1979,893.51,26.69,664670.0,664670.0,1.0
Guinea,1980,1071.06,25.48,647256.0,647256.0,1.0
Guinea,1981,827.71,26.44,634146.0,704599.6840146,1.1111001
Guinea,1982,889.98,25.73,632939.0,703258.5861939,1.1111001
Guinea,1983,780.64,25.54,649185.0,721309.5184185,1.1111001
Guinea,1984,773.23,25.91,647924.0,684078.2239924,1.0558001
Guinea,1985,727.07,26.78,660610.0,734003.837061,1.1111001
Guinea,1986,814.22,26.09,634855.0,705387.4539855,1.1111001
Guinea,1987,860.69,27.11,690657.0,690657.0,1.0
Guinea,1988,968.29,26.46,723660.0,688924.32,0.952
Guinea,1989,517.51,26.66,720032.0,708871.5400015999,0.98450005
Guinea,1990,861.76,26.6,709712.0,722415.9157712001,1.0179001
Guinea,1991,721.35,27.19,724429.0,762606.4083,1.0527
Guinea,1992,687.81,26.35,764860.0,832550.11,1.0885
Guinea,1993,649.97,26.76,706619.0,795299.7551619,1.1255001
Guinea,1994,823.75,26.06,674611.0,785179.8103611,1.1639001
Guinea,1995,626.3,26.64,793831.0,955454.9916,1.2036
Guinea,1996,809.67,26.18,766915.0,954502.409,1.2446
Guinea,1997,853.83,26.43,737512.0,949178.0177512,1.2870001
Guinea,1998,566.99,25.98,772313.0,1027794.1404,1.3308
Guinea,1999,675.1,26.23,870059.0,1197288.2769058999,1.3761001
Guinea,2000,849.75,26.61,798129.0,1135737.6468129,1.4230001
Guinea,2001,540.84,26.39,805535.0,1162387.0855534999,1.4430001
Guinea,2002,768.67,26.44,827200.0,1213006.16272,1.4664001
Guinea,2003,891.75,26.93,787716.0,1173775.6116,1.4901
Guinea,2004,501.73,26.82,787872.0,1193074.6483872,1.5143001
Guinea,2005,781.19,27.32,820970.0,1263308.718097,1.5388001
Guinea,2006,735.75,27.56,828890.0,1296135.375889,1.5637001
Guinea,2007,882.67,27.39,856259.0,1360681.1769,1.5891
Guinea,2008,837.67,26.83,856382.0,924293.0926,1.0793
Guinea,2009,959.31,27.0,825422.0,1346923.7846844,1.6318002
Guinea,2010,940.72,26.57,888785.0,1449875.0593785,1.6313001
Guinea,2011,803.92,27.4,908789.0,1507135.6776,1.6584
Guinea,2012,920.66,26.89,927251.0,1131246.22,1.22
Guinea,2013,873.84,27.97,904563.0,1130703.75,1.25
Guinea,2014,901.77,27.49,949920.0,1170586.605984,1.2323002
Guinea,2015,971.34,26.48,878813.0,1098779.8939,1.2503
Guinea,2016,855.96,26.93,917861.0,1125756.5165,1.2265
Guinea,2017,893.45,27.35,931284.0,1257233.4000000001,1.35
Guinea,2018,729.43,26.92,869057.0,1163319.7002,1.3386
Guinea,2019,810.21,27.33,966644.0,1401633.8,1.45
Guinea,2020,899.39,26.93,958941.0,1361696.3158941,1.4200001
Guinea,2021,780.95,27.69,961214.0,1393760.3,1.45
Guinea,2022,1174.89,27.35,966047.0,1449070.5966047,1.5000001
Guinea,2023,874.43,26.98,977615.0,1476980.8397615,1.5108001
Guinea,2024,723.91,27.88,1021622.0,1472668.2151622002,1.4415001
Guinea-Bissau,1961,877.89,27.08,512010.0,341357.1028407,0.66670007
Guinea-Bissau,1962,917.47,26.49,534805.0,356554.53093635,0.66670007
Guinea-Bissau,1963,866.05,26.34,490606.0,327087.05454241997,0.66670007
Guinea-Bissau,1964,656.35,26.52,550689.0,458889.17123444995,0.83330005
Guinea-Bissau,1965,573.19,27.23,513503.0,427902.07557514997,0.83330005
Guinea-Bissau,1966,858.77,26.97,547058.0,364723.60689406,0.66670007
Guinea-Bissau,1967,734.07,26.41,546222.0,382355.4273111,0.70000005
Guinea-Bissau,1968,1136.96,26.58,586644.0,439983.03519863996,0.75000006
Guinea-Bissau,1969,674.27,26.36,549445.0,366315.01996115,0.66670007
Guinea-Bissau,1970,705.67,26.83,539412.0,359626.01815884,0.66670007
Guinea-Bissau,1971,777.36,27.46,579160.0,318538.0,0.55
Guinea-Bissau,1972,942.85,26.93,535750.0,306127.5767875,0.57140005
Guinea-Bissau,1973,1386.27,26.73,547492.0,410619.03284952,0.75000006
Guinea-Bissau,1974,786.22,27.77,587752.0,411426.4293876,0.70000005
Guinea-Bissau,1975,903.45,27.44,573474.0,382335.15594317997,0.66670007
Guinea-Bissau,1976,829.0,27.86,618970.0,386856.25,0.625
Guinea-Bissau,1977,548.39,27.52,602828.0,401905.46979795996,0.66670007
Guinea-Bissau,1978,742.66,26.96,619496.0,371697.6,0.6
Guinea-Bissau,1979,669.61,27.02,633131.0,422108.48201917,0.66670007
Guinea-Bissau,1980,975.56,27.92,658223.0,658223.0,1.0
Guinea-Bissau,1981,860.22,27.27,670638.0,544893.41523828,0.81250006
Guinea-Bissau,1982,874.13,27.25,632932.0,411405.82531728,0.65000004
Guinea-Bissau,1983,966.34,27.75,668670.0,417918.75,0.625
Guinea-Bissau,1984,613.02,27.67,706166.0,419321.3708,0.5938
Guinea-Bissau,1985,646.57,27.47,684682.0,456477.53732774,0.66670007
Guinea-Bissau,1986,656.87,26.58,680995.0,523821.354,0.7692
Guinea-Bissau,1987,916.9,27.8,692459.0,629514.4769,0.9091
Guinea-Bissau,1988,957.67,27.8,671569.0,836774.974,1.246
Guinea-Bissau,1989,606.16,27.58,755299.0,737398.45901794,0.97630006
Guinea-Bissau,1990,855.7,27.57,730956.0,780514.8168,1.0678
Guinea-Bissau,1991,732.85,27.7,687276.0,782532.4536,1.1386
Guinea-Bissau,1992,539.9,27.86,730564.0,695350.8517282,0.95180005
Guinea-Bissau,1993,784.84,27.69,765418.0,714900.412,0.934
Guinea-Bissau,1994,1007.86,27.68,735237.0,685829.11036185,0.93280005
Guinea-Bissau,1995,1048.19,27.36,747546.0,749564.4489546,1.0027001
Guinea-Bissau,1996,818.59,27.41,773443.0,723401.2765721501,0.93530005
Guinea-Bissau,1997,1057.52,27.59,766337.0,766337.0,1.0
Guinea-Bissau,1998,985.64,27.61,757856.0,757856.0,1.0
Guinea-Bissau,1999,749.21,28.11,786325.0,779248.1221795,0.99100006
Guinea-Bissau,2000,876.74,27.91,804387.0,794251.7640193499,0.98740005
Guinea-Bissau,2001,966.14,27.53,749522.0,727036.34,0.97
Guinea-Bissau,2002,1015.52,27.34,776456.0,1160102.9872456,1.4941001
Guinea-Bissau,2003,568.2,27.93,816163.0,933282.4721163,1.1435001
Guinea-Bissau,2004,519.36,27.8,822815.0,903286.3892814999,1.0978001
Guinea-Bissau,2005,446.83,27.79,848016.0,918062.1216,1.0826
Guinea-Bissau,2006,787.16,27.1,861262.0,904841.8572,1.0506
Guinea-Bissau,2007,969.58,28.08,822400.0,775441.009344,0.94290006
Guinea-Bissau,2008,931.86,27.52,833202.0,954932.8121999999,1.1461
Guinea-Bissau,2009,780.08,27.92,874740.0,865642.704,0.9896
Guinea-Bissau,2010,732.12,27.8,819100.0,857597.7,1.047
Guinea-Bissau,2011,869.19,28.41,910963.0,957331.1077963,1.0509001
Guinea-Bissau,2012,694.5,28.38,899769.0,941698.2354,1.0466
Guinea-Bissau,2013,707.27,27.81,916965.0,959695.569,1.0466
Guinea-Bissau,2014,730.45,28.25,894123.0,894123.0,1.0
Guinea-Bissau,2015,802.93,28.35,924866.0,792702.6486,0.8571
Guinea-Bissau,2016,603.22,27.4,881421.0,755465.9391,0.8571
Guinea-Bissau,2017,634.39,27.24,879160.0,879160.0,1.0
Guinea-Bissau,2018,763.89,28.29,898072.0,898072.0,1.0
Guinea-Bissau,2019,698.51,28.3,1010065.0,785830.6306039,0.77800006
Guinea-Bissau,2020,755.51,28.82,934261.0,764225.4979999999,0.818
Guinea-Bissau,2021,636.01,28.2,968571.0,800039.67505713,0.82600003
Guinea-Bissau,2022,977.55,28.63,976794.0,992813.5192794,1.0164001
Guinea-Bissau,2023,916.52,28.8,951304.0,1331825.6951304,1.4000001
Guinea-Bissau,2024,895.55,28.39,978831.0,978831.0,1.0
Kenya,1961,639.5,24.63,1901712.0,2383415.8397712,1.2533001
Kenya,1962,263.4,24.49,2375118.0,2902869.2196,1.2222
Kenya,1963,559.03,24.74,2084248.0,2605310.0,1.25
Kenya,1964,767.55,24.51,2163512.0,2534338.1731512,1.1714001
Kenya,1965,497.5,24.96,2375813.0,2545208.7044813,1.0713001
Kenya,1966,459.63,24.86,2278503.0,2458960.4376,1.0792
Kenya,1967,603.15,25.09,2284749.0,2741698.8,1.2
Kenya,1968,439.14,25.13,2243627.0,2812610.8072,1.2536
Kenya,1969,675.44,25.49,2517949.0,3208119.0726949,1.2741001
Kenya,1970,394.39,24.24,2363940.0,2895826.5,1.225
Kenya,1971,608.09,25.01,2369287.0,2884370.2307287003,1.2174001
Kenya,1972,611.87,25.08,2218081.0,2781030.4014161997,1.2538002
Kenya,1973,630.63,25.06,2543749.0,3280673.0853000004,1.2897
Kenya,1974,417.91,24.67,2494341.0,3354390.0262341,1.3448001
Kenya,1975,317.67,25.15,2711503.0,3833523.2125503,1.4138001
Kenya,1976,748.07,25.08,2653411.0,4338857.6672,1.6352
Kenya,1977,368.39,24.65,2656015.0,4318946.2571014995,1.6261001
Kenya,1978,1027.82,24.71,2533441.0,3687930.0637,1.4557
Kenya,1979,781.07,24.67,2677656.0,3480953.0677656,1.3000001
Kenya,1980,754.1,25.1,2810004.0,3372004.8,1.2
Kenya,1981,684.54,24.6,2796619.0,4414742.7534,1.5786
Kenya,1982,460.26,25.26,2810630.0,5821377.137063,2.0712001
Kenya,1983,716.98,25.57,2886639.0,5107042.007463899,1.7692001
Kenya,1984,773.93,25.48,2850161.0,4114777.7207161,1.4437001
Kenya,1985,689.9,25.4,2732141.0,4705293.2302,1.7222
Kenya,1986,631.23,25.39,2861207.0,5820553.4001,2.0343
Kenya,1987,431.46,25.2,2886137.0,4955208.9039137,1.7169001
Kenya,1988,458.42,26.0,3012685.0,5733139.8562685,1.9030001
Kenya,1989,583.42,26.04,2905092.0,5381973.729709201,1.8526001
Kenya,1990,497.31,24.75,3126405.0,5187018.5355,1.6591
Kenya,1991,391.23,25.88,3012722.0,5519607.9762,1.8321
Kenya,1992,717.57,25.45,3113138.0,5376700.6398,1.7271
Kenya,1993,602.48,25.8,2922524.0,4544232.5676,1.5549
Kenya,1994,923.8,25.05,3321533.0,6775927.984306601,2.0400002
Kenya,1995,706.79,25.56,3087180.0,5791241.270718,1.8759001
Kenya,1996,537.61,26.3,3140912.0,4556206.947199999,1.4506
Kenya,1997,617.31,25.8,3149337.0,4633619.8430337,1.4713001
Kenya,1998,709.12,25.62,3412249.0,5697432.1553,1.6697
Kenya,1999,712.53,25.11,3325225.0,4926986.215022501,1.4817001
Kenya,2000,548.18,25.36,3232374.0,4654618.56,1.44
Kenya,2001,355.62,25.79,3474615.0,5911015.038,1.7012
Kenya,2002,332.44,25.18,3355712.0,5075850.3067712,1.5126001
Kenya,2003,481.0,26.24,3465253.0,5622026.4672,1.6224
Kenya,2004,737.53,25.75,3412903.0,6584514.4404806,1.9293002
Kenya,2005,536.62,25.62,3477798.0,5705327.9667798,1.6405001
Kenya,2006,731.07,25.59,3604971.0,6199468.6287,1.7197
Kenya,2007,746.89,25.96,3483328.0,6315970.3296,1.8132
Kenya,2008,704.64,26.1,3553396.0,4948103.930000001,1.3925
Kenya,2009,748.41,25.21,3562066.0,4610382.3800066,1.2943001
Kenya,2010,877.35,26.65,3669736.0,6330661.573600001,1.7251
Kenya,2011,436.58,25.79,3850680.0,6099477.5050679995,1.5840001
Kenya,2012,502.65,25.99,3715092.0,6451628.7672,1.7366
Kenya,2013,675.05,25.94,3842929.0,6503004.8380929,1.6922001
Kenya,2014,586.12,26.58,3754265.0,6232830.753,1.6602
Kenya,2015,464.21,25.71,3727200.0,6794685.97272,1.8230001
Kenya,2016,435.86,25.92,3812136.0,5445255.062399999,1.4284
Kenya,2017,593.51,26.24,3625036.0,5536154.9792,1.5272
Kenya,2018,784.46,25.5,3987812.0,7040881.265981199,1.7656001
Kenya,2019,527.89,25.99,3948181.0,6159162.7548181,1.5600001
Kenya,2020,555.82,26.27,3983997.0,7068009.476099701,1.7741001
Kenya,2021,481.7,25.67,3855731.0,5875363.283373101,1.5238001
Kenya,2022,590.01,26.03,4083315.0,5954698.6728315,1.4583001
Kenya,2023,629.41,25.7,4196510.0,7400126.153651,1.7634001
Kenya,2024,577.27,26.27,4052357.0,6752037.233399999,1.6662
Lesotho,1961,882.45,12.15,489360.0,398730.528,0.8148
Lesotho,1962,823.67,11.56,497390.0,405273.372,0.8148
Lesotho,1963,686.25,11.69,553934.0,451345.42319999996,0.8148
Lesotho,1964,664.8,12.43,541405.0,441136.794,0.8148
Lesotho,1965,926.55,11.92,527259.0,374195.73866295,0.70970005
Lesotho,1966,365.99,11.51,554511.0,431742.28678044,0.77860004
Lesotho,1967,564.24,11.48,572006.0,425114.89352036006,0.74320006
Lesotho,1968,697.55,12.21,579250.0,395164.407925,0.6822001
Lesotho,1969,800.74,11.65,563274.0,404092.8239274,0.7174001
Lesotho,1970,802.74,12.2,580198.0,298569.8908,0.5146
Lesotho,1971,760.23,11.95,543532.0,297909.88920000003,0.5481
Lesotho,1972,916.28,11.59,621429.0,333334.5156,0.5364
Lesotho,1973,1059.11,12.12,583719.0,355309.77864876,0.60870004
Lesotho,1974,1006.45,12.32,602183.0,568942.4984,0.9448
Lesotho,1975,876.39,12.38,632489.0,412256.35549956,0.65180004
Lesotho,1976,906.96,12.44,602372.0,348893.86240000004,0.5792
Lesotho,1977,718.98,11.67,606732.0,951113.0832000001,1.5676
Lesotho,1978,670.13,11.84,647241.0,911315.3927241,1.4080001
Lesotho,1979,857.2,12.61,634529.0,705723.1538000001,1.1122
Lesotho,1980,706.29,12.26,693682.0,663923.06301046,0.95710003
Lesotho,1981,978.8,12.0,652380.0,552370.211238,0.8467001
Lesotho,1982,704.64,12.67,641085.0,465748.27173255,0.72650003
Lesotho,1983,737.65,12.66,644834.0,474597.86269003997,0.73600006
Lesotho,1984,1002.85,11.99,658002.0,447441.36000000004,0.68
Lesotho,1985,845.91,12.91,653902.0,511482.17055608,0.78220004
Lesotho,1986,805.76,12.26,720647.0,510866.67991941003,0.70890003
Lesotho,1987,899.42,13.2,653553.0,435527.7845553,0.6664001
Lesotho,1988,865.92,12.36,677924.0,625113.7204,0.9221
Lesotho,1989,669.9,12.56,717301.0,751444.5276,1.0476
Lesotho,1990,434.57,12.97,743980.0,818378.0000000001,1.1
Lesotho,1991,911.81,13.51,732307.0,396031.64756921,0.54080003
Lesotho,1992,624.51,12.79,687218.0,398036.6656,0.5792
Lesotho,1993,662.0,12.88,740581.0,657265.67452905,0.88750005
Lesotho,1994,910.85,12.94,693842.0,598716.3311842,0.8629001
Lesotho,1995,930.47,12.64,794759.0,645821.1634,0.8126
Lesotho,1996,879.08,12.75,776839.0,970271.9886839,1.2490001
Lesotho,1997,890.95,12.72,778359.0,767228.5441359,0.9857001
Lesotho,1998,878.2,12.45,765741.0,1008557.4711,1.3171
Lesotho,1999,858.88,12.77,835613.0,786311.86642452,0.94100004
Lesotho,2000,888.02,12.83,817721.0,553842.46600884,0.67730004
Lesotho,2001,796.68,13.3,808098.0,720257.7474,0.8913
Lesotho,2002,954.02,12.44,793164.0,641511.07492656,0.80880004
Lesotho,2003,715.33,13.1,828864.0,533705.56275456,0.64390004
Lesotho,2004,614.02,13.24,846917.0,537538.27071502,0.63470006
Lesotho,2005,1023.72,12.66,797600.0,559197.36,0.7011
Lesotho,2006,479.99,13.56,827959.0,460924.81669795,0.55670005
Lesotho,2007,871.92,12.49,820556.0,400185.2022278,0.48770005
Lesotho,2008,599.79,12.37,868494.0,377708.05796988,0.43490002
Lesotho,2009,869.47,12.95,862764.0,358823.56485528,0.41590002
Lesotho,2010,1107.07,12.78,879533.0,797824.3843,0.9071
Lesotho,2011,1140.78,12.6,881294.0,559092.97529058,0.63440007
Lesotho,2012,1003.85,13.36,851210.0,591761.192,0.6952
Lesotho,2013,830.07,12.61,906179.0,745513.4633,0.8227
Lesotho,2014,932.66,12.83,934351.0,634050.5886,0.6786
Lesotho,2015,861.62,13.47,908353.0,596878.7563,0.6571
Lesotho,2016,879.11,12.7,892574.0,417724.64985148003,0.46800002
Lesotho,2017,683.33,12.85,924610.0,962426.641461,1.0409001
Lesotho,2018,742.1,13.09,923127.0,801643.5237250801,0.86840004
Lesotho,2019,785.4,12.59,947499.0,728437.2312,0.7688
Lesotho,2020,923.2,13.48,967040.0,441840.6050112,0.45690003
Lesotho,2021,821.23,12.93,923219.0,946484.1187999999,1.0252
Lesotho,2022,620.4,13.39,933406.0,751018.4676,0.8046
Lesotho,2023,872.92,13.15,931024.0,792115.25644096,0.85080004
Lesotho,2024,1133.19,13.31,981354.0,620902.6758000001,0.6327
Libya,1961,492.23,22.27,475662.0,731806.0345662,1.5385001
Libya,1962,194.44,21.17,541887.0,583558.1644887,1.0769001
Libya,1963,4.67,21.25,479349.0,589982.8450698,1.2308002
Libya,1964,107.36,21.84,580033.0,535428.4623,0.9231
Libya,1965,133.27,22.17,537213.0,699075.3843426,1.3013002
Libya,1966,32.98,21.45,503602.0,501990.4736,0.9968
Libya,1967,164.34,21.98,566698.0,404225.71173489996,0.71330005
Libya,1968,132.77,21.35,540893.0,430929.48555358005,0.79670006
Libya,1969,260.23,21.49,567609.0,830639.0673609001,1.4634001
Libya,1970,-8.95,22.47,562749.0,586947.2632749,1.0430001
Libya,1971,32.06,22.02,571546.0,686655.3644,1.2014
Libya,1972,-18.9,22.49,555671.0,691476.9924,1.2444
Libya,1973,177.06,21.62,552958.0,826672.2652957999,1.4950001
Libya,1974,-22.86,22.37,614905.0,1010350.4055,1.6431
Libya,1975,-37.11,22.45,618248.0,738991.8962248,1.1953001
Libya,1976,20.58,22.33,594792.0,656769.3264,1.1042
Libya,1977,246.04,21.97,640528.0,692218.6096,1.0807
Libya,1978,232.52,21.9,675747.0,738726.6204,1.0932
Libya,1979,289.96,22.64,635375.0,683155.2,1.0752
Libya,1980,-60.45,22.78,682829.0,648687.58414145,0.95000005
Libya,1981,-13.64,22.66,688462.0,702506.6248,1.0204
Libya,1982,133.6,22.72,665078.0,678645.5912,1.0204
Libya,1983,-16.94,22.68,698631.0,712883.0724,1.0204
Libya,1984,148.54,22.12,678918.0,692767.9272,1.0204
Libya,1985,-20.67,22.19,663424.0,678152.0791424001,1.0222001
Libya,1986,22.63,21.91,695260.0,738713.75,1.0625
Libya,1987,313.5,22.73,701335.0,720060.6444999999,1.0267
Libya,1988,-110.78,22.77,683160.0,705909.2280000001,1.0333
Libya,1989,-16.88,22.19,693860.0,735491.6693859999,1.0600001
Libya,1990,136.91,21.98,721024.0,721024.0,1.0
Libya,1991,114.47,22.45,724461.0,907387.4025,1.2525
Libya,1992,58.78,22.47,734421.0,944245.0797,1.2857
Libya,1993,232.72,22.72,744679.0,984167.8408678999,1.3216001
Libya,1994,252.88,22.43,722035.0,925432.2595,1.2817
Libya,1995,216.73,22.55,780058.0,1068367.4368,1.3696
Libya,1996,204.61,22.67,774710.0,815459.7459999999,1.0526
Libya,1997,-19.4,22.89,751164.0,1314537.0751164001,1.7500001
Libya,1998,-76.55,22.4,749024.0,1348243.2749024,1.8000001
Libya,1999,271.19,22.61,811693.0,1623386.0,2.0
Libya,2000,146.81,23.0,776807.0,2244972.23,2.89
Libya,2001,-99.97,22.98,762867.0,1525734.0,2.0
Libya,2002,181.15,22.84,802071.0,1203106.5802071001,1.5000001
Libya,2003,7.35,22.35,832351.0,1248526.5832351001,1.5000001
Libya,2004,-15.16,22.9,767609.0,1842261.5999999999,2.4
Libya,2005,320.26,22.37,845878.0,2030107.2,2.4
Libya,2006,-7.95,22.68,844812.0,1879369.0286436002,2.2246003
Libya,2007,194.19,23.0,842990.0,1875315.8068970002,2.2246003
Libya,2008,49.68,22.77,851332.0,1898385.3119332,2.2299001
Libya,2009,-72.53,22.91,848971.0,2104599.109,2.479
Libya,2010,-49.42,23.09,843471.0,1630682.5686471001,1.9333001
Libya,2011,-27.32,22.72,856438.0,1853588.9346876,2.1643002
Libya,2012,-49.69,22.95,883947.0,1931512.8548841001,2.1851003
Libya,2013,-0.24,23.34,890827.0,1781654.0,2.0
Libya,2014,-232.24,23.39,929170.0,1949677.5968340002,2.0983002
Libya,2015,-77.6,23.03,922438.0,2111183.8506,2.2887
Libya,2016,27.8,24.16,920023.0,1961673.0406000002,2.1322
Libya,2017,318.61,23.79,917963.0,2001985.5066999998,2.1809
Libya,2018,157.01,23.76,907634.0,2065412.1119267999,2.2756002
Libya,2019,16.68,23.08,884618.0,2021175.2064000003,2.2848
Libya,2020,164.23,23.4,929682.0,1998165.5226000003,2.1493
Libya,2021,134.07,23.2,918076.0,2007097.8430076002,2.1862001
Libya,2022,125.35,22.54,968095.0,2157496.8074285,2.2286003
Libya,2023,-60.2,23.0,991944.0,2246753.16,2.265
Libya,2024,18.43,23.66,992984.0,2203232.8992,2.2188
Madagascar,1961,1119.32,22.96,447792.0,662732.16,1.48
Madagascar,1962,735.36,21.7,539207.0,700969.1539207001,1.3000001
Madagascar,1963,820.95,22.28,533938.0,608689.3733938,1.1400001
Madagascar,1964,653.85,22.95,557862.0,581180.6873862,1.0418001
Madagascar,1965,765.77,22.65,553558.0,527264.0226779,0.95250005
Madagascar,1966,757.98,23.02,502871.0,529623.7372,1.0532
Madagascar,1967,847.78,22.62,571888.0,610032.9296,1.0667
Madagascar,1968,850.17,23.9,538712.0,552880.1794712,1.0263001
Madagascar,1969,1057.28,23.06,574577.0,593078.3794,1.0322
Madagascar,1970,834.48,22.84,528462.0,540986.6022462,1.0237001
Madagascar,1971,747.0,22.35,557250.0,530947.8222899999,0.95280004
Madagascar,1972,915.92,23.05,573990.0,564289.569,0.9831
Madagascar,1973,797.56,23.81,564804.0,575365.8348,1.0187
Madagascar,1974,1000.19,23.27,596867.0,624322.882,1.046
Madagascar,1975,714.57,22.86,626711.0,686812.5849,1.0959
Madagascar,1976,1072.79,23.0,604861.0,718574.9284861,1.1880001
Madagascar,1977,850.42,22.69,592300.0,626001.87,1.0569
Madagascar,1978,876.2,23.11,631860.0,596096.787186,0.9434001
Madagascar,1979,754.2,22.44,609021.0,611396.1819,1.0039
Madagascar,1980,1041.14,22.61,685578.0,683864.09613468,0.99750006
Madagascar,1981,787.1,23.51,603575.0,570981.974143,0.94600004
Madagascar,1982,734.89,23.85,652529.0,632757.39740116,0.96970004
Madagascar,1983,828.8,23.21,658036.0,688239.9182036001,1.0459001
Madagascar,1984,835.99,23.42,678973.0,724735.8480972999,1.0674001
Madagascar,1985,654.82,23.66,724711.0,725725.6678710999,1.0014001
Madagascar,1986,786.88,22.82,705139.0,728408.5869999999,1.033
Madagascar,1987,642.55,23.4,698053.0,788450.8635,1.1295
Madagascar,1988,750.46,22.99,725420.0,746384.6379999999,1.0289
Madagascar,1989,935.38,22.47,660486.0,700115.2260485999,1.0600001
Madagascar,1990,905.99,24.08,683508.0,673118.70574032,0.98480004
Madagascar,1991,740.83,23.11,732960.0,708552.5052959999,0.9667001
Madagascar,1992,650.72,23.09,723156.0,587564.29338936,0.81250006
Madagascar,1993,696.27,23.79,744028.0,667541.9588014,0.89720005
Madagascar,1994,899.55,24.17,729537.0,689485.4187,0.9451
Madagascar,1995,777.8,22.86,779992.0,750976.2976,0.9628
Madagascar,1996,749.37,23.59,758025.0,704887.48540125,0.92990005
Madagascar,1997,885.21,23.34,727009.0,681062.0312,0.9368
Madagascar,1998,742.18,23.48,749625.0,622638.525,0.8306
Madagascar,1999,1020.3,23.96,787838.0,721817.20711352,0.91620004
Madagascar,2000,851.79,23.79,815079.0,720366.8202000001,0.8838
Madagascar,2001,850.88,23.51,818528.0,760412.512,0.929
Madagascar,2002,613.52,23.37,840999.0,743863.6155,0.8845
Madagascar,2003,413.01,23.47,791200.0,1286095.67912,1.6255001
Madagascar,2004,820.23,22.98,837340.0,1488706.8697340002,1.7779001
Madagascar,2005,581.37,23.42,837615.0,1295287.9197615,1.5464001
Madagascar,2006,776.31,23.63,868206.0,1379666.1546,1.5891
Madagascar,2007,920.85,23.41,830247.0,1344253.0007247,1.6191001
Madagascar,2008,507.88,24.33,828046.0,1371989.4174,1.6569
Madagascar,2009,721.28,23.06,818021.0,1327239.1543021,1.6225001
Madagascar,2010,881.54,23.87,877673.0,1367151.2321000001,1.5577
Madagascar,2011,867.53,24.02,895172.0,1383488.3260000001,1.5455
Madagascar,2012,840.87,24.07,874481.0,1450851.4271,1.6591
Madagascar,2013,932.1,24.34,870613.0,1443563.4153,1.6581
Madagascar,2014,878.86,23.66,880082.0,1481354.0224000001,1.6832
Madagascar,2015,1117.71,23.25,930632.0,1595289.3743999999,1.7142
Madagascar,2016,900.7,23.75,903484.0,1563840.4556,1.7309
Madagascar,2017,777.44,24.27,910574.0,1584945.1954574,1.7406001
Madagascar,2018,588.96,23.47,892846.0,1563909.0536,1.7516
Madagascar,2019,720.81,24.13,913347.0,1585844.4874347,1.7363001
Madagascar,2020,542.1,23.15,984632.0,1747229.5824632,1.7745001
Madagascar,2021,752.93,24.05,965957.0,1761229.4946957,1.8233001
Madagascar,2022,788.66,24.25,960651.0,1733686.8597,1.8047
Madagascar,2023,686.95,24.58,974535.0,1772386.9019535,1.8187001
Madagascar,2024,768.84,24.06,970067.0,1777841.7909,1.8327
Malawi,1961,668.92,22.02,1549519.0,1578649.9571999998,1.0188
Malawi,1962,807.66,23.21,1629519.0,1731363.9375,1.0625
Malawi,1963,760.36,22.45,1548454.0,1389582.7744454,0.8974001
Malawi,1964,815.16,22.83,1730321.0,1939863.0461321,1.1211001
Malawi,1965,690.01,22.06,1748885.0,1525902.2674331001,0.87250006
Malawi,1966,875.92,22.11,1815944.0,1691370.35055664,0.93140006
Malawi,1967,1069.01,22.68,1738273.0,2555087.6565273,1.4699001
Malawi,1968,674.0,21.92,1965509.0,2004229.5273000002,1.0197
Malawi,1969,809.04,22.07,1678549.0,1662435.0974549,0.9904001
Malawi,1970,917.06,22.1,1744349.0,1569914.16977396,0.90000004
Malawi,1971,792.98,22.97,1919082.0,2264900.5763999997,1.1802
Malawi,1972,904.85,23.3,1769203.0,2106944.0296203,1.1909001
Malawi,1973,971.43,21.5,1992163.0,2220465.0790163004,1.1146001
Malawi,1974,947.27,22.24,1816798.0,2095131.4536,1.1532
Malawi,1975,632.84,22.15,1925897.0,1925897.0,1.0
Malawi,1976,803.96,21.7,2063986.0,2266256.628,1.098
Malawi,1977,908.03,22.13,1921117.0,2537795.7491117,1.3210001
Malawi,1978,732.71,21.92,1957601.0,2422335.4774,1.2374
Malawi,1979,572.36,22.82,2039165.0,2446590.3709165,1.1998001
Malawi,1980,846.11,22.12,2014022.0,2463551.7104,1.2232
Malawi,1981,821.0,21.78,2081802.0,2356183.5036,1.1318
Malawi,1982,1037.5,22.76,2087008.0,2460999.8336,1.1792
Malawi,1983,984.34,21.79,1932793.0,2263300.603,1.171
Malawi,1984,731.17,22.59,2145236.0,2555190.5996000003,1.1911
Malawi,1985,824.32,21.89,2107733.0,2494502.0055,1.1835
Malawi,1986,824.91,22.98,2232204.0,2421718.1196,1.0849
Malawi,1987,648.85,22.3,2268669.0,2305875.3984669,1.0164001
Malawi,1988,608.55,22.34,2282070.0,2674129.854207,1.1718001
Malawi,1989,1004.34,22.16,2472124.0,2936388.8871999998,1.1878
Malawi,1990,761.39,22.7,2237887.0,2236320.61337322,0.99930006
Malawi,1991,801.14,22.46,2297737.0,2623786.1100737,1.1419001
Malawi,1992,738.42,22.87,2260297.0,1085394.66460594,0.48020002
Malawi,1993,765.46,22.86,2385397.0,3656098.2204397,1.5327001
Malawi,1994,643.8,23.61,2276060.0,2096023.7678029998,0.92090005
Malawi,1995,832.8,23.6,2483381.0,3356786.3460381,1.3517001
Malawi,1996,963.66,22.95,2374710.0,3427419.1804710003,1.4433001
Malawi,1997,856.44,22.39,2490068.0,2728865.5212000003,1.0959
Malawi,1998,899.39,23.04,2532743.0,3472644.1805743002,1.3711001
Malawi,1999,944.32,23.34,2448685.0,4434323.9113685,1.8109001
Malawi,2000,610.98,23.01,2508912.0,4372532.0844912,1.7428001
Malawi,2001,959.19,22.89,2540720.0,3009483.0940719997,1.1845001
Malawi,2002,607.77,22.78,2545459.0,2662550.114,1.046
Malawi,2003,634.25,22.73,2506317.0,3072494.0103,1.2259
Malawi,2004,821.46,22.84,2460471.0,2573652.666,1.046
Malawi,2005,750.79,22.84,2743436.0,2220262.7548,0.8093
Malawi,2006,629.09,22.98,2692650.0,3988891.979265,1.4814001
Malawi,2007,636.54,22.78,2792651.0,7413650.6097,2.6547
Malawi,2008,925.88,22.7,2703039.0,4459474.2828078,1.6498002
Malawi,2009,890.65,22.72,2874299.0,6399626.7235,2.2265
Malawi,2010,585.39,22.71,3022171.0,6092092.9062342,2.0158002
Malawi,2011,911.37,23.54,2805036.0,6193238.9843999995,2.2079
Malawi,2012,1087.42,22.48,2749982.0,6031260.5224,2.1932
Malawi,2013,900.66,23.62,2932490.0,6365849.878498,2.1708002
Malawi,2014,688.05,23.35,2944844.0,6872971.411599999,2.3339
Malawi,2015,586.07,23.52,2770367.0,4588559.1391367,1.6563001
Malawi,2016,1076.23,23.38,2939364.0,4160376.0995364003,1.4154001
Malawi,2017,1056.0,23.45,2918573.0,5859910.8694,2.0078
Malawi,2018,674.54,23.27,3071748.0,4917254.8127496,1.6008002
Malawi,2019,810.87,23.52,2982687.0,5839504.9068687,1.9578001
Malawi,2020,659.02,22.55,3120361.0,6538716.4755,2.0955
Malawi,2021,659.39,23.57,2964345.0,7300885.3005,2.4629
Malawi,2022,650.78,24.3,3038803.0,6222557.5108606,2.0477002
Malawi,2023,693.06,23.67,3055013.0,5990270.1014026,1.9608002
Malawi,2024,805.95,23.81,3154079.0,6308158.0,2.0
Mali,1961,605.63,28.36,514398.0,401127.5604,0.7798
Mali,1962,785.68,28.7,505075.0,406383.345,0.8046
Mali,1963,947.12,29.04,534453.0,462622.51680000004,0.8656
Mali,1964,934.37,28.98,526611.0,440878.75553054997,0.83720005
Mali,1965,984.15,28.17,526866.0,459058.36687464005,0.87130004
Mali,1966,802.25,28.55,510807.0,455180.1177,0.8911
Mali,1967,897.7,28.67,559131.0,506964.1336131,0.9067001
Mali,1968,655.66,28.95,538500.0,453093.95385,0.8414001
Mali,1969,830.06,29.28,549592.0,415656.44608776,0.75630003
Mali,1970,983.0,28.98,570194.0,617634.1407999999,1.0832
Mali,1971,400.77,29.5,578543.0,493150.08791258,0.85240006
Mali,1972,949.57,28.8,611726.0,414077.3294,0.6769
Mali,1973,838.69,29.25,568446.0,477494.65705338,0.84000003
Mali,1974,672.31,28.67,598392.0,578465.6062392,0.9667001
Mali,1975,894.72,29.22,642788.0,557940.00328364,0.86800003
Mali,1976,863.9,28.95,584750.0,501130.7792375,0.85700005
Mali,1977,988.48,28.78,661196.0,576893.5496717601,0.87250006
Mali,1978,1016.08,28.74,641652.0,1545804.0256956,2.4091003
Mali,1979,797.38,29.01,691103.0,1153036.2452,1.6684
Mali,1980,1202.26,29.8,660458.0,732910.2426,1.1097
Mali,1981,688.62,28.72,633610.0,559857.7960000001,0.8836
Mali,1982,895.39,29.69,645615.0,640902.0363246,0.99270004
Mali,1983,888.69,29.86,695033.0,794075.2025,1.1425
Mali,1984,857.13,29.66,693284.0,787432.0365284,1.1358001
Mali,1985,744.2,29.4,645093.0,828621.9585,1.2845
Mali,1986,832.27,29.49,696930.0,1153140.378,1.6546
Mali,1987,1017.79,29.19,706525.0,1068124.636305,1.5118002
Mali,1988,785.02,28.67,718055.0,1077944.2378055,1.5012001
Mali,1989,701.45,29.81,697373.0,900169.1381373,1.2908001
Mali,1990,788.08,29.83,662322.0,766041.6252,1.1566
Mali,1991,670.08,29.91,691983.0,956597.2992,1.3824
Mali,1992,653.63,29.99,742577.0,746289.8849999999,1.005
Mali,1993,698.42,29.6,716209.0,789906.9061,1.1029
Mali,1994,598.6,29.04,765927.0,869097.4434927001,1.1347001
Mali,1995,873.91,30.17,726555.0,933114.6591555,1.2843001
Mali,1996,829.34,29.76,772472.0,1223981.9612472001,1.5845001
Mali,1997,712.14,29.7,781717.0,1323446.9591716998,1.6930001
Mali,1998,636.22,29.61,753504.0,1236952.1664,1.6416
Mali,1999,828.79,29.7,801127.0,1164918.7707,1.4541
Mali,2000,568.99,30.02,795231.0,1059406.7382,1.3322
Mali,2001,697.42,30.62,848997.0,983563.1093997,1.1585001
Mali,2002,892.65,30.23,859845.0,986930.1769845,1.1478001
Mali,2003,586.69,30.18,823240.0,1182172.722324,1.4360001
Mali,2004,989.79,29.23,872685.0,1589159.4722685,1.8210001
Mali,2005,810.16,29.72,794440.0,1186337.331444,1.4933001
Mali,2006,998.28,30.01,826250.0,1415696.832625,1.7134001
Mali,2007,902.58,29.54,868250.0,1461351.661825,1.6831001
Mali,2008,644.6,30.27,831081.0,1639889.1123080999,1.9732001
Mali,2009,1028.89,30.04,854064.0,2848218.1190064,3.3349001
Mali,2010,534.83,29.74,872206.0,2345013.3132618,2.6886003
Mali,2011,821.72,29.65,913936.0,1282891.9631999999,1.4037
Mali,2012,809.94,29.94,832044.0,2032433.9620044,2.4427001
Mali,2013,691.57,29.55,909869.0,2359017.3562999996,2.5927
Mali,2014,700.06,29.91,902164.0,1959049.3064328001,2.1715002
Mali,2015,821.96,30.01,925309.0,2340939.2391,2.5299
Mali,2016,660.37,30.63,902140.0,2458782.57,2.7255
Mali,2017,796.72,29.79,871310.0,2542656.842,2.9182
Mali,2018,944.78,29.92,932172.0,2684841.8876172,2.8802001
Mali,2019,739.55,30.01,949454.0,2530199.9646,2.6649
Mali,2020,934.23,30.0,903464.0,2715361.052,3.0055
Mali,2021,403.45,29.87,989895.0,2321699.733,2.3454
Mali,2022,922.98,30.57,957510.0,2571393.200751,2.6855001
Mali,2023,967.78,30.41,971694.0,2180772.9413694,2.2443001
Mali,2024,674.94,30.14,922722.0,2282168.5071444004,2.4733002
Mauritania,1961,847.74,27.71,487159.0,311781.78435795003,0.64000005
Mauritania,1962,671.09,27.64,517868.0,352150.24000000005,0.68
Mauritania,1963,774.94,27.3,449055.0,255602.1239622,0.56920004
Mauritania,1964,873.62,28.18,549439.0,338124.8155439,0.6154001
Mauritania,1965,608.5,27.87,518130.0,302898.81354390003,0.58460003
Mauritania,1966,803.22,26.82,541749.0,333392.3887749,0.6154001
Mauritania,1967,1146.48,28.1,557873.0,489198.88948729995,0.8769001
Mauritania,1968,893.72,27.43,537800.0,321066.6,0.597
Mauritania,1969,710.57,27.87,539873.0,322304.181,0.597
Mauritania,1970,820.14,28.75,549529.0,316418.79819999996,0.5758
Mauritania,1971,867.84,28.42,523367.0,296853.79380202,0.56720006
Mauritania,1972,560.54,27.53,581944.0,313376.844,0.5385
Mauritania,1973,872.43,27.79,571528.0,142882.0,0.25
Mauritania,1974,594.68,27.88,616415.0,205451.1195,0.3333
Mauritania,1975,718.56,27.7,583728.0,182415.0,0.3125
Mauritania,1976,766.14,27.47,624007.0,330349.33700035,0.52940005
Mauritania,1977,847.22,28.21,654436.0,327218.0,0.5
Mauritania,1978,637.98,27.6,611944.0,333815.47647776,0.54550004
Mauritania,1979,917.09,27.88,632470.0,351400.332,0.5556
Mauritania,1980,1081.18,28.51,639257.0,412448.6164,0.6452
Mauritania,1981,754.83,27.88,669430.0,347768.88499999995,0.5195
Mauritania,1982,500.84,28.56,685607.0,391755.87408035004,0.57140005
Mauritania,1983,823.17,27.92,707588.0,353794.0,0.5
Mauritania,1984,924.87,28.05,672372.0,336186.0,0.5
Mauritania,1985,681.87,28.39,696485.0,232138.45049999998,0.3333
Mauritania,1986,864.64,27.56,662196.0,496647.03973176,0.75000006
Mauritania,1987,696.38,28.46,688877.0,344438.5,0.5
Mauritania,1988,732.99,27.81,732152.0,483806.07088608004,0.66080004
Mauritania,1989,1044.86,29.1,683721.0,454674.465,0.665
Mauritania,1990,665.11,27.92,746256.0,506633.24317536,0.67890006
Mauritania,1991,933.47,28.32,795320.0,474487.912,0.5966
Mauritania,1992,891.36,27.54,732360.0,562745.497236,0.7684001
Mauritania,1993,749.39,28.82,755881.0,929053.3371,1.2291
Mauritania,1994,984.59,28.35,749483.0,373767.18708966003,0.49870002
Mauritania,1995,778.84,28.56,756405.0,604821.438,0.7996
Mauritania,1996,963.59,28.44,780954.0,458498.09339999995,0.5871
Mauritania,1997,553.18,28.71,771378.0,665467.8391689,0.86270005
Mauritania,1998,559.32,28.58,801205.0,671970.6815723,0.83870006
Mauritania,1999,847.97,28.44,772434.0,588440.2598216999,0.76180005
Mauritania,2000,820.91,28.84,774095.0,700865.6439637999,0.90540004
Mauritania,2001,706.21,28.98,792394.0,793661.8304000001,1.0016
Mauritania,2002,1030.79,28.79,805170.0,454438.02851699997,0.5644001
Mauritania,2003,585.14,29.02,849363.0,658681.05746178,0.77550006
Mauritania,2004,718.79,28.74,790689.0,910320.3247689,1.1513001
Mauritania,2005,727.31,28.1,841064.0,685971.83204256,0.81560004
Mauritania,2006,800.5,28.2,822584.0,409235.56467751996,0.49750003
Mauritania,2007,530.49,28.48,822730.0,585454.6680000001,0.7116
Mauritania,2008,680.16,28.65,831845.0,587199.4686845001,0.7059001
Mauritania,2009,737.28,28.76,858886.0,475994.66414430004,0.55420005
Mauritania,2010,891.26,28.54,839319.0,721142.93515914,0.85920006
Mauritania,2011,633.56,29.08,827370.0,546974.3318211,0.66110003
Mauritania,2012,916.22,29.2,868286.0,599464.70649716,0.69040006
Mauritania,2013,888.52,28.41,941069.0,445219.78154275997,0.47310004
Mauritania,2014,668.16,28.93,924105.0,630054.789,0.6818
Mauritania,2015,864.14,28.85,912936.0,415477.20098808,0.45510003
Mauritania,2016,935.82,28.58,875950.0,398732.4837975,0.45520005
Mauritania,2017,1059.82,29.1,889816.0,889816.0,1.0
Mauritania,2018,749.5,28.58,971243.0,685600.5308243,0.7059001
Mauritania,2019,791.05,29.42,920849.0,689900.11684245,0.74920005
Mauritania,2020,1013.65,28.22,946543.0,591589.375,0.625
Mauritania,2021,807.55,29.49,955033.0,603198.8428000001,0.6316
Mauritania,2022,988.03,29.12,979450.0,649179.46,0.6628
Mauritania,2023,569.7,29.19,967318.0,632432.5084,0.6538
Mauritania,2024,1011.2,29.06,929150.0,597350.5814575,0.64290005
Mauritius,1961,731.16,23.63,512513.0,775227.2150513,1.5126001
Mauritius,1962,581.96,22.59,554769.0,987877.2137769,1.7807001
Mauritius,1963,789.87,23.07,519777.0,670252.4934776999,1.2895001
Mauritius,1964,725.73,23.38,507339.0,507339.0,1.0
Mauritius,1965,960.27,22.52,506229.0,832443.0182229,1.6444001
Mauritius,1966,913.62,23.66,565075.0,1426757.8675000002,2.5249
Mauritius,1967,676.5,23.54,475121.0,810176.3767121,1.7052001
Mauritius,1968,848.4,23.69,549062.0,1186468.0758,2.1609
Mauritius,1969,771.14,23.74,551520.0,1040001.264,1.8857
Mauritius,1970,1081.88,24.01,536703.0,1117791.3381,2.0827
Mauritius,1971,676.89,23.86,533746.0,1059112.2411746,1.9843001
Mauritius,1972,913.27,23.61,537758.0,1010985.0937758,1.8800001
Mauritius,1973,888.95,23.91,563757.0,1164383.7078,2.0654
Mauritius,1974,589.22,23.94,549937.0,1357904.4953937,2.4692001
Mauritius,1975,815.85,23.95,553697.0,1271399.0514,2.2962
Mauritius,1976,891.66,23.7,622557.0,1557886.6368000002,2.5024
Mauritius,1977,840.12,23.43,593285.0,1480958.017,2.4962
Mauritius,1978,679.53,23.35,616673.0,1410947.8239999998,2.288
Mauritius,1979,712.14,22.75,641185.0,1604309.1167370002,2.5021002
Mauritius,1980,766.58,23.69,674262.0,1513987.8948000001,2.2454
Mauritius,1981,753.31,24.3,659799.0,1624689.0576000002,2.4624
Mauritius,1982,675.34,24.31,716556.0,1817830.9164000002,2.5369
Mauritius,1983,558.94,23.17,655394.0,1878162.5858,2.8657
Mauritius,1984,1002.58,23.72,652561.0,2848428.8955122,4.3650002
Mauritius,1985,963.53,24.49,647636.0,3074717.0621816,4.7476006
Mauritius,1986,826.59,24.34,679376.0,2981645.3888,4.3888
Mauritius,1987,706.77,24.12,713138.0,2533351.4312,3.5524
Mauritius,1988,586.13,24.77,691753.0,2659582.7591,3.8447
Mauritius,1989,925.47,25.11,726669.0,2715053.5300338,3.7363002
Mauritius,1990,823.54,24.63,751908.0,3142223.8327631997,4.1790004
Mauritius,1991,950.01,24.05,736868.0,2740633.3734604,3.7193003
Mauritius,1992,721.04,24.54,772818.0,3426134.0394,4.4333
Mauritius,1993,625.76,24.64,777618.0,3299433.174,4.243
Mauritius,1994,853.19,24.21,748842.0,2792282.2742526,3.7288003
Mauritius,1995,695.4,23.94,744537.0,2868924.6454611,3.8533003
Mauritius,1996,730.74,24.46,804594.0,3915718.1025563995,4.8667006
Mauritius,1997,813.91,23.25,738421.0,3724226.6088684,5.0435004
Mauritius,1998,937.93,24.84,794046.0,4113158.5182137997,5.1800003
Mauritius,1999,661.9,24.71,752458.0,3688850.0992,4.9024
Mauritius,2000,941.85,24.26,821520.0,7311528.82152,8.900001
Mauritius,2001,726.07,24.14,837602.0,6033833.946201,7.2037005
Mauritius,2002,970.85,23.36,820134.0,6366864.9249072,7.7632008
Mauritius,2003,877.67,24.47,801523.0,5254464.6597138,6.5556006
Mauritius,2004,633.12,24.5,826222.0,5348713.774511,6.4737005
Mauritius,2005,728.11,24.43,844382.0,6366387.387591001,7.5397005
Mauritius,2006,702.36,23.95,859064.0,6694772.0020256005,7.7931004
Mauritius,2007,775.99,24.46,835041.0,7894227.936741,9.453701
Mauritius,2008,898.23,23.93,868415.0,6548717.862366,7.5410004
Mauritius,2009,1058.07,24.24,847355.0,6778840.0,8.0
Mauritius,2010,805.3,24.22,863897.0,5903267.3701,6.8333
Mauritius,2011,595.94,24.69,847268.0,6305283.983380401,7.4419003
Mauritius,2012,883.3,24.36,919879.0,6550182.7632516,7.1207004
Mauritius,2013,793.32,24.36,909749.0,6182381.8251494,6.7957006
Mauritius,2014,817.32,24.18,867935.0,7861756.097935,9.058001
Mauritius,2015,688.87,24.62,923497.0,5866145.6630988,6.3521004
Mauritius,2016,1093.58,25.34,897027.0,6102743.7891,6.8033
Mauritius,2017,703.87,25.29,915607.0,6859270.2067428,7.4915004
Mauritius,2018,744.82,24.63,940020.0,5684207.220006,6.0469003
Mauritius,2019,862.55,24.64,975933.0,7001245.748699999,7.1739
Mauritius,2020,679.43,24.44,977031.0,8737099.717500001,8.9425
Mauritius,2021,840.54,24.34,927362.0,8012964.097199999,8.6406
Mauritius,2022,930.19,24.99,963232.0,8958635.539199999,9.3006
Mauritius,2023,966.8,24.86,961194.0,11179167.778194001,11.630501
Mauritius,2024,781.8,24.62,983124.0,11689541.967923999,11.890201
Morocco,1961,589.18,17.36,528823.0,167689.78387646,0.31710002
Morocco,1962,149.72,17.28,527652.0,492457.6116,0.9333
Morocco,1963,634.71,16.93,522650.0,545385.327265,1.0435001
Morocco,1964,49.44,17.38,514181.0,447131.79760000005,0.8696
Morocco,1965,454.55,18.05,554671.0,425654.58086710004,0.7674001
Morocco,1966,322.33,17.0,501458.0,215677.09582916,0.43010002
Morocco,1967,499.53,17.38,524589.0,351527.10463767,0.67010003
Morocco,1968,320.3,16.64,544699.0,413971.26723495004,0.76000005
Morocco,1969,186.16,17.14,499534.0,466964.3832,0.9348
Morocco,1970,95.31,17.96,560112.0,351022.21280448,0.62670004
Morocco,1971,373.0,17.23,548589.0,472170.6071589,0.8607001
Morocco,1972,269.88,17.43,596694.0,456112.92940164,0.76440006
Morocco,1973,430.85,16.84,590909.0,287654.50710909,0.48680001
Morocco,1974,405.8,17.6,642737.0,558988.4331737,0.8697001
Morocco,1975,525.6,17.69,591222.0,445722.2953611,0.75390005
Morocco,1976,573.81,17.61,670717.0,765019.8772717,1.1406001
Morocco,1977,174.95,18.05,670237.0,290949.90180711,0.43410003
Morocco,1978,487.27,18.08,626805.0,620411.6140722,0.98980004
Morocco,1979,171.66,17.0,638193.0,478644.78829158,0.75000006
Morocco,1980,371.08,17.37,697869.0,564366.6603,0.8087
Morocco,1981,393.5,17.12,633896.0,157586.55827792,0.24860002
Morocco,1982,523.1,18.31,654315.0,403843.218,0.6172
Morocco,1983,311.68,17.59,634321.0,376913.53819999995,0.5942
Morocco,1984,630.23,17.73,674226.0,463934.9106,0.6881
Morocco,1985,245.26,17.97,657272.0,525883.3272,0.8001
Morocco,1986,490.91,18.4,718485.0,587720.73,0.818
Morocco,1987,130.24,18.38,699987.0,456041.56549935,0.65150005
Morocco,1988,302.99,17.77,708779.0,640098.3149,0.9031
Morocco,1989,77.39,18.36,718210.0,713469.885821,0.9934001
Morocco,1990,76.25,18.39,718113.0,832867.4574,1.1598
Morocco,1991,143.36,17.71,709187.0,616992.73255122,0.87000006
Morocco,1992,244.72,17.74,729476.0,346719.9428,0.4753
Morocco,1993,168.11,18.43,785508.0,162207.40985508,0.20650001
Morocco,1994,480.18,18.23,697636.0,436789.8996,0.6261
Morocco,1995,202.4,18.18,688412.0,89700.09736823999,0.13030002
Morocco,1996,154.96,18.3,759518.0,704377.0311759,0.92740005
Morocco,1997,247.74,18.72,759081.0,833774.6463081001,1.0984001
Morocco,1998,443.06,17.81,774333.0,500838.61537332,0.64680004
Morocco,1999,639.88,18.53,786858.0,324185.51960574003,0.41200003
Morocco,2000,619.36,17.81,817933.0,327173.2,0.4
Morocco,2001,642.0,18.07,774755.0,163240.8785,0.2107
Morocco,2002,388.21,18.1,816162.0,611631.8844162,0.7494001
Morocco,2003,103.29,19.52,800204.0,449474.6268102,0.56170005
Morocco,2004,456.25,18.55,799200.0,731427.87996,0.91520005
Morocco,2005,449.76,18.65,855270.0,174132.9891054,0.20360002
Morocco,2006,255.98,18.15,861312.0,1050628.4637312,1.2198001
Morocco,2007,215.94,18.19,845109.0,351142.80640218,0.41550002
Morocco,2008,50.92,17.5,815147.0,449553.5705,0.5515
Morocco,2009,276.31,17.48,871957.0,797927.88557828,0.91510004
Morocco,2010,535.23,18.69,884174.0,1072679.8968,1.2132
Morocco,2011,263.26,18.16,889042.0,1025332.1386,1.1533
Morocco,2012,498.9,17.83,893486.0,683338.0928,0.7648
Morocco,2013,313.69,17.88,947350.0,628282.52,0.6632
Morocco,2014,531.0,17.92,881118.0,624272.103,0.7085
Morocco,2015,537.82,18.61,889724.0,671207.8745724,0.7544001
Morocco,2016,92.82,18.58,889178.0,824712.6572424601,0.92750007
Morocco,2017,412.48,18.7,933038.0,873510.2689037999,0.9362001
Morocco,2018,53.32,18.31,875987.0,699913.613,0.799
Morocco,2019,413.46,17.78,960109.0,614181.7849065401,0.63970006
Morocco,2020,21.82,18.8,976642.0,410580.31633284,0.42040002
Morocco,2021,100.22,17.47,899543.0,477297.51579999994,0.5306
Morocco,2022,138.28,19.38,925044.0,287966.1972,0.3113
Morocco,2023,197.59,18.14,967097.0,125239.06150000001,0.1295
Morocco,2024,322.36,19.5,980854.0,708568.99825978,0.72240007
Mozambique,1961,760.3,23.94,498243.0,433770.37572972,0.87060004
Mozambique,1962,1076.96,23.28,508999.0,419924.20044995,0.82500005
Mozambique,1963,742.73,23.81,468768.0,416031.6234384,0.88750005
Mozambique,1964,733.2,23.65,560478.0,504430.22241912,0.90000004
Mozambique,1965,766.25,23.81,516649.0,479760.2614,0.9286
Mozambique,1966,888.38,24.11,523824.0,501037.68219120003,0.95650005
Mozambique,1967,968.63,24.38,554060.0,554060.0,1.0
Mozambique,1968,825.12,24.13,576503.0,576503.0,1.0
Mozambique,1969,658.07,24.02,524510.0,500120.3007353,0.95350003
Mozambique,1970,665.66,24.22,590642.0,668016.102,1.131
Mozambique,1971,835.39,24.55,608898.0,571998.8420897999,0.9394001
Mozambique,1972,877.53,24.04,565335.0,578789.973,1.0238
Mozambique,1973,811.42,24.11,612517.0,495403.77410068,0.80880004
Mozambique,1974,625.22,24.17,612988.0,405675.45840000006,0.6618
Mozambique,1975,592.2,24.42,595623.0,248196.12792492,0.41670004
Mozambique,1976,1059.92,23.59,606667.0,455000.28640002,0.75000006
Mozambique,1977,801.55,24.4,628951.0,450769.1817,0.7167
Mozambique,1978,898.55,23.97,546319.0,382423.32731595,0.70000005
Mozambique,1979,914.76,24.59,623474.0,401891.35910422,0.64460003
Mozambique,1980,907.5,24.18,662197.0,359506.7513,0.5429
Mozambique,1981,686.32,23.64,659172.0,348438.31919999997,0.5286
Mozambique,1982,977.05,23.81,646842.0,282993.39440526,0.43750003
Mozambique,1983,904.46,25.02,668284.0,275667.16336568,0.41250002
Mozambique,1984,935.06,24.2,686851.0,300497.33310553,0.43750003
Mozambique,1985,664.14,24.84,707585.0,314450.77400000003,0.4444
Mozambique,1986,920.5,24.03,689659.0,316553.49479318,0.45900002
Mozambique,1987,831.75,24.63,663913.0,179920.44291739,0.27100003
Mozambique,1988,849.84,25.03,710995.0,228940.41132985,0.32200003
Mozambique,1989,635.53,24.5,703091.0,232020.03,0.33
Mozambique,1990,816.38,24.28,705115.0,315891.52,0.448
Mozambique,1991,881.61,24.15,706759.0,229060.60603517998,0.32410002
Mozambique,1992,868.2,24.85,747436.0,118618.0932,0.1587
Mozambique,1993,597.07,24.5,722664.0,457590.8809332,0.63320005
Mozambique,1994,937.54,24.69,763111.0,397351.92822444,0.52070004
Mozambique,1995,1013.2,24.89,802527.0,545236.9240526999,0.6794001
Mozambique,1996,775.71,25.35,767714.0,721267.32603142,0.93950003
Mozambique,1997,723.14,24.31,752960.0,680148.805648,0.90330005
Mozambique,1998,929.08,24.3,771184.0,694528.3104,0.9006
Mozambique,1999,691.3,25.01,747795.0,867143.0819999999,1.1596
Mozambique,2000,717.73,24.95,773943.0,727429.05665772,0.93990004
Mozambique,2001,1040.89,24.86,825957.0,791266.85555742,0.95800006
Mozambique,2002,714.45,24.77,822465.0,581071.56362325,0.70650005
Mozambique,2003,701.25,24.13,812621.0,707874.1531,0.8711
Mozambique,2004,1078.75,24.47,866382.0,700469.8903191,0.80850005
Mozambique,2005,1015.74,25.22,815536.0,403690.34446607996,0.49500003
Mozambique,2006,743.34,24.78,877479.0,735941.68994874,0.83870006
Mozambique,2007,883.01,25.57,844755.0,575531.6152902,0.68130004
Mozambique,2008,835.63,25.15,842754.0,520569.17951016,0.61770004
Mozambique,2009,665.55,24.66,880221.0,880221.0,1.0
Mozambique,2010,1047.34,24.2,894145.0,1075120.0374145,1.2024001
Mozambique,2011,887.34,25.25,850445.0,1022234.89,1.202
Mozambique,2012,983.29,24.94,901367.0,1350247.766,1.498
Mozambique,2013,587.83,25.33,901303.0,614147.91827818,0.68140006
Mozambique,2014,762.1,24.91,937073.0,746566.11532438,0.79670006
Mozambique,2015,607.9,25.23,902489.0,725240.1603999999,0.8036
Mozambique,2016,998.4,24.72,903273.0,661466.8540309201,0.73230004
Mozambique,2017,840.15,25.0,882590.0,653116.6,0.74
Mozambique,2018,739.98,25.21,901483.0,786003.1178482999,0.8719001
Mozambique,2019,636.57,25.48,886102.0,782516.70278306,0.88310003
Mozambique,2020,681.26,24.83,993891.0,709538.7849,0.7139
Mozambique,2021,965.88,25.03,962382.0,1058620.2000000002,1.1
Mozambique,2022,726.04,25.09,975396.0,1278646.7139396,1.3109001
Mozambique,2023,882.23,25.52,997901.0,788741.0501901001,0.7904001
Mozambique,2024,651.32,25.66,997265.0,807784.7098359,0.81000006
Namibia,1961,397.39,19.49,477562.0,561851.7407561999,1.1765001
Namibia,1962,803.91,19.68,484194.0,564909.1398,1.1667
Namibia,1963,781.47,20.17,514494.0,600260.1498,1.1667
Namibia,1964,852.61,20.14,489356.0,570931.6452,1.1667
Namibia,1965,792.09,19.46,572571.0,699796.2762,1.2222
Namibia,1966,572.94,19.66,545760.0,667027.872,1.2222
Namibia,1967,716.97,20.32,556543.0,680206.8546,1.2222
Namibia,1968,936.04,20.6,531802.0,643746.321,1.2105
Namibia,1969,606.01,19.44,548868.0,664404.7139999999,1.2105
Namibia,1970,823.21,20.06,586723.0,710228.1915,1.2105
Namibia,1971,896.39,20.56,592532.0,717259.9859999999,1.2105
Namibia,1972,1002.11,20.12,568331.0,681997.2,1.2
Namibia,1973,651.07,20.77,548507.0,685633.75,1.25
Namibia,1974,676.87,20.33,613469.0,759535.9689,1.2381
Namibia,1975,742.43,20.46,649155.0,796707.9315000001,1.2273
Namibia,1976,684.88,20.74,599630.0,735925.8990000001,1.2273
Namibia,1977,853.65,19.9,573516.0,692979.4401516,1.2083001
Namibia,1978,589.55,19.76,617380.0,771725.0,1.25
Namibia,1979,951.73,20.55,641512.0,836724.1657512,1.3043001
Namibia,1980,774.94,20.33,625836.0,770279.0739672,1.2308002
Namibia,1981,520.77,19.47,603231.0,742456.8354462,1.2308002
Namibia,1982,753.14,21.14,652332.0,802890.3560664,1.2308002
Namibia,1983,769.87,20.83,702108.0,852569.8848216,1.2143002
Namibia,1984,647.17,21.19,674959.0,843698.75,1.25
Namibia,1985,909.49,21.09,712611.0,516642.975,0.725
Namibia,1986,847.88,21.26,685040.0,871781.904,1.2726
Namibia,1987,699.04,21.21,679951.0,460938.8508951,0.6779001
Namibia,1988,813.07,20.84,732439.0,764226.8526000001,1.0434
Namibia,1989,859.77,20.37,677233.0,859273.2981233,1.2688001
Namibia,1990,968.23,20.35,694011.0,1032063.7581000001,1.4871
Namibia,1991,795.49,20.72,747248.0,892961.3600000001,1.195
Namibia,1992,996.88,20.66,736848.0,438645.6144,0.5953
Namibia,1993,823.44,20.53,755804.0,586806.3011804001,0.7764001
Namibia,1994,843.76,20.38,788473.0,910607.5465473001,1.1549001
Namibia,1995,927.08,20.58,748171.0,655996.3328,0.8768
Namibia,1996,477.24,20.92,776229.0,530552.56031145,0.68350005
Namibia,1997,964.93,20.61,759331.0,1194199.8637,1.5727
Namibia,1998,805.63,21.02,749649.0,495368.08918596,0.66080004
Namibia,1999,914.74,20.78,776406.0,409631.80559999996,0.5276
Namibia,2000,1003.13,20.99,801748.0,574853.316,0.717
Namibia,2001,594.73,21.24,842517.0,1116672.1160517,1.3254001
Namibia,2002,853.05,20.84,826573.0,1094217.4200573,1.3238001
Namibia,2003,885.54,21.13,836683.0,1033052.5001,1.2347
Namibia,2004,686.8,20.72,851331.0,962089.1631000001,1.1301
Namibia,2005,605.58,21.17,827953.0,1871670.5518000002,2.2606
Namibia,2006,836.44,21.32,823560.0,1733841.032712,2.1053002
Namibia,2007,1059.29,21.55,816156.0,1656470.2992156001,2.0296001
Namibia,2008,830.5,21.58,872592.0,1830698.0159999998,2.098
Namibia,2009,436.59,21.3,858307.0,1813602.8626614,2.1130002
Namibia,2010,590.15,20.77,857226.0,1696621.6992000001,1.9792
Namibia,2011,1038.39,21.04,906328.0,1739062.2570328,1.9188001
Namibia,2012,936.78,20.66,862748.0,1626280.0662748,1.8850001
Namibia,2013,513.37,20.58,867109.0,1603371.3386109,1.8491001
Namibia,2014,1039.86,21.62,881083.0,1409732.8,1.6
Namibia,2015,987.33,21.08,864282.0,1599786.0684282,1.8510001
Namibia,2016,798.36,21.13,905451.0,1766806.6268451002,1.9513001
Namibia,2017,787.25,21.5,931854.0,2193770.7799854,2.3542001
Namibia,2018,760.8,21.46,935951.0,2203135.0589,2.3539
Namibia,2019,596.19,21.38,973613.0,2105340.7512,2.1624
Namibia,2020,1034.01,20.8,929385.0,2007843.354,2.1604
Namibia,2021,941.53,21.16,958779.0,2137406.3123337,2.2293003
Namibia,2022,994.46,21.38,909052.0,1754470.4509052,1.9300001
Namibia,2023,556.5,21.52,999069.0,1182997.6028999998,1.1841
Namibia,2024,705.87,21.31,997389.0,930563.937,0.933
Niger,1961,646.74,27.35,479750.0,359620.60000000003,0.7496
Niger,1962,693.63,27.36,517217.0,379223.55612170004,0.7332001
Niger,1963,950.94,26.93,543675.0,369427.18424699997,0.67950004
Niger,1964,838.98,27.91,523419.0,411564.3597,0.7863
Niger,1965,692.17,27.33,527191.0,322271.85829999996,0.6113
Niger,1966,720.16,27.29,594732.0,377060.088,0.634
Niger,1967,844.92,28.16,541929.0,311934.3324,0.5756
Niger,1968,1045.85,28.33,573883.0,284818.1329,0.4963
Niger,1969,484.69,26.97,575139.0,311897.8797,0.5423
Niger,1970,728.77,27.72,537031.0,313787.23478124,0.58430004
Niger,1971,852.77,27.59,554743.0,372398.9759,0.6713
Niger,1972,670.07,27.25,559257.0,353394.5542257,0.6319001
Niger,1973,835.93,27.38,579891.0,286872.10089564003,0.49470004
Niger,1974,685.81,27.6,601366.0,368396.8116,0.6126
Niger,1975,726.17,27.64,614411.0,284165.11207644,0.46250004
Niger,1976,695.5,27.64,584464.0,440218.3140232,0.75320005
Niger,1977,532.11,27.59,594855.0,432638.07124275,0.72730005
Niger,1978,866.15,27.55,604045.0,482148.7794045,0.7982001
Niger,1979,739.8,27.82,644652.0,502441.8010326,0.77940005
Niger,1980,723.9,27.58,628169.0,413272.41022676,0.65790004
Niger,1981,642.52,28.26,665272.0,457374.53991632,0.68750006
Niger,1982,966.44,27.88,661323.0,450294.85715292004,0.68090004
Niger,1983,807.09,28.23,710981.0,441092.6834981,0.6204001
Niger,1984,663.24,27.82,649352.0,228831.64479999998,0.3524
Niger,1985,695.7,27.58,643075.0,217809.52179225,0.33870003
Niger,1986,948.52,27.29,675507.0,443470.37252027995,0.65650004
Niger,1987,843.81,27.27,699757.0,388225.20459271,0.55480003
Niger,1988,772.56,27.76,723382.0,370371.58400000003,0.512
Niger,1989,738.96,28.55,714106.0,505587.04799999995,0.708
Niger,1990,915.52,27.85,719181.0,225750.93028362,0.31390002
Niger,1991,869.7,26.98,741202.0,491342.82803606,0.66290003
Niger,1992,1078.26,28.62,763489.0,535816.61837445,0.70180005
Niger,1993,802.59,27.38,730551.0,584440.8,0.8
Niger,1994,933.33,27.76,740134.0,614977.4146134,0.8309001
Niger,1995,673.03,27.57,807862.0,1021299.1404,1.2642
Niger,1996,822.6,28.14,743625.0,539128.125,0.725
Niger,1997,911.92,28.24,764527.0,630505.46277162,0.82470006
Niger,1998,754.53,28.33,788223.0,1195970.8367223,1.5173001
Niger,1999,929.65,28.64,769563.0,249492.34768689,0.32420003
Niger,2000,689.13,27.39,736278.0,453105.5548278,0.6154001
Niger,2001,595.69,28.52,863952.0,225664.26239999998,0.2612
Niger,2002,1069.82,28.16,794839.0,465219.26670000004,0.5853
Niger,2003,495.9,27.39,842896.0,428612.64971584006,0.50850004
Niger,2004,613.17,28.2,835536.0,627404.0659536,0.7509001
Niger,2005,734.85,28.52,816576.0,674083.488,0.8255
Niger,2006,557.28,28.71,842938.0,946366.4926,1.1227
Niger,2007,864.03,28.08,876659.0,953279.0842659,1.0874001
Niger,2008,725.82,28.21,907399.0,870104.9918399,0.9589001
Niger,2009,874.07,28.52,847060.0,763539.968706,0.9014001
Niger,2010,592.1,28.98,849903.0,668788.70469612,0.78690004
Niger,2011,850.11,28.58,851555.0,715732.0285933,0.84050006
Niger,2012,829.49,28.06,871892.0,909993.6804000001,1.0437
Niger,2013,813.0,27.72,950886.0,1172062.1786886,1.2326001
Niger,2014,1026.62,27.79,872593.0,1535938.1986,1.7602
Niger,2015,725.29,29.4,921682.0,1127124.9178000002,1.2229
Niger,2016,581.74,28.71,901231.0,1097428.9887,1.2177
Niger,2017,668.38,27.77,892505.0,1272444.4677505,1.4257001
Niger,2018,635.21,28.69,924986.0,1353439.5152,1.4632
Niger,2019,803.81,28.75,918885.0,1433368.7115,1.5599
Niger,2020,1020.43,29.11,913168.0,691176.9505167999,0.7569001
Niger,2021,730.07,28.73,945107.0,513004.07959999994,0.5428
Niger,2022,984.82,28.63,977184.0,1450336.4928,1.4842
Niger,2023,535.31,28.72,909244.0,1286307.4868,1.4147
Niger,2024,663.89,28.09,953002.0,1157992.7302,1.2151
Nigeria,1961,1263.57,26.44,5311676.0,4276430.3476,0.8051
Nigeria,1962,1054.21,27.55,4943636.0,4374129.1328,0.8848
Nigeria,1963,1005.84,27.11,5336329.0,5462800.5309329,1.0237001
Nigeria,1964,1016.23,26.99,5419348.0,4118704.7509674,0.76000005
Nigeria,1965,1252.45,27.41,4936249.0,4078329.2693374297,0.82620007
Nigeria,1966,1176.15,26.55,5221798.0,4446361.15365394,0.85150003
Nigeria,1967,1240.17,26.72,5586887.0,4563928.5489887,0.8169001
Nigeria,1968,1183.64,26.38,5455147.0,5609527.6601,1.0283
Nigeria,1969,1185.42,26.84,5728798.0,5244142.2620798005,0.9154001
Nigeria,1970,1132.7,27.39,5656313.0,5633122.682331299,0.9959001
Nigeria,1971,1198.92,26.81,5187250.0,5425863.5,1.046
Nigeria,1972,1334.66,27.56,6250282.0,3582036.80170846,0.57310003
Nigeria,1973,995.67,26.6,6441039.0,4177013.7915,0.6485
Nigeria,1974,1193.32,26.7,6146889.0,5605348.32497556,0.91190004
Nigeria,1975,1299.13,26.74,5955475.0,8169721.2005475,1.3718001
Nigeria,1976,898.44,26.88,6091721.0,7293618.162472101,1.1973001
Nigeria,1977,1210.27,27.07,6056718.0,6454038.700800001,1.0656
Nigeria,1978,1275.08,27.25,6268540.0,7947255.638854001,1.2678001
Nigeria,1979,1146.08,27.76,6335836.0,7274806.895200001,1.1482
Nigeria,1980,1107.24,27.43,6481469.0,8530261.3509,1.3161
Nigeria,1981,1071.41,27.29,6524420.0,10724842.248442,1.6438001
Nigeria,1982,1298.4,27.16,6511313.0,8970635.9201,1.3777
Nigeria,1983,1331.15,26.56,7034096.0,6827997.690609599,0.9707001
Nigeria,1984,920.22,27.09,6879099.0,7835293.761,1.139
Nigeria,1985,972.42,27.05,6993236.0,8206563.145323601,1.1735001
Nigeria,1986,1187.34,26.9,7126355.0,9035506.2171355,1.2679001
Nigeria,1987,899.94,27.22,6934644.0,9384654.4186644,1.3533001
Nigeria,1988,1209.78,27.11,7140373.0,11710925.757299999,1.6401
Nigeria,1989,1300.67,27.0,6792333.0,9475305.2142333,1.3950001
Nigeria,1990,1213.34,26.92,6984490.0,7893172.149000001,1.1301
Nigeria,1991,1256.67,27.06,7083817.0,8004005.5366817,1.1299001
Nigeria,1992,1130.43,27.21,7070712.0,7905763.087200001,1.1181
Nigeria,1993,1207.65,27.71,7793611.0,9233871.092161098,1.1848001
Nigeria,1994,1360.15,27.98,7602760.0,9670711.480276,1.2720001
Nigeria,1995,1411.97,27.58,7498864.0,9498061.1424,1.2666
Nigeria,1996,1553.26,27.5,7562056.0,10028042.4616,1.3261
Nigeria,1997,1210.33,27.9,8013172.0,10024478.171999998,1.251
Nigeria,1998,1173.55,27.92,7976953.0,10529577.96,1.32
Nigeria,1999,1192.75,28.02,7534674.0,12053972.2186674,1.5998001
Nigeria,2000,1202.4,27.57,7562638.0,9832186.420063801,1.3001001
Nigeria,2001,907.05,27.71,7763531.0,10868167.8232531,1.3999001
Nigeria,2002,913.89,26.94,8016759.0,11944170.0357759,1.4899001
Nigeria,2003,1224.05,28.11,8299998.0,12449167.8301998,1.4999001
Nigeria,2004,1004.04,27.65,8062782.0,12902063.7564,1.6002
Nigeria,2005,910.84,28.18,8250862.0,13694782.3977724,1.6598002
Nigeria,2006,1071.94,28.28,8481805.0,15421617.851,1.8182
Nigeria,2007,999.05,27.89,7831389.0,13351735.8892389,1.7049001
Nigeria,2008,1146.3,28.17,8546445.0,16726247.5095,1.9571
Nigeria,2009,1017.17,27.52,8459455.0,18577810.817391,2.1961002
Nigeria,2010,1000.69,28.39,8446273.0,15627294.3046,1.8502
Nigeria,2011,1194.49,27.88,8435390.0,13725223.912539,1.6271001
Nigeria,2012,1048.96,28.29,8995846.0,13599921.781969199,1.5118002
Nigeria,2013,1192.03,27.83,8412688.0,12295985.6220688,1.4616001
Nigeria,2014,1250.14,28.56,9317992.0,15842450.9301992,1.7002001
Nigeria,2015,1114.72,28.57,8986692.0,15446328.0069384,1.7188002
Nigeria,2016,952.09,28.07,8943748.0,15952963.3076,1.7837
Nigeria,2017,1006.96,28.51,9357020.0,15571016.981999999,1.6641
Nigeria,2018,1271.61,27.45,9500348.0,15880782.6668348,1.6716001
Nigeria,2019,1071.22,28.73,9058645.0,16823715.494,1.8572
Nigeria,2020,930.53,28.6,10036317.0,20580474.6510951,2.0506003
Nigeria,2021,1023.37,28.43,9689580.0,19900459.404,2.0538
Nigeria,2022,1160.7,29.04,10068678.0,22479332.5165356,2.2326002
Nigeria,2023,1135.3,28.39,9336196.0,18103817.6636,1.9391
Nigeria,2024,1025.39,28.51,9983873.0,20265267.4121746,2.0298002
Rwanda,1961,804.9,18.95,495030.0,370430.94899999996,0.7483
Rwanda,1962,796.82,19.22,515668.0,606167.7339999999,1.1755
Rwanda,1963,457.95,19.19,544387.0,1088774.0,2.0
Rwanda,1964,890.84,18.84,539779.0,476408.9454,0.8826
Rwanda,1965,907.26,19.24,530994.0,1008888.6530994,1.9000001
Rwanda,1966,882.76,19.02,577629.0,577629.0,1.0
Rwanda,1967,887.83,18.62,540678.0,540678.0,1.0
Rwanda,1968,683.19,19.15,527260.0,527260.0,1.0
Rwanda,1969,842.05,19.37,599267.0,599267.0,1.0
Rwanda,1970,1021.33,19.54,557840.0,669408.0,1.2
Rwanda,1971,669.69,19.46,576742.0,596812.6216,1.0348
Rwanda,1972,944.42,19.91,572855.0,572855.0,1.0
Rwanda,1973,811.44,19.35,612825.0,607125.7703977501,0.99070007
Rwanda,1974,748.42,18.19,576451.0,586884.7631,1.0181
Rwanda,1975,861.97,19.11,617580.0,663960.319758,1.0751001
Rwanda,1976,841.79,19.03,605957.0,654312.4291957,1.0798001
Rwanda,1977,1086.11,19.26,634284.0,698854.1746284,1.1018001
Rwanda,1978,1051.64,19.41,606668.0,680074.828,1.121
Rwanda,1979,844.13,19.74,659234.0,706632.9905233999,1.0719001
Rwanda,1980,757.6,19.16,682676.0,808766.2572000001,1.1847
Rwanda,1981,726.08,20.12,623607.0,768782.7719606999,1.2328001
Rwanda,1982,490.55,19.23,643214.0,746514.2327214,1.1606001
Rwanda,1983,763.08,19.27,689032.0,889953.7312,1.2916
Rwanda,1984,583.46,19.51,694432.0,832485.1510431999,1.1988001
Rwanda,1985,1025.97,20.04,667304.0,812909.7328,1.2182
Rwanda,1986,731.76,19.43,681751.0,770719.5736750999,1.1305001
Rwanda,1987,860.14,19.61,644260.0,956017.478426,1.4839001
Rwanda,1988,757.45,20.21,655902.0,1180623.6655902,1.8000001
Rwanda,1989,968.84,19.88,696247.0,826793.3125,1.1875
Rwanda,1990,686.02,19.55,680036.0,697172.9071999999,1.0252
Rwanda,1991,620.25,20.51,746098.0,862190.9234098,1.1556001
Rwanda,1992,673.65,19.54,729867.0,894087.0750000001,1.225
Rwanda,1993,875.34,19.97,749448.0,1304039.5949448,1.7400001
Rwanda,1994,899.22,19.13,733142.0,1228012.9233142,1.6750001
Rwanda,1995,1053.61,20.39,777584.0,870894.0800000001,1.12
Rwanda,1996,669.04,19.36,750494.0,832973.3656493999,1.1099001
Rwanda,1997,654.21,20.44,786312.0,857709.1296,1.0908
Rwanda,1998,896.4,19.91,793494.0,653124.93520482,0.82310003
Rwanda,1999,854.33,19.52,797843.0,602850.20271372,0.75560004
Rwanda,2000,845.09,20.15,814174.0,571387.3539087,0.70180005
Rwanda,2001,925.98,20.06,820507.0,629410.95252028,0.76710004
Rwanda,2002,793.55,20.93,834182.0,730993.7199672799,0.87630004
Rwanda,2003,686.96,20.33,808116.0,619986.6356058,0.76720005
Rwanda,2004,829.86,20.08,826353.0,633812.751,0.767
Rwanda,2005,858.05,20.55,829848.0,737651.92039392,0.88890004
Rwanda,2006,845.61,20.24,842751.0,718950.8781,0.8531
Rwanda,2007,754.53,19.37,857498.0,617484.3097999999,0.7201
Rwanda,2008,481.58,20.28,825778.0,950883.4495778,1.1515001
Rwanda,2009,876.17,20.54,862623.0,1682373.7231623,1.9503001
Rwanda,2010,1007.55,20.59,855636.0,2003557.4287271998,2.3416002
Rwanda,2011,581.87,19.98,926317.0,2179531.2693,2.3529
Rwanda,2012,1060.33,19.29,837708.0,1892131.1433708,2.2587001
Rwanda,2013,842.82,20.83,893582.0,2041388.1683581998,2.2845001
Rwanda,2014,633.97,20.42,881605.0,1350266.218,1.5316
Rwanda,2015,667.93,19.73,896417.0,1372683.4417417,1.5313001
Rwanda,2016,703.13,20.37,920393.0,1449434.9884393,1.5748001
Rwanda,2017,807.64,19.75,917811.0,1265936.8040811,1.3793001
Rwanda,2018,881.4,20.21,951800.0,1362501.7951800001,1.4315001
Rwanda,2019,825.74,19.84,975093.0,1424610.9705093,1.4610001
Rwanda,2020,771.59,20.35,972631.0,1481997.8547,1.5237
Rwanda,2021,897.48,20.02,979331.0,1490150.0496,1.5216
Rwanda,2022,640.93,20.39,947064.0,1447682.1251064,1.5286001
Rwanda,2023,762.41,20.99,933096.0,1488381.4296,1.5951
Rwanda,2024,841.52,21.19,954690.0,1750424.115,1.8335
Sao Tome and Principe,1961,837.77,25.45,518346.0,767929.599,1.4815
Sao Tome and Principe,1962,938.47,25.79,521902.0,773197.813,1.4815
Sao Tome and Principe,1963,483.56,24.96,526013.0,779288.2595,1.4815
Sao Tome and Principe,1964,766.3,26.41,510761.0,756692.4215,1.4815
Sao Tome and Principe,1965,851.61,25.68,517699.0,766971.0685,1.4815
Sao Tome and Principe,1966,925.27,26.26,494053.0,715537.0093053,1.4483001
Sao Tome and Principe,1967,533.86,26.04,528997.0,758211.4529997001,1.4333001
Sao Tome and Principe,1968,671.39,26.1,546535.0,801602.9391535,1.4667001
Sao Tome and Principe,1969,859.26,25.79,556148.0,838782.4136,1.5082
Sao Tome and Principe,1970,846.82,26.01,536906.0,814003.1866,1.5161
Sao Tome and Principe,1971,908.58,25.61,573651.0,888241.2084,1.5484
Sao Tome and Principe,1972,920.03,26.27,601064.0,924737.0241064,1.5385001
Sao Tome and Principe,1973,925.04,25.96,611666.0,935482.0415666,1.5294001
Sao Tome and Principe,1974,851.49,26.47,565203.0,855886.9594203,1.5143001
Sao Tome and Principe,1975,936.2,26.62,590096.0,901548.7278096001,1.5278001
Sao Tome and Principe,1976,553.15,26.08,658621.0,997942.5392000001,1.5152
Sao Tome and Principe,1977,922.9,26.68,651525.0,987190.68,1.5152
Sao Tome and Principe,1978,609.49,26.26,634339.0,961150.4528000001,1.5152
Sao Tome and Principe,1979,911.69,26.05,656770.0,985155.0656770001,1.5000001
Sao Tome and Principe,1980,780.37,26.27,669867.0,1004800.5669867,1.5000001
Sao Tome and Principe,1981,686.33,26.48,662261.0,1003457.8672000001,1.5152
Sao Tome and Principe,1982,707.29,26.37,647398.0,980937.4496,1.5152
Sao Tome and Principe,1983,748.37,26.2,664783.0,997174.5664783,1.5000001
Sao Tome and Principe,1984,777.95,26.16,698715.0,1086921.054,1.5556
Sao Tome and Principe,1985,852.18,26.14,708633.0,1074783.6711,1.5167
Sao Tome and Principe,1986,831.44,26.04,649787.0,974680.5649787,1.5000001
Sao Tome and Principe,1987,968.86,27.08,710112.0,1136179.2,1.6
Sao Tome and Principe,1988,957.99,26.62,666847.0,1176784.9009,1.7647
Sao Tome and Principe,1989,763.42,26.59,661774.0,1323548.0,2.0
Sao Tome and Principe,1990,1108.04,26.23,772179.0,1489224.4966179,1.9286001
Sao Tome and Principe,1991,762.03,26.78,730783.0,1547506.2269566,2.1176002
Sao Tome and Principe,1992,877.27,26.47,749930.0,1666494.595986,2.2222002
Sao Tome and Principe,1993,924.4,27.96,750923.0,1647149.6005,2.1935
Sao Tome and Principe,1994,762.1,26.66,739533.0,1673711.0855999999,2.2632
Sao Tome and Principe,1995,735.91,26.79,763387.0,1696398.7440774,2.2222002
Sao Tome and Principe,1996,820.87,26.55,751474.0,1690816.5,2.25
Sao Tome and Principe,1997,602.73,26.38,814673.0,1810366.5035346001,2.2222002
Sao Tome and Principe,1998,736.81,26.94,742890.0,1434817.820289,1.9314001
Sao Tome and Principe,1999,933.2,26.04,744277.0,1562981.7744276999,2.1000001
Sao Tome and Principe,2000,1051.68,26.32,788656.0,1758702.88,2.23
Sao Tome and Principe,2001,840.89,26.45,806662.0,1753602.5218000002,2.1739
Sao Tome and Principe,2002,738.33,27.48,807068.0,1700815.1032000002,2.1074
Sao Tome and Principe,2003,1000.77,26.78,814278.0,1735308.0086556,2.1311002
Sao Tome and Principe,2004,908.49,26.86,842239.0,1807192.2223,2.1457
Sao Tome and Principe,2005,1122.06,26.56,813853.0,1809927.6867,2.2239
Sao Tome and Principe,2006,955.41,26.99,862452.0,2116888.6064904,2.4545002
Sao Tome and Principe,2007,534.91,27.65,827672.0,1910018.8399344003,2.3077002
Sao Tome and Principe,2008,948.58,27.05,851461.0,1833876.8720922,2.1538002
Sao Tome and Principe,2009,913.06,27.32,873909.0,1344509.0838909,1.5385001
Sao Tome and Principe,2010,998.6,26.99,842650.0,1361048.28,1.6152
Sao Tome and Principe,2011,1065.07,27.0,860067.0,1805710.8385134,2.0995002
Sao Tome and Principe,2012,857.83,26.84,903279.0,1895982.8016557998,2.0990002
Sao Tome and Principe,2013,645.33,27.35,873118.0,1830055.5026236002,2.0960002
Sao Tome and Principe,2014,810.9,26.99,880095.0,1817396.175,2.065
Sao Tome and Principe,2015,904.64,27.2,888989.0,1807492.4348,2.0332
Sao Tome and Principe,2016,990.67,27.25,901214.0,1813693.175,2.0125
Sao Tome and Principe,2017,615.21,27.89,932643.0,1867431.3586928998,2.0023003
Sao Tome and Principe,2018,572.3,26.74,926571.0,1855365.9557142,2.0024002
Sao Tome and Principe,2019,862.21,27.39,889198.0,1783464.4286,2.0057
Sao Tome and Principe,2020,808.2,27.52,967624.0,1938634.684,2.0035
Sao Tome and Principe,2021,1053.3,26.62,934623.0,1872797.7543246,2.0038002
Sao Tome and Principe,2022,711.4,27.01,1038068.0,2080599.6924000003,2.0043
Sao Tome and Principe,2023,574.16,26.89,952697.0,1909109.5182999999,2.0039
Sao Tome and Principe,2024,841.3,27.32,973256.0,1950405.2186512002,2.0040002
Senegal,1961,623.62,27.62,471468.0,417579.2311734,0.88570005
Senegal,1962,597.03,28.07,537376.0,468054.52286880004,0.87100005
Senegal,1963,803.24,28.3,547333.0,447827.88796664996,0.81820005
Senegal,1964,800.26,28.23,517938.0,407720.80913814,0.78720003
Senegal,1965,730.11,27.97,521756.0,392099.63399999996,0.7515
Senegal,1966,930.89,28.03,566930.0,440901.5006851,0.77770007
Senegal,1967,677.1,28.07,528548.0,418927.16594191996,0.79260004
Senegal,1968,893.96,28.46,610344.0,424860.4584,0.6961
Senegal,1969,874.64,28.14,535899.0,472341.40539495,0.88140005
Senegal,1970,848.25,28.53,574681.0,439688.4331,0.7651
Senegal,1971,711.25,27.53,595449.0,469452.02137245,0.78840005
Senegal,1972,806.33,28.83,577108.0,360692.5,0.625
Senegal,1973,755.51,27.64,607957.0,523451.01347741997,0.86100006
Senegal,1974,932.78,28.05,618576.0,550780.1013288,0.89040005
Senegal,1975,838.46,27.91,623464.0,540231.556,0.8665
Senegal,1976,628.18,27.72,586552.0,637230.0928,1.0864
Senegal,1977,456.07,28.44,629664.0,662091.7589663999,1.0515001
Senegal,1978,855.47,28.04,640055.0,614388.8585055,0.9599001
Senegal,1979,758.55,28.39,641727.0,438877.13380362,0.68390006
Senegal,1980,1125.23,28.52,688216.0,500608.35969296,0.72740006
Senegal,1981,664.11,28.18,618524.0,752558.1508,1.2167
Senegal,1982,711.25,29.03,666860.0,650722.0146744,0.97580004
Senegal,1983,628.91,27.93,679066.0,583521.4138,0.8593
Senegal,1984,1171.35,28.77,639015.0,760875.1605000001,1.1907
Senegal,1985,1114.71,28.45,659916.0,956416.3907831999,1.4493002
Senegal,1986,950.45,29.02,685132.0,780502.3744,1.1392
Senegal,1987,787.74,27.97,729690.0,838705.7589690001,1.1494001
Senegal,1988,680.87,29.39,661863.0,740029.0203000001,1.1181
Senegal,1989,915.32,28.63,711967.0,1006080.5677,1.4131
Senegal,1990,1008.04,28.45,758764.0,865825.6004,1.1411
Senegal,1991,922.6,28.32,737032.0,834615.0368,1.1324
Senegal,1992,955.91,28.7,700150.0,763653.605,1.0907
Senegal,1993,1146.99,28.35,728780.0,925113.4048779999,1.2694001
Senegal,1994,880.72,27.99,762868.0,773014.2206868,1.0133001
Senegal,1995,745.62,29.22,742282.0,807677.1184281999,1.0881001
Senegal,1996,806.79,29.24,781345.0,815567.9891344999,1.0438001
Senegal,1997,890.22,28.67,830156.0,1071814.4116,1.2911
Senegal,1998,584.06,29.09,765300.0,631755.15,0.8255
Senegal,1999,907.64,28.66,779162.0,731477.31676648,0.93880004
Senegal,2000,714.02,28.83,799280.0,888319.871928,1.1114001
Senegal,2001,809.34,28.91,822720.0,1010217.888,1.2279
Senegal,2002,1022.57,28.85,844781.0,628010.22919124,0.74340004
Senegal,2003,602.94,28.74,784896.0,1792231.5263999999,2.2834
Senegal,2004,596.8,29.6,786252.0,2138133.6887999997,2.7194
Senegal,2005,645.14,29.14,834106.0,2332243.8700106,2.7961001
Senegal,2006,441.95,28.65,860217.0,1197336.1283217,1.3919001
Senegal,2007,579.1,29.24,868406.0,955941.4984812,1.1008002
Senegal,2008,678.78,28.02,866904.0,1590855.5304,1.8351
Senegal,2009,884.77,28.9,879458.0,1433516.6279457998,1.6300001
Senegal,2010,553.93,28.39,844290.0,1298855.736,1.5384
Senegal,2011,574.45,29.22,870808.0,986712.5448,1.1331
Senegal,2012,812.27,28.83,867679.0,1341865.6602679,1.5465001
Senegal,2013,521.83,29.15,840321.0,1212415.3068642,1.4428002
Senegal,2014,794.26,28.88,911091.0,1112624.3292,1.2212
Senegal,2015,823.97,29.33,944129.0,1440080.0581129,1.5253001
Senegal,2016,793.54,28.91,891282.0,1626411.4827282,1.8248001
Senegal,2017,932.83,30.02,904003.0,1601351.0046003,1.7714001
Senegal,2018,537.28,29.04,995178.0,1926465.7714356,1.9358002
Senegal,2019,782.27,29.54,935437.0,1921294.0543,2.0539
Senegal,2020,824.97,29.38,907232.0,2408610.2368,2.6549
Senegal,2021,886.86,29.36,983055.0,2603326.251,2.6482
Senegal,2022,816.5,28.7,1009235.0,2867640.4299235,2.8414001
Senegal,2023,718.19,28.97,971157.0,2985336.7151157,3.0740001
Senegal,2024,795.42,29.78,1003279.0,2823728.7454999997,2.8145
Sierra Leone,1961,992.25,26.62,466790.0,245578.219,0.5261
Sierra Leone,1962,711.25,26.23,507477.0,266983.6497,0.5261
Sierra Leone,1963,983.03,26.89,508803.0,253027.7319,0.4973
Sierra Leone,1964,583.77,26.73,517953.0,258147.7752,0.4984
Sierra Leone,1965,772.66,26.86,539271.0,359532.01344897,0.66670007
Sierra Leone,1966,785.69,26.7,583873.0,556080.7035873,0.9524001
Sierra Leone,1967,877.68,27.19,579627.0,552036.8127627,0.9524001
Sierra Leone,1968,748.52,27.17,514030.0,491669.7207015,0.95650005
Sierra Leone,1969,940.09,27.0,547437.0,530521.1967,0.9691
Sierra Leone,1970,729.24,26.91,544689.0,551007.3924,1.0116
Sierra Leone,1971,1104.77,26.94,623722.0,605883.6131722,0.9714001
Sierra Leone,1972,924.66,27.06,581148.0,564527.2253148,0.9714001
Sierra Leone,1973,610.66,26.49,606232.0,600472.81418696,0.99050003
Sierra Leone,1974,636.94,27.64,591496.0,575348.19468976,0.97270006
Sierra Leone,1975,655.58,27.23,618521.0,607263.9178,0.9818
Sierra Leone,1976,781.43,26.49,651958.0,677058.4481958001,1.0385001
Sierra Leone,1977,965.91,27.39,653194.0,703424.6839194,1.0769001
Sierra Leone,1978,582.57,27.65,615895.0,663257.3870895,1.0769001
Sierra Leone,1979,638.0,26.63,606393.0,559761.3783,0.9231
Sierra Leone,1980,799.1,27.03,658337.0,607710.8847,0.9231
Sierra Leone,1981,727.28,27.65,656106.0,706560.6170106,1.0769001
Sierra Leone,1982,933.86,27.23,612180.0,655889.652,1.0714
Sierra Leone,1983,772.81,27.35,682303.0,731019.4341999999,1.0714
Sierra Leone,1984,769.09,27.17,717951.0,773161.5036951,1.0769001
Sierra Leone,1985,859.2,28.15,649772.0,699739.5317772,1.0769001
Sierra Leone,1986,493.74,26.98,719446.0,411882.8709723,0.57250005
Sierra Leone,1987,885.14,27.29,686929.0,686929.0,1.0
Sierra Leone,1988,746.76,27.1,743919.0,848067.7343919,1.1400001
Sierra Leone,1989,876.91,27.41,735884.0,838907.8335883999,1.1400001
Sierra Leone,1990,606.32,27.33,755252.0,822091.802,1.0885
Sierra Leone,1991,949.03,28.46,751404.0,683101.3764000001,0.9091
Sierra Leone,1992,708.44,27.13,738900.0,604568.0169449999,0.81820005
Sierra Leone,1993,688.85,27.89,769866.0,636525.2472933,0.82680005
Sierra Leone,1994,561.56,27.27,744577.0,666992.11382885,0.89580005
Sierra Leone,1995,946.34,27.76,682673.0,691001.6788673,1.0122001
Sierra Leone,1996,817.19,26.92,764464.0,755978.50311248,0.98890007
Sierra Leone,1997,639.48,27.97,778372.0,731669.72670232,0.94000006
Sierra Leone,1998,1005.84,27.73,760532.0,817571.9,1.075
Sierra Leone,1999,899.91,27.42,758708.0,938673.5376,1.2372
Sierra Leone,2000,915.85,28.07,796906.0,739927.26881436,0.92850006
Sierra Leone,2001,739.05,27.19,825758.0,851274.0047758,1.0309001
Sierra Leone,2002,758.5,28.04,811188.0,638405.00467128,0.78700006
Sierra Leone,2003,778.02,28.43,831132.0,834290.3016,1.0038
Sierra Leone,2004,831.99,27.46,823584.0,801759.1063584,0.9735001
Sierra Leone,2005,622.84,28.58,829048.0,809399.61214288,0.97630006
Sierra Leone,2006,677.92,28.23,873751.0,710796.48218755,0.81350005
Sierra Leone,2007,899.24,27.22,830215.0,697380.62490645,0.84000003
Sierra Leone,2008,792.02,27.97,881325.0,740313.02643975,0.84000003
Sierra Leone,2009,581.62,27.93,863841.0,794733.7200000001,0.92
Sierra Leone,2010,691.23,27.93,865364.0,1254777.8,1.45
Sierra Leone,2011,428.95,27.56,827237.0,1257400.3227237,1.5200001
Sierra Leone,2012,807.31,28.43,823437.0,1811561.4000000001,2.2
Sierra Leone,2013,889.98,28.14,888611.0,1865994.2389,2.0999
Sierra Leone,2014,901.51,27.21,891031.0,537648.14995155,0.60340005
Sierra Leone,2015,1216.68,27.49,857671.0,526695.7611,0.6141
Sierra Leone,2016,982.88,27.54,914503.0,304712.43618012,0.33320004
Sierra Leone,2017,610.3,28.66,899975.0,1919646.7649974998,2.1330001
Sierra Leone,2018,919.2,27.21,897261.0,1923548.4009783,2.1438003
Sierra Leone,2019,703.65,28.26,902026.0,2975874.1570051997,3.2991002
Sierra Leone,2020,543.95,28.1,944629.0,1535116.5879,1.6251
Sierra Leone,2021,799.99,28.09,996086.0,2979094.1084086,2.9908001
Sierra Leone,2022,761.71,28.47,888072.0,1420915.2000000002,1.6
Sierra Leone,2023,917.2,28.22,962139.0,1522488.8498139002,1.5824001
Sierra Leone,2024,828.14,27.91,914065.0,1557292.6319065,1.7037001
Somalia,1961,700.55,26.87,522180.0,454087.728,0.8696
Somalia,1962,940.1,27.04,493683.0,427875.08078415005,0.86670005
Somalia,1963,697.7,26.66,529852.0,458163.0773852,0.8647001
Somalia,1964,776.22,26.69,541790.0,469244.319,0.8661
Somalia,1965,842.63,27.28,519954.0,450332.1594,0.8661
Somalia,1966,1036.48,26.99,520424.0,447928.98884239997,0.8607001
Somalia,1967,1048.04,28.01,543737.0,453096.06928685,0.83330005
Somalia,1968,443.87,27.68,525585.0,428246.658,0.8148
Somalia,1969,831.3,27.75,551249.0,454670.1752,0.8248
Somalia,1970,723.43,27.18,560484.0,512450.5212,0.9143
Somalia,1971,738.29,28.02,567424.0,551082.2171712,0.97120005
Somalia,1972,840.58,27.44,553726.0,542208.53796082,0.97920007
Somalia,1973,1010.2,27.37,612835.0,598065.70714175,0.97590005
Somalia,1974,793.97,27.71,610795.0,596013.7854318,0.97580004
Somalia,1975,514.09,26.98,635120.0,621909.5484584,0.97920007
Somalia,1976,784.28,27.55,587402.0,531128.9471402,0.9042001
Somalia,1977,615.75,27.65,644380.0,476196.82,0.739
Somalia,1978,802.5,27.51,636104.0,460730.12720000005,0.7243
Somalia,1979,1015.43,26.91,633625.0,464827.30000000005,0.7336
Somalia,1980,835.56,27.72,602439.0,607981.4990438999,1.0092001
Somalia,1981,866.0,28.4,647848.0,466968.86431391997,0.72080004
Somalia,1982,606.19,27.49,661227.0,474232.03084908,0.71720004
Somalia,1983,643.42,26.89,696993.0,751497.8526,1.0782
Somalia,1984,774.02,27.26,646714.0,793970.7778,1.2277
Somalia,1985,882.93,27.97,650893.0,777817.135,1.195
Somalia,1986,892.54,27.6,717094.0,983637.8398,1.3717
Somalia,1987,1002.55,27.53,700021.0,772053.1609,1.1029
Somalia,1988,911.11,27.37,696034.0,874497.1872034001,1.2564001
Somalia,1989,923.45,26.9,755808.0,853080.4896,1.1287
Somalia,1990,851.31,27.71,712710.0,612217.89,0.859
Somalia,1991,907.36,27.23,770964.0,770964.0,1.0
Somalia,1992,793.49,27.9,717334.0,684623.61264004,0.95440006
Somalia,1993,906.83,27.07,741628.0,732357.7241628,0.9875001
Somalia,1994,1035.8,27.4,752968.0,312406.4232,0.4149
Somalia,1995,679.76,28.28,747947.0,621095.22619735,0.83040005
Somalia,1996,812.22,27.94,775369.0,480883.88481475995,0.62020004
Somalia,1997,611.35,28.48,780740.0,553935.03,0.7095
Somalia,1998,803.9,27.91,789258.0,452008.0566,0.5727
Somalia,1999,664.53,28.5,749880.0,533764.6139952,0.71180004
Somalia,2000,885.93,27.89,829891.0,1211391.8927,1.4597
Somalia,2001,500.81,27.81,805763.0,1150146.1867763,1.4274001
Somalia,2002,841.12,28.55,810058.0,1156276.8702058,1.4274001
Somalia,2003,727.87,27.18,830507.0,1131648.9212507,1.3626001
Somalia,2004,376.75,28.13,841538.0,920979.1872,1.0944
Somalia,2005,832.61,27.98,809075.0,951876.8184074999,1.1765001
Somalia,2006,1043.91,28.15,837868.0,881939.8568,1.0526
Somalia,2007,1021.05,28.07,842593.0,936205.1665593,1.1111001
Somalia,2008,937.56,28.23,844178.0,993175.5014178,1.1765001
Somalia,2009,724.36,28.38,882947.0,1350820.7035947002,1.5299001
Somalia,2010,824.79,28.08,843086.0,1272891.3271086002,1.5098001
Somalia,2011,831.09,28.5,859621.0,1538807.6380621002,1.7901001
Somalia,2012,828.06,28.69,861445.0,1521484.2451445,1.7662001
Somalia,2013,855.22,27.89,872898.0,1056206.58,1.21
Somalia,2014,805.33,29.18,895226.0,586999.6882,0.6557
Somalia,2015,832.42,28.24,911776.0,557186.3136,0.6111
Somalia,2016,849.59,28.01,980178.0,544096.8078000001,0.5551
Somalia,2017,638.63,28.51,887531.0,683398.90550124,0.77000004
Somalia,2018,948.39,28.69,936398.0,1027041.4200398,1.0968001
Somalia,2019,893.35,28.01,986616.0,562371.1693308,0.57000005
Somalia,2020,973.08,28.86,942741.0,707055.8065644599,0.75000006
Somalia,2021,836.67,28.83,973049.0,476794.01,0.49
Somalia,2022,674.74,29.08,990154.0,643600.13960616,0.65000004
Somalia,2023,993.38,29.2,909382.0,863912.9454691,0.95000005
Somalia,2024,949.27,28.61,929773.0,641543.4257863801,0.69000006
South Africa,1961,393.93,17.04,2475572.0,3181852.9391572,1.2853001
South Africa,1962,290.19,17.71,2434285.0,3378057.2945,1.3877
South Africa,1963,479.53,17.63,2556532.0,3610079.0928531997,1.4121001
South Africa,1964,530.83,17.97,2568716.0,2497562.6952358,0.97230005
South Africa,1965,609.03,17.18,2628535.0,2823309.4435,1.0741
South Africa,1966,489.15,17.57,2644901.0,3218580.2913901,1.2169001
South Africa,1967,169.31,18.37,2581389.0,5513847.4202777995,2.1360002
South Africa,1968,388.67,17.67,2639202.0,2990743.7064,1.1332
South Africa,1969,258.74,17.78,2805504.0,3439267.3536,1.2259
South Africa,1970,236.87,17.74,2684490.0,3754527.982449,1.3986001
South Africa,1971,539.39,17.26,2654445.0,4784106.4889445,1.8023001
South Africa,1972,433.58,17.9,2752845.0,5278029.9937845,1.9173001
South Africa,1973,489.61,17.57,2884919.0,3049647.8748999997,1.0571
South Africa,1974,546.4,18.19,2949410.0,6781873.353999999,2.2994
South Africa,1975,681.03,18.23,2891041.0,5513504.5802041,1.9071001
South Africa,1976,359.89,17.61,3201176.0,4823852.4345176,1.5069001
South Africa,1977,414.51,17.99,2953488.0,6146208.528,2.081
South Africa,1978,291.92,18.63,3054395.0,7064816.245878999,2.3130002
South Africa,1979,512.47,18.25,3249554.0,6031497.5043554,1.8561001
South Africa,1980,473.53,18.18,3438901.0,8320420.969500001,2.4195
South Africa,1981,441.85,17.44,3419640.0,11331661.751928,3.3137002
South Africa,1982,669.81,18.19,3582840.0,6745413.226284,1.8827001
South Africa,1983,223.3,17.75,3392993.0,3189413.62357958,0.94000006
South Africa,1984,349.79,18.1,3396184.0,3366637.3690092,0.99130005
South Africa,1985,260.58,18.06,3426730.0,6427175.130673,1.8756001
South Africa,1986,522.05,18.71,3218148.0,5731200.0950148,1.7809001
South Africa,1987,388.65,17.79,3561780.0,5550678.664356,1.5584002
South Africa,1988,253.55,17.81,3459396.0,5602491.822,1.6195
South Africa,1989,335.75,18.68,3726800.0,10585975.4,2.8405
South Africa,1990,741.54,17.8,3499710.0,7717211.570912999,2.2051003
South Africa,1991,224.67,17.89,3665945.0,8275138.015094501,2.2573001
South Africa,1992,424.29,18.14,3566821.0,2801024.5313,0.7853
South Africa,1993,362.82,19.13,3620313.0,8268795.6160626,2.2840002
South Africa,1994,593.03,18.52,3741137.0,10655133.0379274,2.8481002
South Africa,1995,340.68,17.75,3754971.0,5181860.355497099,1.3800001
South Africa,1996,368.91,18.26,3706074.0,10022336.6594148,2.7043002
South Africa,1997,786.0,18.5,3915335.0,9864686.532499999,2.5195
South Africa,1998,419.3,18.33,3739265.0,8080925.9654265,2.1611001
South Africa,1999,402.79,18.45,4038784.0,8995987.4816,2.2274
South Africa,2000,363.58,19.1,3795782.0,10814942.0744,2.8492
South Africa,2001,450.86,18.77,4055136.0,9882772.7566272,2.4371002
South Africa,2002,383.76,18.46,4003932.0,11417613.2919864,2.8516002
South Africa,2003,365.11,18.47,3784244.0,10059277.400799999,2.6582
South Africa,2004,439.41,18.57,4053198.0,12283217.3496396,3.0305002
South Africa,2005,717.73,18.67,4251019.0,15452880.8673076,3.6351004
South Africa,2006,491.79,18.45,4111676.0,14029861.6695352,3.4122002
South Africa,2007,669.52,19.5,4062450.0,11342767.45749,2.7921002
South Africa,2008,484.05,19.03,4408587.0,20003081.7951,4.5373
South Africa,2009,493.6,18.38,4253586.0,21114800.904000003,4.964
South Africa,2010,541.82,18.24,4205212.0,19653478.803200003,4.6736
South Africa,2011,778.85,18.93,4228776.0,18467488.5153552,4.3671002
South Africa,2012,648.31,18.56,4451786.0,19990747.258892998,4.4905005
South Africa,2013,497.87,17.81,4446163.0,18881075.7958,4.2466
South Africa,2014,717.74,18.82,4721520.0,25028305.368,5.3009
South Africa,2015,450.97,18.8,4325317.0,15082814.6408268,3.4871004
South Africa,2016,625.43,18.7,4589427.0,17035953.4829427,3.7120001
South Africa,2017,382.92,19.23,4635656.0,27163092.215428,5.8596005
South Africa,2018,547.66,18.66,4716957.0,23469219.5535,4.9755
South Africa,2019,217.1,18.18,4730055.0,21540198.410511002,4.5539002
South Africa,2020,281.75,19.05,4820979.0,26263729.3962,5.4478
South Africa,2021,696.64,18.99,4869721.0,28834107.9349326,5.9211006
South Africa,2022,150.69,19.14,4886868.0,28821770.0904,5.8978
South Africa,2023,339.65,18.6,4855725.0,30849394.01229,6.3532004
South Africa,2024,429.42,18.84,5004210.0,24392020.803,4.8743
South Sudan,2012,760.11,28.12,924351.0,426588.00498702,0.46150002
South Sudan,2013,877.86,28.47,892868.0,474202.1948,0.5311
South Sudan,2014,762.29,28.38,891212.0,859128.4125606,0.96400005
South Sudan,2015,705.59,28.15,905470.0,821532.9853281999,0.90730006
South Sudan,2016,958.4,28.41,958372.0,842504.8252,0.8791
South Sudan,2017,985.73,28.1,928645.0,822036.6468645,0.8852001
South Sudan,2018,717.15,27.55,912568.0,775682.7999999999,0.85
South Sudan,2019,884.77,28.89,913866.0,804659.0129999999,0.8805
South Sudan,2020,772.99,27.99,956722.0,846412.01080332,0.88470006
South Sudan,2021,919.6,28.28,934778.0,789607.01399112,0.84470004
South Sudan,2022,1014.36,27.94,981665.0,978523.672,0.9968
South Sudan,2023,809.9,28.5,994673.0,989102.9306673,0.9944001
South Sudan,2024,943.42,28.72,973291.0,939128.5832291,0.9649001
Sudan,2012,97.66,28.1,878448.0,1461210.4032,1.6634
Sudan,2013,589.45,27.98,853395.0,1365175.9815,1.5997
Sudan,2014,808.73,27.87,936214.0,994165.6466000001,1.0619
Sudan,2015,852.86,28.48,912725.0,1133786.9949999999,1.2422
Sudan,2016,931.51,28.65,881219.0,1219871.5498219,1.3843001
Sudan,2017,981.39,28.18,974624.0,1300051.0510624,1.3339001
Sudan,2018,762.0,28.4,967465.0,1451487.9329930001,1.5003002
Sudan,2019,794.46,28.43,938284.0,962960.9630284001,1.0263001
Sudan,2020,657.0,28.3,978701.0,687048.102,0.702
Sudan,2021,1087.31,28.17,982584.0,818787.2963291999,0.83330005
Sudan,2022,755.37,28.15,959263.0,973460.1883263,1.0148001
Sudan,2023,825.26,28.07,980832.0,986618.9088,1.0059
Sudan,2024,694.31,28.39,967977.0,939324.9775977,0.9704001
Tanzania,1961,828.3,21.98,3899396.0,2912068.9328,0.7468
Tanzania,1962,704.13,21.95,4148138.0,3111103.74888828,0.75000006
Tanzania,1963,921.89,22.51,4202903.0,3721250.5683741802,0.88540006
Tanzania,1964,750.52,22.29,4200607.0,3252109.9394,0.7742
Tanzania,1965,703.92,22.21,4147591.0,3278670.8514036397,0.79050004
Tanzania,1966,716.55,22.82,4029585.0,3223668.0,0.8
Tanzania,1967,854.03,22.62,4477157.0,3357868.01862942,0.75000006
Tanzania,1968,726.46,22.34,4588529.0,2493406.8880264503,0.54340005
Tanzania,1969,394.88,21.57,4475943.0,2816263.51463772,0.62920004
Tanzania,1970,1008.61,22.99,4691180.0,2255519.344,0.4808
Tanzania,1971,793.08,22.41,4539612.0,3313916.76,0.73
Tanzania,1972,690.98,24.0,4670143.0,2900159.03650715,0.62100005
Tanzania,1973,872.63,21.77,4485248.0,3978414.9760000003,0.887
Tanzania,1974,932.05,22.52,4900128.0,3389908.5504,0.6918
Tanzania,1975,691.88,23.03,4940559.0,6139632.669299999,1.2427
Tanzania,1976,921.25,22.83,4948325.0,5515403.539832501,1.1146001
Tanzania,1977,905.16,22.56,4719718.0,6041239.511971801,1.2800001
Tanzania,1978,388.19,22.22,4908672.0,5531582.967667201,1.1269001
Tanzania,1979,964.98,22.88,5181113.0,6855131.1284113,1.3231001
Tanzania,1980,808.04,23.02,5232356.0,6450971.712400001,1.2329
Tanzania,1981,869.09,23.12,5306818.0,7228947.4796,1.3622
Tanzania,1982,713.44,22.79,5255646.0,7058332.578,1.343
Tanzania,1983,775.97,22.36,5392317.0,7240264.0359000005,1.3427
Tanzania,1984,797.74,23.29,5299483.0,7278310.4821483,1.3734001
Tanzania,1985,776.51,22.41,5189509.0,6890631.0881018,1.3278002
Tanzania,1986,788.66,23.26,5254576.0,6098461.431057599,1.1606001
Tanzania,1987,846.31,23.7,5538005.0,7577652.7953005,1.3683001
Tanzania,1988,945.85,23.05,5724893.0,7237982.792389301,1.2643001
Tanzania,1989,964.1,22.97,5672258.0,8961033.7556258,1.5798001
Tanzania,1990,626.33,24.04,5920716.0,8873970.3249432,1.4988002
Tanzania,1991,789.01,22.93,5779189.0,7291024.8424,1.2616
Tanzania,1992,545.55,23.21,5803082.0,6771036.657908199,1.1668001
Tanzania,1993,818.05,23.06,6155807.0,7702145.718400001,1.2512
Tanzania,1994,1011.45,23.0,5800280.0,7163925.828000001,1.2351
Tanzania,1995,810.86,23.05,5966806.0,12537452.7672,2.1012
Tanzania,1996,864.96,23.63,5867838.0,10480545.4518,1.7861
Tanzania,1997,693.19,22.83,5806773.0,6798570.4090773,1.1708001
Tanzania,1998,872.54,23.36,6370428.0,8190459.2796,1.2857
Tanzania,1999,910.66,23.49,6073658.0,15356031.343497401,2.5283003
Tanzania,2000,1085.4,23.92,6246480.0,12064452.096648,1.9314001
Tanzania,2001,776.68,22.99,6390744.0,20040734.1096,3.1359
Tanzania,2002,836.2,23.59,6513748.0,16712323.2436,2.5657
Tanzania,2003,536.75,23.67,6563931.0,4955111.77445724,0.75490004
Tanzania,2004,1208.32,23.74,6645694.0,9741923.4991694,1.4659001
Tanzania,2005,770.62,22.95,6431282.0,6476944.102200001,1.0071
Tanzania,2006,615.7,24.1,6293545.0,8381743.8603545,1.3318001
Tanzania,2007,691.63,22.73,6637992.0,9340319.206999201,1.4071001
Tanzania,2008,727.4,24.08,6783494.0,9271001.2498,1.3667
Tanzania,2009,694.95,23.63,7040480.0,7907867.136,1.1232
Tanzania,2010,1022.69,24.57,7049350.0,10937067.229935,1.5515001
Tanzania,2011,939.12,23.75,6933837.0,9154745.684483701,1.3203001
Tanzania,2012,773.93,23.45,6906536.0,8560651.372,1.2395
Tanzania,2013,924.31,23.49,7015027.0,9119535.8015027,1.3000001
Tanzania,2014,765.53,23.96,7387117.0,12004065.8637117,1.6250001
Tanzania,2015,522.37,23.39,7234669.0,11274509.6165338,1.5584002
Tanzania,2016,771.15,23.49,7135153.0,11313498.5968,1.5856
Tanzania,2017,702.96,24.05,7367759.0,12892842.2108759,1.7499001
Tanzania,2018,542.56,24.51,7334002.0,12973117.6046004,1.7689002
Tanzania,2019,949.31,24.19,7436428.0,12258952.3016428,1.6485001
Tanzania,2020,815.62,23.72,7645370.0,12216538.252074,1.5979002
Tanzania,2021,570.85,23.97,7628571.0,12204188.6486571,1.5998001
Tanzania,2022,645.48,24.01,7826815.0,12791364.537181498,1.6343001
Tanzania,2023,740.23,24.27,7457999.0,14225388.038399901,1.9074001
Tanzania,2024,653.37,24.01,7733721.0,13582734.9656721,1.7563001
Togo,1961,802.79,27.21,500607.0,246599.01821214,0.49260002
Togo,1962,995.76,27.36,512590.0,309963.173,0.6047
Togo,1963,690.1,26.69,513379.0,244317.07636757998,0.47590002
Togo,1964,683.09,27.06,526576.0,231693.45579727998,0.44000003
Togo,1965,866.44,27.14,520310.0,221339.8844062,0.42540002
Togo,1966,599.69,27.59,539202.0,286262.37415212,0.53090006
Togo,1967,585.82,26.99,554567.0,274233.3815,0.4945
Togo,1968,1142.99,26.7,537597.0,310677.33317985,0.57790005
Togo,1969,859.07,26.94,574541.0,500540.11919999996,0.8712
Togo,1970,840.98,27.23,567320.0,688329.4127320001,1.2133001
Togo,1971,877.31,27.38,547110.0,663808.617711,1.2133001
Togo,1972,933.96,27.24,576768.0,641077.632,1.1115
Togo,1973,731.53,27.49,568973.0,636054.9735973,1.1179001
Togo,1974,770.6,27.19,641118.0,754852.3973118,1.1774001
Togo,1975,709.98,27.24,611316.0,754180.5492,1.2337
Togo,1976,821.57,27.11,593293.0,491899.2263,0.8291
Togo,1977,868.8,27.54,584484.0,581094.0220242,0.99420005
Togo,1978,845.02,27.41,596948.0,699264.9468948,1.1714001
Togo,1979,940.02,27.4,568582.0,661658.8733999999,1.1637
Togo,1980,869.88,27.57,631986.0,581932.72775958,0.92080003
Togo,1981,738.89,28.35,664519.0,656544.79858076,0.98800004
Togo,1982,908.41,27.22,684881.0,590024.9815,0.8615
Togo,1983,758.87,27.8,665321.0,445166.2811,0.6691
Togo,1984,562.3,27.74,724766.0,673597.5928766,0.9294001
Togo,1985,1040.13,27.8,651182.0,590036.02973546,0.90610003
Togo,1986,895.1,27.74,693725.0,447730.14968625,0.64540005
Togo,1987,983.73,28.19,711410.0,544370.932,0.7652
Togo,1988,1002.47,27.92,715710.0,794366.600571,1.1099001
Togo,1989,969.67,27.66,703587.0,755230.2858,1.0734
Togo,1990,605.78,27.81,699327.0,675060.3531000001,0.9653
Togo,1991,879.66,27.77,726487.0,658197.2220000001,0.906
Togo,1992,932.17,28.47,730244.0,740467.416,1.014
Togo,1993,814.92,27.86,721904.0,837336.5217904,1.1599001
Togo,1994,826.76,28.07,801532.0,745905.7192766,0.93060005
Togo,1995,571.77,27.87,756829.0,647315.8437,0.8553
Togo,1996,500.2,27.73,760411.0,715090.55002466,0.94040006
Togo,1997,709.17,27.8,781639.0,834477.7964000001,1.0676
Togo,1998,1032.49,28.31,826017.0,716404.56888051,0.86730003
Togo,1999,666.49,28.28,790530.0,946975.887,1.1979
Togo,2000,1023.73,27.81,863697.0,1038163.794,1.202
Togo,2001,677.89,28.45,789238.0,1031612.9898,1.3071
Togo,2002,616.72,27.58,771102.0,975598.2504000001,1.2652
Togo,2003,796.65,28.77,758842.0,965854.1734842,1.2728001
Togo,2004,690.08,28.23,837807.0,914885.2440000001,1.092
Togo,2005,947.88,28.74,852878.0,987376.9458878,1.1577001
Togo,2006,702.6,28.51,848070.0,979605.657,1.1551
Togo,2007,856.97,28.12,838892.0,978483.7126892,1.1664001
Togo,2008,1196.61,28.35,842988.0,1005010.3778988,1.1922001
Togo,2009,1009.37,29.01,853164.0,1071488.6676,1.2559
Togo,2010,708.7,28.43,921494.0,1099987.3878,1.1937
Togo,2011,718.51,28.56,894322.0,1113699.1866000001,1.2453
Togo,2012,851.59,28.44,877596.0,1045567.8744,1.1914
Togo,2013,805.91,28.54,850036.0,785773.3634036,0.9244001
Togo,2014,853.41,28.71,916001.0,1095445.6875001001,1.1959001
Togo,2015,760.69,28.64,931301.0,1294042.7395,1.3895
Togo,2016,642.23,28.48,899981.0,1101126.7535,1.2235
Togo,2017,974.89,28.43,944908.0,1162992.9553816,1.2308002
Togo,2018,674.74,28.09,928988.0,1151573.6176988,1.2396001
Togo,2019,785.22,28.61,919123.0,1127855.8333,1.2271
Togo,2020,572.68,28.71,986285.0,1209185.5086285,1.2260001
Togo,2021,704.12,28.3,1021754.0,1256961.7708,1.2302
Togo,2022,841.63,27.77,939520.0,1177970.363904,1.2538002
Togo,2023,429.46,29.59,970892.0,1217207.3004,1.2537
Togo,2024,814.17,28.41,989311.0,1242772.4782,1.2562
Uganda,1961,831.43,22.89,476240.0,523054.43962399993,1.0983001
Uganda,1962,696.93,22.91,468064.0,520393.6020064,1.1118001
Uganda,1963,728.58,23.2,497425.0,623323.2675000001,1.2531
Uganda,1964,641.86,22.63,512864.0,584613.7248864,1.1399001
Uganda,1965,661.45,22.4,486525.0,462539.336961,0.95070004
Uganda,1966,695.47,22.84,520136.0,464065.3652068,0.89220005
Uganda,1967,833.32,23.5,554858.0,464083.2866858,0.8364001
Uganda,1968,814.87,22.84,601709.0,748044.6889708999,1.2432001
Uganda,1969,949.36,23.22,558586.0,711806.1956586001,1.2743001
Uganda,1970,869.39,23.45,552151.0,714096.9987302,1.2933002
Uganda,1971,688.54,23.15,576867.0,867377.2212,1.5036
Uganda,1972,684.9,23.15,594546.0,716309.0802545999,1.2048001
Uganda,1973,646.96,23.34,562152.0,750135.6288000001,1.3344
Uganda,1974,831.78,22.97,544329.0,603225.3978,1.1082
Uganda,1975,907.72,22.95,624565.0,748853.435,1.199
Uganda,1976,720.79,23.43,601090.0,769515.418,1.2802
Uganda,1977,787.93,22.83,607216.0,800553.6351216,1.3184001
Uganda,1978,856.16,22.78,628042.0,829015.4400000001,1.32
Uganda,1979,598.76,23.32,624569.0,1040157.2750569,1.6654001
Uganda,1980,945.14,23.17,652941.0,723785.0985000001,1.1085
Uganda,1981,1013.2,23.35,648528.0,853073.7960528,1.3154001
Uganda,1982,899.59,23.57,659215.0,908991.5635,1.3789
Uganda,1983,921.37,22.92,676211.0,946695.4676211,1.4000001
Uganda,1984,862.01,23.12,626307.0,610085.6487,0.9741
Uganda,1985,832.07,23.38,638401.0,783062.6666,1.2266
Uganda,1986,852.49,23.32,661990.0,662056.199,1.0001
Uganda,1987,321.5,23.71,688667.0,800850.9231667,1.1629001
Uganda,1988,636.97,23.78,683050.0,871161.9700000001,1.2754
Uganda,1989,732.25,23.94,742975.0,1077313.75,1.45
Uganda,1990,1105.92,22.89,699286.0,1049768.2131286,1.5012001
Uganda,1991,715.8,23.92,724764.0,978431.4,1.35
Uganda,1992,591.93,24.08,742963.0,1114444.5742963,1.5000001
Uganda,1993,696.46,24.6,719099.0,1149407.9135099,1.5984001
Uganda,1994,802.91,24.18,750327.0,1132843.7796327001,1.5098001
Uganda,1995,948.75,23.16,778470.0,1244695.760847,1.5989001
Uganda,1996,999.97,23.2,777883.0,1011014.5351000001,1.2997
Uganda,1997,589.27,23.41,795167.0,984019.2420167001,1.2375001
Uganda,1998,887.12,23.64,739391.0,1109086.5739391001,1.5000001
Uganda,1999,1000.77,22.77,791538.0,1370864.7413538,1.7319001
Uganda,2000,438.18,24.98,829804.0,1445850.4896,1.7424
Uganda,2001,792.34,23.78,755459.0,1360279.4753999999,1.8006
Uganda,2002,829.63,23.38,768676.0,1383847.4796676,1.8003001
Uganda,2003,762.85,23.78,849637.0,1555685.4319637,1.8310001
Uganda,2004,984.28,23.77,877043.0,1262941.92,1.44
Uganda,2005,677.63,23.73,811184.0,1286456.7867184,1.5859001
Uganda,2006,904.98,23.78,817709.0,1256082.7949,1.5361
Uganda,2007,469.93,23.51,785866.0,1174869.7485866,1.4950001
Uganda,2008,750.3,24.14,868687.0,1911545.7434999999,2.2005
Uganda,2009,898.92,23.48,843332.0,2107992.8358664,2.4996002
Uganda,2010,954.77,24.7,860920.0,1980029.908,2.2999
Uganda,2011,552.18,24.42,844957.0,2027812.3043000002,2.3999
Uganda,2012,1133.91,23.71,899857.0,2249282.7371714003,2.4996002
Uganda,2013,598.31,23.04,908278.0,2266062.7822,2.4949
Uganda,2014,485.53,23.73,909646.0,2364806.7062,2.5997
Uganda,2015,962.07,24.17,892569.0,2231422.5,2.5
Uganda,2016,890.33,24.35,902558.0,1938423.8166,2.1477
Uganda,2017,787.82,24.55,962811.0,1753182.6461811,1.8209001
Uganda,2018,748.71,23.78,978094.0,1357692.2814,1.3881
Uganda,2019,1110.43,24.26,915739.0,1339359.8613999998,1.4626
Uganda,2020,459.39,24.45,908588.0,1561953.6308000002,1.7191
Uganda,2021,943.81,24.64,966396.0,2125974.5604,2.1999
Uganda,2022,840.4,24.26,984481.0,2165464.6044962,2.1996002
Uganda,2023,773.87,24.26,979499.0,2137560.6677,2.1823
Uganda,2024,1039.49,25.04,994566.0,2162087.0274,2.1739
Zambia,1961,1019.26,21.85,1255828.0,1105128.7027914,0.88000005
Zambia,1962,763.73,21.3,1266124.0,1080383.64718372,0.85330003
Zambia,1963,942.5,22.11,1313147.0,972122.7241,0.7403
Zambia,1964,962.35,21.06,1316695.0,1099967.0556678,0.83540004
Zambia,1965,894.88,21.93,1306144.0,1142876.07836864,0.87500006
Zambia,1966,671.58,21.21,1341473.0,1259643.24090311,0.93900007
Zambia,1967,667.06,21.38,1267712.0,1176056.47310848,0.92770004
Zambia,1968,750.27,21.3,1394616.0,1148466.33178464,0.82350004
Zambia,1969,658.76,22.04,1360601.0,1094739.5646,0.8046
Zambia,1970,586.08,22.06,1409396.0,892570.4868,0.6333
Zambia,1971,726.27,21.39,1403698.0,1293086.65374792,0.92120004
Zambia,1972,769.54,21.35,1361582.0,1556696.7005999999,1.1433
Zambia,1973,735.02,21.39,1477183.0,1316908.73313098,0.89150006
Zambia,1974,772.72,21.26,1639849.0,1684452.8927999998,1.0272
Zambia,1975,776.98,22.21,1346057.0,1957301.4837,1.4541
Zambia,1976,805.89,21.9,1501674.0,2241548.7797999997,1.4927
Zambia,1977,944.76,21.58,1505892.0,2548722.3605891997,1.6925001
Zambia,1978,923.66,21.59,1524538.0,2599184.9886538,1.7049001
Zambia,1979,755.98,20.75,1628310.0,2748587.442831,1.6880001
Zambia,1980,903.43,21.76,1485067.0,2506050.7110067,1.6875001
Zambia,1981,650.91,21.85,1584256.0,3231723.8143999996,2.0399
Zambia,1982,858.36,20.84,1620145.0,2674373.3515,1.6507
Zambia,1983,806.25,21.57,1514618.0,2591208.7773236,1.7108002
Zambia,1984,772.12,21.46,1545363.0,2659724.4138363,1.7211001
Zambia,1985,574.58,21.92,1683246.0,3246813.3777246,1.9289001
Zambia,1986,890.32,22.1,1624130.0,3396218.567826,2.0911002
Zambia,1987,622.94,21.72,1623874.0,2833173.1301874,1.7447001
Zambia,1988,722.54,23.07,1713753.0,4605539.8122,2.6874
Zambia,1989,1037.12,22.43,1712708.0,3096233.8649416,1.8078002
Zambia,1990,967.85,22.1,1710491.0,2448739.0866491003,1.4316001
Zambia,1991,953.19,22.66,1824010.0,3126353.322401,1.7140001
Zambia,1992,596.84,21.86,1665520.0,1217661.672,0.7311
Zambia,1993,808.22,22.02,1747069.0,4407506.0226138,2.5228002
Zambia,1994,880.14,22.2,1791849.0,2692253.1225,1.5025
Zambia,1995,964.43,22.5,1814104.0,2573306.7054104,1.4185001
Zambia,1996,873.93,22.36,1720062.0,3588737.3567999997,2.0864
Zambia,1997,574.55,22.85,1804348.0,2669352.4312,1.4794
Zambia,1998,707.9,22.02,1825635.0,2282591.4405,1.2503
Zambia,1999,687.41,23.27,1856515.0,2554379.1741514998,1.3759001
Zambia,2000,1019.06,22.14,1900611.0,3367882.8820611,1.7720001
Zambia,2001,494.28,22.54,1913235.0,2636437.8299999996,1.378
Zambia,2002,835.26,22.46,1902988.0,3179702.8394988,1.6709001
Zambia,2003,792.7,22.12,1967723.0,3395502.8088,1.7256
Zambia,2004,711.26,23.06,1979613.0,3808577.6486613,1.9239001
Zambia,2005,674.39,23.24,2011899.0,3740925.4029798,1.8594002
Zambia,2006,720.18,23.1,2060491.0,4741807.9383,2.3013
Zambia,2007,735.54,22.03,1957026.0,4568090.2849026,2.3342001
Zambia,2008,389.1,22.33,2056156.0,4614425.2952000005,2.2442
Zambia,2009,918.58,21.8,2053254.0,4248593.1768,2.0692
Zambia,2010,897.25,23.29,2186083.0,5655615.9851249,2.5871003
Zambia,2011,658.26,23.37,2153218.0,5902831.8252,2.7414
Zambia,2012,811.23,22.72,2143160.0,5689018.22,2.6545
Zambia,2013,687.28,22.85,1986485.0,5042096.4256485,2.5382001
Zambia,2014,745.46,22.24,2140173.0,5950108.974599999,2.7802
Zambia,2015,972.42,23.35,2167228.0,6568868.2847228,3.0310001
Zambia,2016,778.48,21.87,2174271.0,5395671.565881301,2.4816003
Zambia,2017,769.34,23.25,2110779.0,5308820.6850558,2.5151002
Zambia,2018,870.89,23.17,2366824.0,5219320.2848000005,2.2052
Zambia,2019,624.97,22.73,2177926.0,5186512.9764,2.3814
Zambia,2020,728.67,23.31,2363924.0,6004839.7448,2.5402
Zambia,2021,808.59,23.19,2235194.0,5738637.0756,2.5674
Zambia,2022,1024.51,22.99,2185424.0,5302057.8220272,2.4261003
Zambia,2023,885.05,23.66,2323794.0,5343796.9147794,2.2996001
Zambia,2024,648.08,23.64,2405153.0,5310578.305030599,2.2080002
Zimbabwe,1961,650.71,21.07,518300.0,618280.12183,1.1929001
Zimbabwe,1962,671.41,21.58,530495.0,592828.2155495,1.1175001
Zimbabwe,1963,880.41,21.21,528247.0,507117.14112988004,0.96000004
Zimbabwe,1964,448.6,20.85,553295.0,528230.76416475,0.95470005
Zimbabwe,1965,563.48,21.52,534974.0,586331.5574974,1.0960001
Zimbabwe,1966,713.95,22.63,519645.0,590836.4169645,1.1370001
Zimbabwe,1967,597.23,22.04,553464.0,982011.2305464001,1.7743001
Zimbabwe,1968,992.42,21.66,521287.0,689975.4732,1.3236
Zimbabwe,1969,819.38,21.66,588026.0,1037219.1790051999,1.7639002
Zimbabwe,1970,788.88,20.97,557731.0,670504.2082,1.2022
Zimbabwe,1971,746.98,21.72,580706.0,1103980.1766000001,1.9011
Zimbabwe,1972,1063.93,20.77,558158.0,1289903.138,2.311
Zimbabwe,1973,820.9,20.86,559132.0,675878.8175132,1.2088001
Zimbabwe,1974,882.19,21.56,590469.0,1199301.5858999998,2.0311
Zimbabwe,1975,816.72,21.19,619674.0,1089077.055,1.7575
Zimbabwe,1976,759.97,22.03,615078.0,1111138.4685078,1.8065001
Zimbabwe,1977,838.14,21.13,639285.0,1193225.5164285002,1.8665001
Zimbabwe,1978,484.98,21.38,615732.0,1030242.7824,1.6732
Zimbabwe,1979,962.85,21.2,605224.0,864501.9615999999,1.4284
Zimbabwe,1980,766.28,21.27,639563.0,856758.6587563,1.3396001
Zimbabwe,1981,653.33,21.08,706554.0,1468290.0087108002,2.0781002
Zimbabwe,1982,655.4,21.54,700838.0,894759.8746,1.2767
Zimbabwe,1983,795.02,21.89,713849.0,486916.40290000004,0.6821
Zimbabwe,1984,1234.39,21.22,659650.0,549224.59,0.8326
Zimbabwe,1985,945.69,21.53,682924.0,1477642.6587999999,2.1637
Zimbabwe,1986,713.7,21.13,666250.0,1290726.191625,1.9373001
Zimbabwe,1987,994.89,21.04,691063.0,633912.12445315,0.91730005
Zimbabwe,1988,632.69,21.17,719471.0,1299796.3805471,1.8066001
Zimbabwe,1989,690.19,22.34,698530.0,1193019.3869999999,1.7079
Zimbabwe,1990,745.45,22.07,723146.0,1244245.0076,1.7206
Zimbabwe,1991,687.39,21.93,708768.0,1020625.9199999999,1.44
Zimbabwe,1992,982.89,22.05,713592.0,293143.5936,0.4108
Zimbabwe,1993,1104.15,21.55,780587.0,1289998.0762,1.6526
Zimbabwe,1994,772.36,22.41,792402.0,961421.4258402,1.2133001
Zimbabwe,1995,649.59,21.53,769496.0,457773.2473496,0.5949001
Zimbabwe,1996,1239.98,22.5,726715.0,1028301.7976715,1.4150001
Zimbabwe,1997,667.72,21.57,744953.0,822651.6723952999,1.1043001
Zimbabwe,1998,770.83,22.08,778925.0,788661.5625,1.0125
Zimbabwe,1999,954.2,21.57,848868.0,922719.516,1.087
Zimbabwe,2000,766.77,21.95,803478.0,947702.3813478,1.1795001
Zimbabwe,2001,740.27,22.06,830857.0,1022701.8813000001,1.2309
Zimbabwe,2002,955.18,22.18,806769.0,367402.61873538,0.45540002
Zimbabwe,2003,934.28,21.84,814049.0,637318.99466196,0.78290004
Zimbabwe,2004,908.29,21.93,829498.0,1075444.2399498,1.2965001
Zimbabwe,2005,740.27,22.12,873236.0,540969.73692944,0.61950004
Zimbabwe,2006,789.53,21.82,807380.0,788971.7602214,0.97720003
Zimbabwe,2007,802.28,21.86,841601.0,728069.0251,0.8651
Zimbabwe,2008,821.47,22.0,831743.0,238460.75136972,0.28670004
Zimbabwe,2009,706.61,22.31,822010.0,381577.0584402,0.46420002
Zimbabwe,2010,946.5,22.74,861927.0,754272.3177,0.8751
Zimbabwe,2011,847.8,21.29,924528.0,607230.01813584,0.65680003
Zimbabwe,2012,747.51,21.8,869716.0,688119.33398864,0.79120004
Zimbabwe,2013,778.27,21.93,910441.0,678187.54642205,0.74490005
Zimbabwe,2014,981.91,22.76,882985.0,821264.3485000001,0.9301
Zimbabwe,2015,903.12,22.81,891259.0,517197.62443777,0.58030003
Zimbabwe,2016,777.1,22.31,898486.0,395783.10096972,0.44050002
Zimbabwe,2017,890.94,22.26,905793.0,1262041.3869,1.3933
Zimbabwe,2018,744.94,22.42,951401.0,1284962.1906,1.3506
Zimbabwe,2019,958.73,21.79,960232.0,749653.1224,0.7807
Zimbabwe,2020,942.73,21.99,937754.0,1106643.5891754,1.1801001
Zimbabwe,2021,577.42,22.6,878571.0,1348079.4302571001,1.5344001
Zimbabwe,2022,723.97,22.84,933944.0,712412.52055776,0.76280004
Zimbabwe,2023,655.08,22.65,973564.0,910282.39841384,0.93500006
Zimbabwe,2024,905.29,22.04,967574.0,706232.32065444,0.72990006
